src,key1,key2,sortorder,firstbook,firstchapter,firstverse
"Hebrew","<B/","NA","pb","Exodus","19","9"
"Hebrew","<B=/","NA","pb","Reges_I","7","6"
"Hebrew","<B==/","NA","pb","Jeremia","4","29"
"Hebrew","<BC[","qal","pbu","Joel","1","17"
"Hebrew","<BD/","NA","pbd","Genesis","9","25"
"Hebrew","<BD=/","NA","pbd","Ecclesiastes","9","1"
"Hebrew","<BD==/","NA","pbd","Judices","9","26"
"Hebrew","<BD>/","NA","pbda","Reges_I","4","6"
"Hebrew","<BD>L/","NA","pbdal","Jeremia","36","26"
"Hebrew","<BDH/","NA","pbde","Genesis","29","27"
"Hebrew","<BDH=/","NA","pbde","Genesis","26","14"
"Hebrew","<BDJ/","NA","pbdj","Esra","10","26"
"Hebrew","<BDJ>L/","NA","pbdjal","Chronica_I","5","15"
"Hebrew","<BDJH/","NA","pbdje","Obadia","1","1"
"Hebrew","<BDJHW/","NA","pbdjef","Reges_I","18","3"
"Hebrew","<BDT/","NA","pbdv","Esra","9","8"
"Hebrew","<BDWN/","NA","pbdfn","Judices","12","13"
"Hebrew","<BDWN=/","NA","pbdfn","Josua","21","30"
"Hebrew","<BD[","qal","pbd","Genesis","2","5"
"Hebrew","<BD_>DWM/","NA","pbd adfm","Samuel_II","6","10"
"Hebrew","<BD_MLK/","NA","pbd mlk","Jeremia","38","7"
"Hebrew","<BD_NGW/","NA","pbd ncf","Daniel","1","7"
"Hebrew","<BH[","qal","pbe","Deuteronomium","32","15"
"Hebrew","<BJ/","NA","pbj","Reges_I","7","26"
"Hebrew","<BR/","NA","pbt","Genesis","50","10"
"Hebrew","<BR=/","NA","pbt","Genesis","10","21"
"Hebrew","<BR=[","hit","pbt","Deuteronomium","3","26"
"Hebrew","<BRH/","NA","pbte","Samuel_II","19","19"
"Hebrew","<BRH=/","NA","pbte","Genesis","49","7"
"Hebrew","<BRJ/","NA","pbtj","Genesis","14","13"
"Hebrew","<BRJ=/","NA","pbtj","Chronica_I","24","27"
"Hebrew","<BRJM/","NA","pbtjm","Numeri","27","12"
"Hebrew","<BRN/","NA","pbtn","Josua","19","28"
"Hebrew","<BRNH/","NA","pbtne","Numeri","33","34"
"Hebrew","<BR[","qal","pbt","Genesis","12","6"
"Hebrew","<BT/","NA","pbv","Exodus","28","14"
"Hebrew","<BT[","piel","pbv","Micha","7","3"
"Hebrew","<BV=[","piel","pbi","Joel","2","7"
"Hebrew","<BVJV/","NA","pbiji","Habakuk","2","6"
"Hebrew","<BV[","qal","pbi","Deuteronomium","15","6"
"Hebrew","<BWR/","NA","pbft","Genesis","3","17"
"Hebrew","<BWR=/","NA","pbft","Josua","5","11"
"Hebrew","<BWT/","NA","pbfv","Leviticus","23","40"
"Hebrew","<BWT=/","NA","pbfv","Ezechiel","19","11"
"Hebrew","<BWV/","NA","pbfi","Deuteronomium","24","10"
"Hebrew","<C/","NA","pu","Jesaia","50","9"
"Hebrew","<C=/","NA","pu","Hosea","5","12"
"Hebrew","<C==/","NA","pu","Iob","9","9"
"Hebrew","<CC[","qal","puu","Psalmi","6","8"
"Hebrew","<CJR/","NA","pujt","Exodus","30","15"
"Hebrew","<CN/","NA","pun","Genesis","15","17"
"Hebrew","<CN=/","NA","pun","Exodus","20","18"
"Hebrew","<CN==/","NA","pun","Josua","15","42"
"Hebrew","<CN[","qal","pun","Exodus","19","18"
"Hebrew","<CQ/","NA","pus","Leviticus","5","23"
"Hebrew","<CQ=/","NA","pus","Chronica_I","8","39"
"Hebrew","<CQH/","NA","puse","Jesaia","38","14"
"Hebrew","<CQ[","qal","pus","Leviticus","5","21"
"Hebrew","<CR/","NA","put","Genesis","31","16"
"Hebrew","<CR[","qal","put","Hosea","12","9"
"Hebrew","<CT/","NA","puv","Canticum","5","14"
"Hebrew","<CT=[","qal","puv","Jeremia","5","28"
"Hebrew","<CTJ/","NA","puvj","Exodus","26","7"
"Hebrew","<CTNT/","NA","puvnv","Psalmi","146","4"
"Hebrew","<CTRT/","NA","puvtv","Judices","2","13"
"Hebrew","<CTRT=/","NA","puvtv","Deuteronomium","7","13"
"Hebrew","<CTRT==/","NA","puvtv","Reges_I","11","5"
"Hebrew","<CTRWT/","NA","puvtfv","Deuteronomium","1","4"
"Hebrew","<CTRTJ/","NA","puvtvj","Chronica_I","11","44"
"Hebrew","<CTRT_QRNJM/","NA","puvtv stnjm","Genesis","14","5"
"Hebrew","<CTWT/","NA","puvfv","Iob","12","5"
"Hebrew","<CT[","hit","puv","Jona","1","6"
"Hebrew","<CWQ/","NA","pufs","Jeremia","22","3"
"Hebrew","<CWQJM/","NA","pufsjm","Amos","3","9"
"Hebrew","<CWT/","NA","pufv","Ezechiel","27","19"
"Hebrew","<CWT=/","NA","pufv","Chronica_I","7","33"
"Hebrew","<D","NA","pd","Genesis","3","19"
"Hebrew","<D/","NA","pd","Exodus","15","18"
"Hebrew","<D<DH/","NA","pdpde","Josua","15","22"
"Hebrew","<D=/","NA","pd","Genesis","31","44"
"Hebrew","<D==/","NA","pd","Genesis","49","27"
"Hebrew","<DW>/","NA","pdfa","Reges_I","4","14"
"Hebrew","<DCH/","NA","pdue","Genesis","25","34"
"Hebrew","<DH/","NA","pde","Exodus","12","3"
"Hebrew","<DH=/","NA","pde","Genesis","21","30"
"Hebrew","<DH==/","NA","pde","Jesaia","64","5"
"Hebrew","<DH===/","NA","pde","Genesis","4","19"
"Hebrew","<DH=[","qal","pde","Iob","28","8"
"Hebrew","<DH[","qal","pde","Jesaia","61","10"
"Hebrew","<DJ/","NA","pdj","Exodus","33","4"
"Hebrew","<DJ>L/","NA","pdjal","Chronica_I","4","36"
"Hebrew","<DJH/","NA","pdje","Reges_II","22","1"
"Hebrew","<DJHW/","NA","pdjef","Chronica_II","23","1"
"Hebrew","<DJN/","NA","pdjn","Jesaia","47","8"
"Hebrew","<DJN=/","NA","pdjn","Esra","2","15"
"Hebrew","<DJN>/","NA","pdjna","Chronica_I","11","42"
"Hebrew","<DJNW/","NA","pdjnf","Samuel_II","23","8"
"Hebrew","<DJTJM/","NA","pdjvjm","Josua","15","36"
"Hebrew","<DLJ/","NA","pdlj","Chronica_I","27","29"
"Hebrew","<DLM/","NA","pdlm","Josua","12","15"
"Hebrew","<DLMJ/","NA","pdlmj","Genesis","38","1"
"Hebrew","<DN","NA","pdn","Ecclesiastes","4","3"
"Hebrew","<DN/","NA","pdn","Samuel_II","1","24"
"Hebrew","<DN=/","NA","pdn","Genesis","2","8"
"Hebrew","<DN==/","NA","pdn","Chronica_II","29","12"
"Hebrew","<DN===/","NA","pdn","Reges_II","19","12"
"Hebrew","<DN>/","NA","pdna","Esra","10","30"
"Hebrew","<DNH","NA","pdne","Ecclesiastes","4","2"
"Hebrew","<DNH/","NA","pdne","Genesis","18","12"
"Hebrew","<DNH=/","NA","pdne","Chronica_II","17","14"
"Hebrew","<DNX/","NA","pdnh","Chronica_I","12","21"
"Hebrew","<DN[","hit","pdn","Nehemia","9","25"
"Hebrew","<DP[","qal","pdq","Exodus","16","23"
"Hebrew","<DR/","NA","pdt","Genesis","29","2"
"Hebrew","<DR=/","NA","pdt","Josua","15","21"
"Hebrew","<DR==/","NA","pdt","Chronica_I","23","23"
"Hebrew","<DR===/","NA","pdt","Chronica_I","8","15"
"Hebrew","<DR==[","qal","pdt","Chronica_I","12","34"
"Hebrew","<DR=[","nif","pdt","Jesaia","5","6"
"Hebrew","<DRJ>L/","NA","pdtjal","Samuel_I","18","19"
"Hebrew","<DR[","nif","pdt","Samuel_I","30","19"
"Hebrew","<DW/","NA","pdf","Sacharia","1","1"
"Hebrew","<DWT/","NA","pdfv","Exodus","16","34"
"Hebrew","<FB/","NA","pub","Genesis","1","11"
"Hebrew","<FH>L/","NA","pueal","Samuel_II","2","18"
"Hebrew","<FH[","qal","pue","Genesis","1","7"
"Hebrew","<FJ>L/","NA","pujal","Chronica_I","4","35"
"Hebrew","<FJH/","NA","puje","Reges_II","22","12"
"Hebrew","<FJRJ/","NA","pujtj","Genesis","8","5"
"Hebrew","<FQ/","NA","pus","Genesis","26","20"
"Hebrew","<FQ[","hit","pus","Genesis","26","20"
"Hebrew","<FR/","NA","put","Genesis","7","11"
"Hebrew","<FR=/","NA","put","Genesis","5","14"
"Hebrew","<FRH/","NA","pute","Genesis","5","8"
"Hebrew","<FRH=/","NA","pute","Genesis","18","32"
"Hebrew","<FRJM/","NA","putjm","Genesis","6","3"
"Hebrew","<FRWN/","NA","putfn","Exodus","29","40"
"Hebrew","<FR[","qal","put","Samuel_I","8","15"
"Hebrew","<FW/","NA","puf","Genesis","25","25"
"Hebrew","<FWR/","NA","puft","Genesis","24","55"
"Hebrew","<GBH/","NA","pcbe","Ezechiel","23","11"
"Hebrew","<GBJM/","NA","pcbjm","Ezechiel","33","31"
"Hebrew","<GB[","qal","pcb","Jeremia","4","30"
"Hebrew","<GH/","NA","pce","Genesis","18","6"
"Hebrew","<GJL/","NA","pcjl","Numeri","31","50"
"Hebrew","<GL/","NA","pcl","Exodus","32","4"
"Hebrew","<GL=/","NA","pcl","Reges_I","7","23"
"Hebrew","<GLH/","NA","pcle","Genesis","15","9"
"Hebrew","<GLH=/","NA","pcle","Genesis","45","19"
"Hebrew","<GLH==/","NA","pcle","Samuel_II","3","5"
"Hebrew","<GLT_CLCJH/","NA","pclv uluje","Jesaia","15","5"
"Hebrew","<GLWN/","NA","pclfn","Josua","10","3"
"Hebrew","<GLWN=/","NA","pclfn","Judices","3","12"
"Hebrew","<GM[","qal","pcm","Iob","30","25"
"Hebrew","<GN[","nif","pcn","Ruth","1","13"
"Hebrew","<GWR/","NA","pcft","Jesaia","38","14"
"Hebrew","<J/","NA","pj","Jeremia","26","18"
"Hebrew","<J=/","NA","pj","Genesis","12","8"
"Hebrew","<JBL/","NA","pjbl","Deuteronomium","11","29"
"Hebrew","<JBL=/","NA","pjbl","Genesis","36","23"
"Hebrew","<JC/","NA","pju","Iob","38","32"
"Hebrew","<JH/","NA","pje","Nehemia","11","31"
"Hebrew","<JJM/","NA","pjjm","Numeri","33","45"
"Hebrew","<JJ_H<BRJM/","NA","pjj epbtjm","Numeri","21","11"
"Hebrew","<JLJ/","NA","pjlj","Chronica_I","11","29"
"Hebrew","<JLM/","NA","pjlm","Genesis","10","22"
"Hebrew","<JLWM/","NA","pjlfm","Chronica_II","33","7"
"Hebrew","<JN/","NA","pjn","Genesis","3","5"
"Hebrew","<JN=/","NA","pjn","Numeri","34","11"
"Hebrew","<JNJM/","NA","pjnjm","Genesis","38","14"
"Hebrew","<JNM/","NA","pjnm","Josua","15","34"
"Hebrew","<JNN/","NA","pjnn","Numeri","1","15"
"Hebrew","<JN[","qal","pjn","Samuel_I","18","9"
"Hebrew","<JN_<GLJM/","NA","pjn pcljm","Ezechiel","47","10"
"Hebrew","<JN_CMC/","NA","pjn umu","Josua","15","7"
"Hebrew","<JN_DWR/","NA","pjn dft","Josua","17","11"
"Hebrew","<JN_GDJ/","NA","pjn cdj","Josua","15","62"
"Hebrew","<JN_GNJM/","NA","pjn cnjm","Josua","15","34"
"Hebrew","<JN_HTNJN/","NA","pjn evnjn","Nehemia","2","13"
"Hebrew","<JN_MCPV/","NA","pjn muqi","Genesis","14","7"
"Hebrew","<JN_RGL/","NA","pjn tcl","Josua","15","7"
"Hebrew","<JN_RMWN/","NA","pjn tmfn","Josua","15","32"
"Hebrew","<JN_TPWX/","NA","pjn vqfh","Josua","17","7"
"Hebrew","<JN_XDH/","NA","pjn hde","Josua","19","21"
"Hebrew","<JN_XRD/","NA","pjn htd","Judices","7","1"
"Hebrew","<JN_XYWR/","NA","pjn hrft","Josua","19","37"
"Hebrew","<JP/","NA","pjq","Genesis","25","29"
"Hebrew","<JPH/","NA","pjqe","Amos","4","13"
"Hebrew","<JPH=/","NA","pjqe","Genesis","25","4"
"Hebrew","<JPH==/","NA","pjqe","Jesaia","60","6"
"Hebrew","<JPJ/","NA","pjqj","Jeremia","40","8"
"Hebrew","<JP[","qal","pjq","Judices","4","21"
"Hebrew","<JR/","NA","pjt","Genesis","4","17"
"Hebrew","<JR=/","NA","pjt","Genesis","32","16"
"Hebrew","<JR==/","NA","pjt","Genesis","49","11"
"Hebrew","<JR===/","NA","pjt","Jeremia","15","8"
"Hebrew","<JR====/","NA","pjt","Chronica_I","7","12"
"Hebrew","<JR>/","NA","pjta","Samuel_II","20","26"
"Hebrew","<JRD/","NA","pjtd","Genesis","4","18"
"Hebrew","<JRJ/","NA","pjtj","Chronica_I","7","7"
"Hebrew","<JRM/","NA","pjtm","Genesis","3","7"
"Hebrew","<JRM=/","NA","pjtm","Genesis","36","43"
"Hebrew","<JRW/","NA","pjtf","Chronica_I","4","15"
"Hebrew","<JR_CMC/","NA","pjt umu","Josua","19","41"
"Hebrew","<JR_HMLX/","NA","pjt emlh","Josua","15","62"
"Hebrew","<JR_NXC/","NA","pjt nhu","Chronica_I","4","12"
"Hebrew","<JT/","NA","pjv","Jesaia","10","28"
"Hebrew","<JV/","NA","pji","Genesis","15","11"
"Hebrew","<JVM/","NA","pjim","Judices","15","8"
"Hebrew","<JV[","qal","pji","Samuel_I","14","32"
"Hebrew","<JWN/","NA","pjfn","Reges_I","15","20"
"Hebrew","<KBJC/","NA","pkbju","Jesaia","59","5"
"Hebrew","<KBR/","NA","pkbt","Leviticus","11","29"
"Hebrew","<KBWR/","NA","pkbft","Genesis","36","38"
"Hebrew","<KCWB/","NA","pkufb","Psalmi","140","4"
"Hebrew","<KN/","NA","pkn","Josua","7","1"
"Hebrew","<KR/","NA","pkt","Chronica_I","2","7"
"Hebrew","<KRN/","NA","pktn","Numeri","1","13"
"Hebrew","<KR[","qal","pkt","Genesis","34","30"
"Hebrew","<KS/","NA","pko","Jesaia","3","18"
"Hebrew","<KSH/","NA","pkoe","Josua","15","16"
"Hebrew","<KS[","piel","pko","Jesaia","3","16"
"Hebrew","<KW/","NA","pkf","Judices","1","31"
"Hebrew","<KWR/","NA","pkft","Josua","7","24"
"Hebrew","<L","NA","pl","Genesis","1","2"
"Hebrew","<L/","NA","pl","Genesis","27","40"
"Hebrew","<L<[","piel","plp","Iob","39","30"
"Hebrew","<L=/","NA","pl","Genesis","27","39"
"Hebrew","<L>/","NA","pla","Chronica_I","7","39"
"Hebrew","<LG/","NA","plc","Jesaia","32","4"
"Hebrew","<LH/","NA","ple","Genesis","8","20"
"Hebrew","<LH=/","NA","ple","Genesis","3","7"
"Hebrew","<LH[","qal","ple","Genesis","2","6"
"Hebrew","<LJ/","NA","plj","Josua","15","19"
"Hebrew","<LJ=/","NA","plj","Proverbia","27","22"
"Hebrew","<LJ==/","NA","plj","Samuel_I","1","3"
"Hebrew","<LJH/","NA","plje","Judices","3","20"
"Hebrew","<LJL/","NA","pljl","Psalmi","12","7"
"Hebrew","<LJLH/","NA","pljle","Deuteronomium","22","14"
"Hebrew","<LJLJH/","NA","pljlje","Jeremia","32","19"
"Hebrew","<LJN/","NA","pljn","Chronica_I","1","40"
"Hebrew","<LJWN/","NA","pljfn","Genesis","14","18"
"Hebrew","<LJYT/","NA","pljrv","Habakuk","3","14"
"Hebrew","<LJZ/","NA","pljg","Jesaia","13","3"
"Hebrew","<LL=[","piel","pll","Iob","16","15"
"Hebrew","<LLWT/","NA","pllfv","Judices","8","2"
"Hebrew","<LL[","piel","pll","Leviticus","19","10"
"Hebrew","<LM/","NA","plm","Samuel_I","17","56"
"Hebrew","<LMH/","NA","plme","Genesis","24","43"
"Hebrew","<LMT/","NA","plmv","Chronica_I","6","45"
"Hebrew","<LMT=/","NA","plmv","Chronica_I","7","8"
"Hebrew","<LMWN/","NA","plmfn","Josua","21","18"
"Hebrew","<LMWN_DBLTJMH/","NA","plmfn dblvjme","Numeri","33","46"
"Hebrew","<LMWT/","NA","plmfv","Psalmi","9","1"
"Hebrew","<LM[","qal","plm","Psalmi","90","8"
"Hebrew","<LPH/","NA","plqe","Ezechiel","31","15"
"Hebrew","<LP[","pual","plq","Jesaia","51","20"
"Hebrew","<LS[","qal","plo","Iob","20","18"
"Hebrew","<LVH/","NA","plie","Genesis","15","17"
"Hebrew","<LWH/","NA","plfe","Hosea","10","9"
"Hebrew","<LWH=/","NA","plfe","Genesis","36","40"
"Hebrew","<LWMJM/","NA","plfmjm","Jesaia","54","4"
"Hebrew","<LWN/","NA","plfn","Genesis","36","23"
"Hebrew","<LWQH/","NA","plfse","Proverbia","30","15"
"Hebrew","<LY[","qal","plr","Samuel_I","2","1"
"Hebrew","<LZ/","NA","plg","Jesaia","5","14"
"Hebrew","<LZ[","qal","plg","Samuel_II","1","20"
"Hebrew","<M","NA","pm","Genesis","3","6"
"Hebrew","<M/","NA","pm","Genesis","11","6"
"Hebrew","<M<D/","NA","pmpd","Josua","19","26"
"Hebrew","<MCSJ/","NA","pmuoj","Nehemia","11","13"
"Hebrew","<MD/","NA","pmd","Genesis","3","12"
"Hebrew","<MD=/","NA","pmd","Daniel","8","17"
"Hebrew","<MDH/","NA","pmde","Micha","1","11"
"Hebrew","<MD[","qal","pmd","Genesis","18","8"
"Hebrew","<MF>/","NA","pmua","Samuel_II","17","25"
"Hebrew","<MFJ/","NA","pmuj","Chronica_I","6","10"
"Hebrew","<MH/","NA","pme","Exodus","25","27"
"Hebrew","<MH=/","NA","pme","Josua","19","30"
"Hebrew","<MJ/","NA","pmj","Hosea","2","3"
"Hebrew","<MJ>L/","NA","pmjal","Numeri","13","12"
"Hebrew","<MJCDJ/","NA","pmjudj","Numeri","1","12"
"Hebrew","<MJHWD/","NA","pmjefd","Numeri","1","10"
"Hebrew","<MJNDB/","NA","pmjndb","Exodus","6","23"
"Hebrew","<MJR/","NA","pmjt","Jeremia","9","21"
"Hebrew","<MJT/","NA","pmjv","Leviticus","5","21"
"Hebrew","<MJZBD/","NA","pmjgbd","Chronica_I","27","6"
"Hebrew","<ML/","NA","pml","Genesis","41","51"
"Hebrew","<ML=/","NA","pml","Judices","5","26"
"Hebrew","<ML==/","NA","pml","Chronica_I","7","35"
"Hebrew","<MLQ/","NA","pmls","Genesis","36","12"
"Hebrew","<MLQJ/","NA","pmlsj","Genesis","14","7"
"Hebrew","<ML[","qal","pml","Jona","4","10"
"Hebrew","<MM=[","hof","pmm","Threni","4","1"
"Hebrew","<MM[","qal","pmm","Ezechiel","28","3"
"Hebrew","<MNH/","NA","pmne","Josua","18","24"
"Hebrew","<MNW_>L/","NA","pmnf al","Jesaia","7","14"
"Hebrew","<MQ/","NA","pms","Genesis","14","3"
"Hebrew","<MQ=/","NA","pms","Leviticus","13","3"
"Hebrew","<MQ==/","NA","pms","Jesaia","33","19"
"Hebrew","<MQ===/","NA","pms","Proverbia","9","18"
"Hebrew","<MQ[","qal","pms","Psalmi","92","6"
"Hebrew","<MR/","NA","pmt","Exodus","16","16"
"Hebrew","<MR=/","NA","pmt","Leviticus","23","10"
"Hebrew","<MR=[","piel","pmt","Psalmi","129","7"
"Hebrew","<MRH/","NA","pmte","Genesis","10","19"
"Hebrew","<MRJ/","NA","pmtj","Reges_I","16","16"
"Hebrew","<MRM/","NA","pmtm","Exodus","6","18"
"Hebrew","<MRMJ/","NA","pmtmj","Numeri","3","27"
"Hebrew","<MR[","hit","pmt","Deuteronomium","21","14"
"Hebrew","<MSJH/","NA","pmoje","Chronica_II","17","16"
"Hebrew","<MS[","qal","pmo","Genesis","44","13"
"Hebrew","<MWD/","NA","pmfd","Exodus","13","21"
"Hebrew","<MWN/","NA","pmfn","Genesis","19","38"
"Hebrew","<MWNJ/","NA","pmfnj","Deuteronomium","2","20"
"Hebrew","<MWQ/","NA","pmfs","Nehemia","12","7"
"Hebrew","<MWS/","NA","pmfo","Amos","1","1"
"Hebrew","<NB/","NA","pnb","Genesis","40","10"
"Hebrew","<NB=/","NA","pnb","Josua","11","21"
"Hebrew","<NC/","NA","pnu","Reges_II","23","33"
"Hebrew","<NC[","qal","pnu","Exodus","21","22"
"Hebrew","<ND[","qal","pnd","Iob","31","36"
"Hebrew","<NG/","NA","pnc","Deuteronomium","28","54"
"Hebrew","<NG=/","NA","pnc","Jesaia","13","22"
"Hebrew","<NG[","pual","pnc","Jeremia","6","2"
"Hebrew","<NH/","NA","pne","Exodus","21","10"
"Hebrew","<NH=/","NA","pne","Genesis","36","2"
"Hebrew","<NH===[","qal","pne","Ecclesiastes","1","13"
"Hebrew","<NH==[","qal","pne","Exodus","15","21"
"Hebrew","<NH=[","qal","pne","Jesaia","25","5"
"Hebrew","<NH[","qal","pne","Genesis","18","27"
"Hebrew","<NJ/","NA","pnj","Exodus","22","24"
"Hebrew","<NJ=/","NA","pnj","Genesis","16","11"
"Hebrew","<NJ==/","NA","pnj","Nehemia","12","9"
"Hebrew","<NJH/","NA","pnje","Nehemia","8","4"
"Hebrew","<NJM/","NA","pnjm","Josua","15","50"
"Hebrew","<NJN/","NA","pnjn","Ecclesiastes","1","13"
"Hebrew","<NM/","NA","pnm","Chronica_I","6","58"
"Hebrew","<NMJM/","NA","pnmjm","Genesis","10","13"
"Hebrew","<NMLK/","NA","pnmlk","Reges_II","17","31"
"Hebrew","<NN/","NA","pnn","Genesis","9","13"
"Hebrew","<NN=/","NA","pnn","Nehemia","10","27"
"Hebrew","<NNH/","NA","pnne","Jeremia","4","13"
"Hebrew","<NNJ/","NA","pnnj","Chronica_I","3","24"
"Hebrew","<NNJH/","NA","pnnje","Nehemia","3","23"
"Hebrew","<NNJH=/","NA","pnnje","Nehemia","11","32"
"Hebrew","<NN[","piel","pnn","Genesis","9","14"
"Hebrew","<NP/","NA","pnq","Leviticus","23","40"
"Hebrew","<NP=/","NA","pnq","Ezechiel","19","10"
"Hebrew","<NQ/","NA","pns","Numeri","13","22"
"Hebrew","<NQ=/","NA","pns","Judices","8","26"
"Hebrew","<NQ[","qal","pns","Psalmi","73","6"
"Hebrew","<NR/","NA","pnt","Genesis","14","13"
"Hebrew","<NR=/","NA","pnt","Chronica_I","6","55"
"Hebrew","<NT/","NA","pnv","Judices","3","31"
"Hebrew","<NTTJ/","NA","pnvvj","Samuel_II","23","27"
"Hebrew","<NTTJH/","NA","pnvvje","Chronica_I","8","24"
"Hebrew","<NTWT/","NA","pnvfv","Josua","21","18"
"Hebrew","<NTWT=/","NA","pnvfv","Nehemia","10","20"
"Hebrew","<NW/","NA","pnf","Numeri","12","3"
"Hebrew","<NWB/","NA","pnfb","Chronica_I","4","8"
"Hebrew","<NWCJM/","NA","pnfujm","Amos","2","8"
"Hebrew","<NWH/","NA","pnfe","Psalmi","45","5"
"Hebrew","<NWH=/","NA","pnfe","Zephania","2","3"
"Hebrew","<NWQ/","NA","pnfs","Josua","21","11"
"Hebrew","<NWT/","NA","pnfv","Psalmi","22","25"
"Hebrew","<P<PJM/","NA","pqpqjm","Jeremia","9","17"
"Hebrew","<PJ/","NA","pqj","Psalmi","104","12"
"Hebrew","<PL/","NA","pql","Reges_II","5","24"
"Hebrew","<PL[","pual","pql","Habakuk","2","4"
"Hebrew","<PNJ/","NA","pqnj","Josua","18","24"
"Hebrew","<PP[","piel","pqq","Ezechiel","32","10"
"Hebrew","<PR/","NA","pqt","Genesis","2","7"
"Hebrew","<PR=/","NA","pqt","Canticum","2","9"
"Hebrew","<PR==/","NA","pqt","Genesis","25","4"
"Hebrew","<PRH/","NA","pqte","Josua","18","23"
"Hebrew","<PRH=/","NA","pqte","Micha","1","10"
"Hebrew","<PRH==/","NA","pqte","Chronica_I","4","14"
"Hebrew","<PRJN/","NA","pqtjn","Chronica_II","13","19"
"Hebrew","<PRWN/","NA","pqtfn","Genesis","23","8"
"Hebrew","<PRWN=/","NA","pqtfn","Josua","15","9"
"Hebrew","<PR[","piel","pqt","Samuel_II","16","13"
"Hebrew","<QB/","NA","psb","Genesis","22","18"
"Hebrew","<QB=/","NA","psb","Genesis","3","15"
"Hebrew","<QB==/","NA","psb","Jesaia","40","4"
"Hebrew","<QBH/","NA","psbe","Reges_II","10","19"
"Hebrew","<QB[","qal","psb","Genesis","27","36"
"Hebrew","<QC/","NA","psu","Deuteronomium","32","5"
"Hebrew","<QC=/","NA","psu","Samuel_II","23","26"
"Hebrew","<QCWT/","NA","psufv","Proverbia","4","24"
"Hebrew","<QC[","nif","psu","Proverbia","28","18"
"Hebrew","<QD/","NA","psd","Genesis","30","35"
"Hebrew","<QD[","qal","psd","Genesis","22","9"
"Hebrew","<QH/","NA","pse","Psalmi","55","4"
"Hebrew","<QLQL/","NA","pslsl","Judices","5","6"
"Hebrew","<QLTWN/","NA","pslvfn","Jesaia","27","1"
"Hebrew","<QL[","pual","psl","Habakuk","1","4"
"Hebrew","<QN/","NA","psn","Genesis","36","27"
"Hebrew","<QR/","NA","pst","Genesis","11","30"
"Hebrew","<QR=/","NA","pst","Leviticus","25","47"
"Hebrew","<QR==/","NA","pst","Chronica_I","2","27"
"Hebrew","<QRB/","NA","pstb","Deuteronomium","8","15"
"Hebrew","<QRWN/","NA","pstfn","Josua","13","3"
"Hebrew","<QRWNJ/","NA","pstfnj","Josua","13","3"
"Hebrew","<QR[","qal","pst","Ecclesiastes","3","2"
"Hebrew","<QWB/","NA","psfb","Esra","2","42"
"Hebrew","<R/","NA","pt","Samuel_I","28","16"
"Hebrew","<R<R/","NA","ptpt","Jeremia","17","6"
"Hebrew","<R<RJ/","NA","ptptj","Chronica_I","11","44"
"Hebrew","<R<WR/","NA","ptpft","Judices","11","26"
"Hebrew","<R=/","NA","pt","Genesis","38","3"
"Hebrew","<R==/","NA","pt","Numeri","21","15"
"Hebrew","<RB/","NA","ptb","Genesis","1","5"
"Hebrew","<RB=/","NA","ptb","Exodus","8","17"
"Hebrew","<RB==/","NA","ptb","Leviticus","13","48"
"Hebrew","<RB===/","NA","ptb","Genesis","8","7"
"Hebrew","<RB====/","NA","ptb","Exodus","12","38"
"Hebrew","<RB=====/","NA","ptb","Jesaia","21","13"
"Hebrew","<RB======/","NA","ptb","Judices","7","25"
"Hebrew","<RB=======/","NA","ptb","Proverbia","20","17"
"Hebrew","<RB========/","NA","ptb","Reges_I","10","15"
"Hebrew","<RB===[","qal","ptb","Jeremia","6","20"
"Hebrew","<RB==[","hit","ptb","Psalmi","106","35"
"Hebrew","<RB=[","qal","ptb","Judices","19","9"
"Hebrew","<RBH/","NA","ptbe","Numeri","22","1"
"Hebrew","<RBH=/","NA","ptbe","Leviticus","23","40"
"Hebrew","<RBH==/","NA","ptbe","Samuel_I","17","18"
"Hebrew","<RBJ/","NA","ptbj","Nehemia","2","19"
"Hebrew","<RBJ=/","NA","ptbj","Jesaia","13","20"
"Hebrew","<RBTJ/","NA","ptbvj","Samuel_II","23","31"
"Hebrew","<RBWN/","NA","ptbfn","Genesis","38","17"
"Hebrew","<RB[","qal","ptb","Genesis","43","9"
"Hebrew","<RD/","NA","ptd","Numeri","21","1"
"Hebrew","<RD=/","NA","ptd","Chronica_I","8","15"
"Hebrew","<RF/","NA","ptu","Deuteronomium","3","11"
"Hebrew","<RG[","qal","ptc","Joel","1","20"
"Hebrew","<RH/","NA","pte","Jesaia","19","7"
"Hebrew","<RH[","nif","pte","Jesaia","32","15"
"Hebrew","<RJ/","NA","ptj","Numeri","26","16"
"Hebrew","<RJ=/","NA","ptj","Genesis","46","16"
"Hebrew","<RJH/","NA","ptje","Ezechiel","16","7"
"Hebrew","<RJPJM/","NA","ptjqjm","Jesaia","5","30"
"Hebrew","<RJRJ/","NA","ptjtj","Genesis","15","2"
"Hebrew","<RJSH/","NA","ptjoe","Numeri","15","20"
"Hebrew","<RJY/","NA","ptjr","Jesaia","13","11"
"Hebrew","<RK/","NA","ptk","Exodus","40","4"
"Hebrew","<RK[","qal","ptk","Genesis","14","8"
"Hebrew","<RL/","NA","ptl","Genesis","17","14"
"Hebrew","<RLH/","NA","ptle","Genesis","17","11"
"Hebrew","<RL[","qal","ptl","Leviticus","19","23"
"Hebrew","<RM=[","qal","ptm","Samuel_I","23","22"
"Hebrew","<RMH/","NA","ptme","Exodus","21","14"
"Hebrew","<RMH=/","NA","ptme","Jeremia","50","26"
"Hebrew","<RMWN/","NA","ptmfn","Genesis","30","37"
"Hebrew","<RM[","nif","ptm","Exodus","15","8"
"Hebrew","<RN/","NA","ptn","Numeri","26","36"
"Hebrew","<RNJ/","NA","ptnj","Numeri","26","36"
"Hebrew","<RP/","NA","ptq","Genesis","49","8"
"Hebrew","<RP=[","qal","ptq","Exodus","13","13"
"Hebrew","<RPH/","NA","ptqe","Ruth","1","4"
"Hebrew","<RPL/","NA","ptql","Exodus","20","21"
"Hebrew","<RP[","qal","ptq","Deuteronomium","32","2"
"Hebrew","<RQJ/","NA","ptsj","Genesis","10","17"
"Hebrew","<RQ[","qal","pts","Iob","30","3"
"Hebrew","<RR[","qal","ptt","Jesaia","32","11"
"Hebrew","<RW<R/","NA","ptfpt","Jeremia","48","6"
"Hebrew","<RW<R=/","NA","ptfpt","Numeri","32","34"
"Hebrew","<RWD/","NA","ptfd","Iob","39","5"
"Hebrew","<RWGH/","NA","ptfce","Ezechiel","17","7"
"Hebrew","<RWH/","NA","ptfe","Genesis","9","22"
"Hebrew","<RWM/","NA","ptfm","Genesis","2","25"
"Hebrew","<RWM=/","NA","ptfm","Genesis","3","1"
"Hebrew","<RWY/","NA","ptfr","Iob","30","6"
"Hebrew","<RY[","qal","ptr","Deuteronomium","1","29"
"Hebrew","<SJS/","NA","pojo","Jesaia","49","26"
"Hebrew","<SS[","qal","poo","Maleachi","3","21"
"Hebrew","<T/","NA","pv","Genesis","8","11"
"Hebrew","<TD[","piel","pvd","Proverbia","24","27"
"Hebrew","<TH","NA","pve","Genesis","3","22"
"Hebrew","<TJ/","NA","pvj","Leviticus","16","21"
"Hebrew","<TJ=/","NA","pvj","Chronica_I","2","35"
"Hebrew","<TJD/","NA","pvjd","Deuteronomium","32","35"
"Hebrew","<TJH/","NA","pvje","Nehemia","11","4"
"Hebrew","<TJQ/","NA","pvjs","Jesaia","28","9"
"Hebrew","<TJQ=/","NA","pvjs","Jesaia","23","18"
"Hebrew","<TK/","NA","pvk","Samuel_I","30","30"
"Hebrew","<TLJ/","NA","pvlj","Esra","10","28"
"Hebrew","<TLJH/","NA","pvlje","Reges_II","11","1"
"Hebrew","<TLJHW/","NA","pvljef","Reges_II","8","26"
"Hebrew","<TM[","nif","pvm","Jesaia","9","18"
"Hebrew","<TNJ/","NA","pvnj","Chronica_I","26","7"
"Hebrew","<TNJ>L/","NA","pvnjal","Josua","15","17"
"Hebrew","<TQ/","NA","pvs","Samuel_I","2","3"
"Hebrew","<TQ=/","NA","pvs","Proverbia","8","18"
"Hebrew","<TQ[","qal","pvs","Psalmi","6","8"
"Hebrew","<TR/","NA","pvt","Ezechiel","8","11"
"Hebrew","<TR=/","NA","pvt","Josua","15","42"
"Hebrew","<TRT/","NA","pvtv","Jeremia","33","6"
"Hebrew","<TR[","qal","pvt","Genesis","25","21"
"Hebrew","<TWD/","NA","pvfd","Genesis","31","10"
"Hebrew","<TWD=/","NA","pvfd","Jesaia","10","13"
"Hebrew","<V/","NA","pi","Jeremia","8","8"
"Hebrew","<VH=[","qal","pie","Jesaia","22","17"
"Hebrew","<VH[","qal","pie","Leviticus","13","45"
"Hebrew","<VJCH/","NA","pijue","Iob","41","10"
"Hebrew","<VJN/","NA","pijn","Iob","21","24"
"Hebrew","<VLP/","NA","pilq","Leviticus","11","19"
"Hebrew","<VP=[","qal","piq","Jesaia","57","16"
"Hebrew","<VP[","qal","piq","Psalmi","65","14"
"Hebrew","<VRH/","NA","pite","Ezechiel","21","31"
"Hebrew","<VRH=/","NA","pite","Chronica_I","2","26"
"Hebrew","<VRT/","NA","pitv","Samuel_II","12","30"
"Hebrew","<VRWT/","NA","pitfv","Numeri","32","3"
"Hebrew","<VRWT_>DR/","NA","pitfv adt","Josua","16","5"
"Hebrew","<VRWT_BJT_JW>B/","NA","pitfv bjv jfab","Chronica_I","2","54"
"Hebrew","<VRWT_CWPN/","NA","pitfv ufqn","Numeri","32","35"
"Hebrew","<VR[","qal","pit","Samuel_I","23","26"
"Hebrew","<VWP/","NA","pifq","Genesis","30","42"
"Hebrew","<W<JM/","NA","pfpjm","Jesaia","19","14"
"Hebrew","<W>/","NA","pfa","Reges_II","17","24"
"Hebrew","<WBD/","NA","pfbd","Ruth","4","17"
"Hebrew","<WBL/","NA","pfbl","Genesis","10","28"
"Hebrew","<WB[","hif","pfb","Threni","2","1"
"Hebrew","<WC[","qal","pfu","Joel","4","11"
"Hebrew","<WD/","NA","pfd","Genesis","4","25"
"Hebrew","<DD/","NA","pdd","Chronica_II","15","1"
"Hebrew","<WD[","piel","pfd","Psalmi","119","61"
"Hebrew","<WG/","NA","pfc","Numeri","21","33"
"Hebrew","<WGB/","NA","pfcb","Genesis","4","21"
"Hebrew","<WG[","qal","pfc","Ezechiel","4","12"
"Hebrew","<WH/","NA","pfe","Ezechiel","21","32"
"Hebrew","<WH=/","NA","pfe","Reges_II","18","34"
"Hebrew","<WH[","qal","pfe","Esther","1","16"
"Hebrew","<WJL/","NA","pfjl","Iob","16","11"
"Hebrew","<WJM/","NA","pfjm","Deuteronomium","2","23"
"Hebrew","<WJT/","NA","pfjv","Genesis","36","35"
"Hebrew","<WL/","NA","pfl","Jesaia","49","15"
"Hebrew","<WL=/","NA","pfl","Leviticus","19","15"
"Hebrew","<WL==/","NA","pfl","Zephania","3","5"
"Hebrew","<WL=[","piel","pfl","Jesaia","26","10"
"Hebrew","<WLH/","NA","pfle","Samuel_II","3","34"
"Hebrew","<WLL/","NA","pfll","Samuel_I","15","3"
"Hebrew","<WLL=/","NA","pfll","Jeremia","6","11"
"Hebrew","<WLM/","NA","pflm","Genesis","3","22"
"Hebrew","<WL[","qal","pfl","Genesis","33","13"
"Hebrew","<WN/","NA","pfn","Genesis","4","13"
"Hebrew","<WP/","NA","pfq","Genesis","1","20"
"Hebrew","<WPRT/","NA","pfqtv","Exodus","15","10"
"Hebrew","<WP[","qal","pfq","Deuteronomium","4","17"
"Hebrew","<WQ[","qal","pfs","Amos","2","13"
"Hebrew","<WR/","NA","pft","Exodus","4","11"
"Hebrew","<WR=/","NA","pft","Genesis","3","21"
"Hebrew","<WR==[","nif","pft","Habakuk","3","9"
"Hebrew","<WR=[","piel","pft","Exodus","23","8"
"Hebrew","<WRT/","NA","pftv","Leviticus","22","22"
"Hebrew","<WRWN/","NA","pftfn","Deuteronomium","28","28"
"Hebrew","<WR[","qal","pft","Judices","5","12"
"Hebrew","<WT=[","qal","pfv","Jesaia","50","4"
"Hebrew","<WTH/","NA","pfve","Threni","3","59"
"Hebrew","<WTJ/","NA","pfvj","Esra","8","14"
"Hebrew","<WT[","piel","pfv","Amos","8","5"
"Hebrew","<WY/","NA","pfr","Genesis","10","23"
"Hebrew","<WY=/","NA","pfr","Jeremia","25","20"
"Hebrew","<WY[","qal","pfr","Judices","19","30"
"Hebrew","<WZ[","qal","pfg","Jesaia","30","2"
"Hebrew","<Y/","NA","pr","Genesis","1","11"
"Hebrew","<YB/","NA","prb","Samuel_I","31","9"
"Hebrew","<YB=/","NA","prb","Genesis","3","16"
"Hebrew","<YB==/","NA","prb","Jesaia","14","3"
"Hebrew","<YB===/","NA","prb","Jesaia","48","5"
"Hebrew","<YB====/","NA","prb","Jeremia","22","28"
"Hebrew","<YB=====/","NA","prb","Jesaia","58","3"
"Hebrew","<YB=[","piel","prb","Iob","10","8"
"Hebrew","<YBH/","NA","prbe","Psalmi","16","4"
"Hebrew","<YBT/","NA","prbv","Proverbia","10","10"
"Hebrew","<YBWN/","NA","prbfn","Genesis","3","16"
"Hebrew","<YB[","qal","prb","Reges_I","1","6"
"Hebrew","<YH/","NA","pre","Deuteronomium","32","28"
"Hebrew","<YH=/","NA","pre","Psalmi","13","3"
"Hebrew","<YH==/","NA","pre","Leviticus","3","9"
"Hebrew","<YH===/","NA","pre","Jeremia","6","6"
"Hebrew","<YH[","qal","pre","Proverbia","16","30"
"Hebrew","<YJWN_GBR/","NA","prjfn cbt","Numeri","33","35"
"Hebrew","<YL/","NA","prl","Proverbia","6","6"
"Hebrew","<YLH/","NA","prle","Proverbia","19","15"
"Hebrew","<YLTJM/","NA","prlvjm","Ecclesiastes","10","18"
"Hebrew","<YLWT/","NA","prlfv","Proverbia","31","27"
"Hebrew","<YL[","nif","prl","Judices","18","9"
"Hebrew","<YM/","NA","prm","Genesis","2","23"
"Hebrew","<YM=/","NA","prm","Deuteronomium","8","17"
"Hebrew","<YM==/","NA","prm","Psalmi","139","15"
"Hebrew","<YM===/","NA","prm","Josua","15","29"
"Hebrew","<YM=[","qal","prm","Jesaia","33","15"
"Hebrew","<YMH/","NA","prme","Jesaia","40","29"
"Hebrew","<YMH=/","NA","prme","Psalmi","22","18"
"Hebrew","<YMWN/","NA","prmfn","Numeri","34","4"
"Hebrew","<YMWT/","NA","prmfv","Jesaia","41","21"
"Hebrew","<YM[","qal","prm","Genesis","26","16"
"Hebrew","<YNJ/","NA","prnj","Samuel_II","23","8"
"Hebrew","<YR/","NA","prt","Jesaia","53","8"
"Hebrew","<YR=/","NA","prt","Judices","18","7"
"Hebrew","<YRH/","NA","prte","Reges_II","10","20"
"Hebrew","<YRT/","NA","prtv","Leviticus","23","36"
"Hebrew","<YR[","qal","prt","Genesis","16","2"
"Hebrew","<YWM/","NA","prfm","Genesis","18","18"
"Hebrew","<Z/","NA","pg","Exodus","15","13"
"Hebrew","<Z=/","NA","pg","Exodus","15","2"
"Hebrew","<Z==/","NA","pg","Genesis","15","9"
"Hebrew","<Z===/","NA","pg","Genesis","49","7"
"Hebrew","<Z====/","NA","pg","Genesis","49","3"
"Hebrew","<Z>/","NA","pga","Reges_II","21","18"
"Hebrew","<Z>ZL/","NA","pgagl","Leviticus","16","8"
"Hebrew","<ZB=[","qal","pgb","Nehemia","3","8"
"Hebrew","<ZBWNJM/","NA","pgbfnjm","Ezechiel","27","12"
"Hebrew","<ZBWQ/","NA","pgbfs","Nehemia","3","16"
"Hebrew","<ZB[","qal","pgb","Genesis","2","24"
"Hebrew","<ZGD/","NA","pgcd","Esra","2","12"
"Hebrew","<ZH/","NA","pge","Genesis","10","19"
"Hebrew","<ZH=/","NA","pge","Samuel_II","6","3"
"Hebrew","<ZJ/","NA","pgj","Esra","7","4"
"Hebrew","<ZJ>/","NA","pgja","Chronica_I","11","44"
"Hebrew","<ZJ>L/","NA","pgjal","Exodus","6","18"
"Hebrew","<ZJ>L=/","NA","pgjal","Chronica_I","15","20"
"Hebrew","<ZJ>LJ/","NA","pgjalj","Numeri","3","27"
"Hebrew","<ZJH/","NA","pgje","Reges_II","15","13"
"Hebrew","<ZJHW/","NA","pgjef","Reges_II","15","32"
"Hebrew","<ZJZ>/","NA","pgjga","Esra","10","27"
"Hebrew","<ZMWT/","NA","pgmfv","Samuel_II","23","31"
"Hebrew","<ZN/","NA","pgn","Numeri","34","26"
"Hebrew","<ZNJH/","NA","pgnje","Leviticus","11","13"
"Hebrew","<ZQH/","NA","pgse","Josua","10","10"
"Hebrew","<ZQ[","piel","pgs","Jesaia","5","2"
"Hebrew","<ZR/","NA","pgt","Genesis","2","18"
"Hebrew","<ZR=/","NA","pgt","Nehemia","3","19"
"Hebrew","<ZR>/","NA","pgta","Esra","7","1"
"Hebrew","<ZR>L/","NA","pgtal","Esra","10","41"
"Hebrew","<ZRH/","NA","pgte","Judices","5","23"
"Hebrew","<ZRH=/","NA","pgte","Ezechiel","43","14"
"Hebrew","<ZRH==/","NA","pgte","Chronica_I","4","17"
"Hebrew","<ZRJ/","NA","pgtj","Judices","6","11"
"Hebrew","<ZRJ=/","NA","pgtj","Chronica_I","27","26"
"Hebrew","<ZRJ>L/","NA","pgtjal","Jeremia","36","26"
"Hebrew","<ZRJH/","NA","pgtje","Reges_II","14","21"
"Hebrew","<ZRJHW/","NA","pgtjef","Reges_I","4","2"
"Hebrew","<ZRJQM/","NA","pgtjsm","Nehemia","11","15"
"Hebrew","<ZR[","qal","pgt","Genesis","49","25"
"Hebrew","<ZTJ/","NA","pgvj","Josua","13","3"
"Hebrew","<ZWBH/","NA","pgfbe","Reges_I","22","42"
"Hebrew","<ZWR/","NA","pgft","Jeremia","28","1"
"Hebrew","<ZWZ/","NA","pgfg","Jesaia","42","25"
"Hebrew","<ZWZ=/","NA","pgfg","Jesaia","43","17"
"Hebrew","<ZZ/","NA","pgg","Chronica_I","5","8"
"Hebrew","<ZZJHW/","NA","pggjef","Chronica_I","15","21"
"Hebrew","<ZZ[","qal","pgg","Judices","3","10"
"Hebrew",">B/","NA","ab","Genesis","2","24"
"Hebrew",">B<B<T/","NA","abpbpv","Exodus","9","9"
"Hebrew",">B=/","NA","ab","Iob","8","12"
"Hebrew",">BCJ/","NA","abuj","Samuel_I","26","6"
"Hebrew",">BCLWM/","NA","abulfm","Samuel_II","3","3"
"Hebrew",">BDH/","NA","abde","Exodus","22","8"
"Hebrew",">BDH=/","NA","abde","Proverbia","27","20"
"Hebrew",">BDN/","NA","abdn","Esther","9","5"
"Hebrew",">BDN=/","NA","abdn","Esther","8","6"
"Hebrew",">BDWN/","NA","abdfn","Psalmi","88","12"
"Hebrew",">BD[","qal","abd","Exodus","10","7"
"Hebrew",">BGT>/","NA","abcva","Esther","1","10"
"Hebrew",">BH/","NA","abe","Iob","9","26"
"Hebrew",">BH[","qal","abe","Genesis","24","5"
"Hebrew",">BJ/","NA","abj","Reges_II","18","2"
"Hebrew",">BJ<ZR/","NA","abjpgt","Josua","17","2"
"Hebrew",">BJ>L/","NA","abjal","Samuel_I","9","1"
"Hebrew",">BJ>SP/","NA","abjaoq","Exodus","6","24"
"Hebrew",">BJB/","NA","abjb","Exodus","9","31"
"Hebrew",">BJCG/","NA","abjuc","Reges_I","1","3"
"Hebrew",">BJCLWM/","NA","abjulfm","Reges_I","15","2"
"Hebrew",">BJCW</","NA","abjufp","Esra","7","5"
"Hebrew",">BJCWR/","NA","abjuft","Chronica_I","2","28"
"Hebrew",">BJD</","NA","abjdp","Genesis","25","4"
"Hebrew",">BJDN/","NA","abjdn","Numeri","1","11"
"Hebrew",">BJGJL/","NA","abjcjl","Samuel_I","25","3"
"Hebrew",">BJH/","NA","abje","Samuel_I","8","2"
"Hebrew",">BJHJL/","NA","abjejl","Chronica_I","2","29"
"Hebrew",">BJHW/","NA","abjef","Chronica_II","13","20"
"Hebrew",">BJHW>/","NA","abjefa","Exodus","6","23"
"Hebrew",">BJHWD/","NA","abjefd","Chronica_I","8","3"
"Hebrew",">BJM/","NA","abjm","Reges_I","14","31"
"Hebrew",">BJM>L/","NA","abjmal","Genesis","10","28"
"Hebrew",">BJMLK/","NA","abjmlk","Genesis","20","2"
"Hebrew",">BJN<M/","NA","abjnpm","Judices","4","6"
"Hebrew",">BJNDB/","NA","abjndb","Samuel_I","7","1"
"Hebrew",">BJR/","NA","abjt","Judices","5","22"
"Hebrew",">BJR=/","NA","abjt","Genesis","49","24"
"Hebrew",">BJRM/","NA","abjtm","Numeri","16","1"
"Hebrew",">BJSP/","NA","abjoq","Chronica_I","6","8"
"Hebrew",">BJTR/","NA","abjvt","Samuel_I","22","20"
"Hebrew",">BJVL/","NA","abjil","Samuel_II","3","4"
"Hebrew",">BJVWB/","NA","abjifb","Chronica_I","8","11"
"Hebrew",">BJWN/","NA","abjfn","Exodus","23","6"
"Hebrew",">BJWNH/","NA","abjfne","Ecclesiastes","12","5"
"Hebrew",">BJXJL/","NA","abjhjl","Numeri","3","35"
"Hebrew",">BJ_<LBWN/","NA","abj plbfn","Samuel_II","23","31"
"Hebrew",">BK[","hit","abk","Jesaia","9","17"
"Hebrew",">BL","NA","abl","Genesis","17","19"
"Hebrew",">BL/","NA","abl","Samuel_II","20","14"
"Hebrew",">BL=/","NA","abl","Samuel_I","6","18"
"Hebrew",">BL==/","NA","abl","Genesis","27","41"
"Hebrew",">BL===/","NA","abl","Genesis","37","35"
"Hebrew",">BL====/","NA","abl","Daniel","8","2"
"Hebrew",">BL=[","qal","abl","Jeremia","12","4"
"Hebrew",">BL[","qal","abl","Jesaia","3","26"
"Hebrew",">BL_BJT_M<KH/","NA","abl bjv mpke","Reges_I","15","20"
"Hebrew",">BL_HCVJM/","NA","abl euijm","Numeri","33","49"
"Hebrew",">BL_KRMJM/","NA","abl ktmjm","Judices","11","33"
"Hebrew",">BL_MJM/","NA","abl mjm","Chronica_II","16","4"
"Hebrew",">BL_MXWLH/","NA","abl mhfle","Judices","7","22"
"Hebrew",">BL_MYRJM/","NA","abl mrtjm","Genesis","50","11"
"Hebrew",">BN/","NA","abn","Genesis","2","12"
"Hebrew",">BN=/","NA","abn","Exodus","1","16"
"Hebrew",">BNR/","NA","abnt","Samuel_I","14","50"
"Hebrew",">BNV/","NA","abni","Exodus","28","4"
"Hebrew",">BN_H<ZR/","NA","abn epgt","Samuel_I","4","1"
"Hebrew",">BQ/","NA","abs","Exodus","9","9"
"Hebrew",">BQH/","NA","abse","Canticum","3","6"
"Hebrew",">BQ[","nif","abs","Genesis","32","25"
"Hebrew",">BR/","NA","abt","Jesaia","40","31"
"Hebrew",">BRH/","NA","abte","Deuteronomium","32","11"
"Hebrew",">BRHM/","NA","abtem","Genesis","17","5"
"Hebrew",">BRK","NA","abtk","Genesis","41","43"
"Hebrew",">BRM/","NA","abtm","Genesis","11","26"
"Hebrew",">BR[","hif","abt","Iob","39","26"
"Hebrew",">BS[","qal","abo","Reges_I","5","3"
"Hebrew",">BT/","NA","abv","Numeri","21","10"
"Hebrew",">BVJX/","NA","abijh","Numeri","11","5"
"Hebrew",">BWJ/","NA","abfj","Proverbia","23","29"
"Hebrew",">BWS/","NA","abfo","Jesaia","1","3"
"Hebrew",">BXH/","NA","abhe","Ezechiel","21","20"
"Hebrew",">BY/","NA","abr","Josua","19","20"
"Hebrew",">BYN/","NA","abrn","Judices","12","8"
"Hebrew",">C/","NA","au","Genesis","15","17"
"Hebrew",">C<N/","NA","aupn","Josua","15","52"
"Hebrew",">C=/","NA","au","Samuel_II","14","19"
"Hebrew",">CB</","NA","aubp","Chronica_I","4","21"
"Hebrew",">CB<L/","NA","aubpl","Chronica_I","8","33"
"Hebrew",">CBL/","NA","aubl","Genesis","46","21"
"Hebrew",">CBLJ/","NA","aublj","Numeri","26","38"
"Hebrew",">CBN/","NA","aubn","Genesis","36","26"
"Hebrew",">CC[","hit","auu","Jesaia","46","8"
"Hebrew",">CD/","NA","aud","Numeri","21","15"
"Hebrew",">CDWD/","NA","audfd","Josua","11","22"
"Hebrew",">CDWDJ/","NA","audfdj","Josua","13","3"
"Hebrew",">CH/","NA","aue","Genesis","2","22"
"Hebrew",">CH=/","NA","aue","Exodus","29","18"
"Hebrew",">CJCH/","NA","aujue","Samuel_II","6","19"
"Hebrew",">CJH/","NA","auje","Jeremia","50","15"
"Hebrew",">CJM>/","NA","aujma","Reges_II","17","30"
"Hebrew",">CK/","NA","auk","Leviticus","21","20"
"Hebrew",">CKL/","NA","aukl","Genesis","14","13"
"Hebrew",">CKL=/","NA","aukl","Numeri","13","23"
"Hebrew",">CKNZ/","NA","aukng","Genesis","10","3"
"Hebrew",">CKR/","NA","aukt","Ezechiel","27","15"
"Hebrew",">CKWL/","NA","aukfl","Genesis","40","10"
"Hebrew",">CL/","NA","aul","Genesis","21","33"
"Hebrew",">CM/","NA","aum","Genesis","26","10"
"Hebrew",">CM=/","NA","aum","Genesis","42","21"
"Hebrew",">CMH/","NA","aume","Leviticus","5","26"
"Hebrew",">CMNJM/","NA","aumnjm","Jesaia","59","10"
"Hebrew",">CMRT/","NA","aumtv","Exodus","14","24"
"Hebrew",">CMWRH/","NA","aumfte","Psalmi","63","7"
"Hebrew",">CM[","qal","aum","Leviticus","4","3"
"Hebrew",">CNB/","NA","aunb","Judices","5","28"
"Hebrew",">CNH/","NA","aune","Josua","15","33"
"Hebrew",">CP/","NA","auq","Daniel","1","20"
"Hebrew",">CPH/","NA","auqe","Jesaia","22","6"
"Hebrew",">CPNZ/","NA","auqng","Daniel","1","3"
"Hebrew",">CPR/","NA","auqt","Samuel_II","6","19"
"Hebrew",">CPT/","NA","auqv","Samuel_I","2","8"
"Hebrew",">CQLWN/","NA","auslfn","Judices","1","18"
"Hebrew",">CQLWNJ/","NA","auslfnj","Josua","13","3"
"Hebrew",">CR","NA","aut","Genesis","1","7"
"Hebrew",">CR=/","NA","aut","Deuteronomium","33","29"
"Hebrew",">CR==/","NA","aut","Genesis","30","13"
"Hebrew",">CR===/","NA","aut","Genesis","30","13"
"Hebrew",">CR=[","piel","aut","Genesis","30","13"
"Hebrew",">CRH/","NA","aute","Exodus","34","13"
"Hebrew",">CRJ/","NA","autj","Judices","1","32"
"Hebrew",">CR[","qal","aut","Proverbia","9","6"
"Hebrew",">CT>L/","NA","auval","Josua","15","33"
"Hebrew",">CT>LJ/","NA","auvalj","Chronica_I","2","53"
"Hebrew",">CTM</","NA","auvmp","Josua","15","50"
"Hebrew",">CTWN/","NA","auvfn","Chronica_I","4","11"
"Hebrew",">CWN/","NA","aufn","Proverbia","20","20"
"Hebrew",">CWR/","NA","auft","Genesis","2","14"
"Hebrew",">CWR=/","NA","auft","Ezechiel","27","6"
"Hebrew",">CWR==/","NA","auft","Psalmi","17","11"
"Hebrew",">CWRJ/","NA","auftj","Samuel_II","2","9"
"Hebrew",">CWRJM/","NA","auftjm","Genesis","25","3"
"Hebrew",">CXWR/","NA","auhft","Chronica_I","2","24"
"Hebrew",">D/","NA","ad","Genesis","2","6"
"Hebrew",">DB>L/","NA","adbal","Genesis","25","13"
"Hebrew",">DB[","hif","adb","Samuel_I","2","33"
"Hebrew",">DC[","qal","adu","Jesaia","28","28"
"Hebrew",">DD/","NA","add","Reges_I","11","17"
"Hebrew",">DJR/","NA","adjt","Exodus","15","10"
"Hebrew",">DLJ>/","NA","adlja","Esther","9","8"
"Hebrew",">DM/","NA","adm","Genesis","1","26"
"Hebrew",">DM=/","NA","adm","Genesis","25","30"
"Hebrew",">DM==/","NA","adm","Exodus","28","17"
"Hebrew",">DM===/","NA","adm","Genesis","4","25"
"Hebrew",">DM====/","NA","adm","Josua","3","16"
"Hebrew",">DMDM/","NA","admdm","Leviticus","13","19"
"Hebrew",">DMH/","NA","adme","Genesis","1","25"
"Hebrew",">DMH=/","NA","adme","Genesis","10","19"
"Hebrew",">DMH==/","NA","adme","Josua","19","36"
"Hebrew",">DMJ/","NA","admj","Deuteronomium","23","8"
"Hebrew",">DMJ_HNQB/","NA","admj ensb","Josua","19","33"
"Hebrew",">DMNJ/","NA","admnj","Genesis","25","25"
"Hebrew",">DMT>/","NA","admva","Esther","1","14"
"Hebrew",">DM[","qal","adm","Threni","4","7"
"Hebrew",">DN/","NA","adn","Exodus","26","19"
"Hebrew",">DN=/","NA","adn","Esra","2","59"
"Hebrew",">DNJ/","NA","adnj","Genesis","15","2"
"Hebrew",">DNJH/","NA","adnje","Samuel_II","3","4"
"Hebrew",">DNJHW/","NA","adnjef","Reges_I","1","8"
"Hebrew",">DNJQM/","NA","adnjsm","Esra","2","13"
"Hebrew",">DNJRM/","NA","adnjtm","Reges_I","4","6"
"Hebrew",">DNJ_BZQ/","NA","adnj bgs","Judices","1","5"
"Hebrew",">DNJ_YDQ/","NA","adnj rds","Josua","10","1"
"Hebrew",">DR/","NA","adt","Micha","2","8"
"Hebrew",">DR<J/","NA","adtpj","Numeri","21","33"
"Hebrew",">DR=/","NA","adt","Esther","3","7"
"Hebrew",">DR==/","NA","adt","Chronica_I","8","3"
"Hebrew",">DR===/","NA","adt","Josua","15","3"
"Hebrew",">DRKWN/","NA","adtkfn","Esra","8","27"
"Hebrew",">DRMLK/","NA","adtmlk","Reges_II","17","31"
"Hebrew",">DRMLK=/","NA","adtmlk","Reges_II","19","37"
"Hebrew",">DRT/","NA","adtv","Genesis","25","25"
"Hebrew",">DR[","nif","adt","Exodus","15","6"
"Hebrew",">DW/","NA","adf","Esra","8","17"
"Hebrew",">DWM/","NA","adfm","Genesis","25","30"
"Hebrew",">DWN/","NA","adfn","Genesis","18","12"
"Hebrew",">DWN=/","NA","adfn","Nehemia","7","61"
"Hebrew",">DWRJM/","NA","adftjm","Chronica_II","11","9"
"Hebrew",">DRM/","NA","adtm","Samuel_II","20","24"
"Hebrew",">FR>L/","NA","autal","Chronica_I","4","16"
"Hebrew",">FR>LH/","NA","autale","Chronica_I","25","2"
"Hebrew",">FRJ>L/","NA","autjal","Numeri","26","31"
"Hebrew",">FRJ>LJ/","NA","autjalj","Numeri","26","31"
"Hebrew",">G>/","NA","aca","Samuel_II","23","11"
"Hebrew",">GDH/","NA","acde","Exodus","12","22"
"Hebrew",">GG/","NA","acc","Numeri","24","7"
"Hebrew",">GGJ/","NA","accj","Esther","3","1"
"Hebrew",">GL/","NA","acl","Iob","38","28"
"Hebrew",">GLJM/","NA","acljm","Jesaia","15","8"
"Hebrew",">GM/","NA","acm","Exodus","7","19"
"Hebrew",">GM=/","NA","acm","Jesaia","19","10"
"Hebrew",">GMWN/","NA","acmfn","Jesaia","9","13"
"Hebrew",">GN/","NA","acn","Exodus","24","6"
"Hebrew",">GP/","NA","acq","Ezechiel","12","14"
"Hebrew",">GRP/","NA","actq","Exodus","21","18"
"Hebrew",">GRT/","NA","actv","Esther","9","26"
"Hebrew",">GRVL/","NA","actil","Esra","1","9"
"Hebrew",">GR[","qal","act","Deuteronomium","28","39"
"Hebrew",">GWR/","NA","acft","Proverbia","30","1"
"Hebrew",">GWRH/","NA","acfte","Samuel_I","2","36"
"Hebrew",">GWZ/","NA","acfg","Canticum","6","11"
"Hebrew",">HB/","NA","aeb","Hosea","9","10"
"Hebrew",">HB=/","NA","aeb","Hosea","8","9"
"Hebrew",">HBH/","NA","aebe","Genesis","29","20"
"Hebrew",">HB[","qal","aeb","Genesis","22","2"
"Hebrew",">HD/","NA","aed","Genesis","46","10"
"Hebrew",">HH","NA","aee","Josua","7","7"
"Hebrew",">HJ","NA","aej","Hosea","13","10"
"Hebrew",">HL/","NA","ael","Genesis","4","20"
"Hebrew",">HL=/","NA","ael","Chronica_I","3","20"
"Hebrew",">HL==/","NA","ael","Numeri","24","6"
"Hebrew",">HL=[","hif","ael","Iob","25","5"
"Hebrew",">HLH/","NA","aele","Ezechiel","23","4"
"Hebrew",">HLJ>B/","NA","aeljab","Exodus","31","6"
"Hebrew",">HLJBH/","NA","aeljbe","Ezechiel","23","4"
"Hebrew",">HLJBMH/","NA","aeljbme","Genesis","36","2"
"Hebrew",">HLJBMH=/","NA","aeljbme","Chronica_I","1","52"
"Hebrew",">HL[","qal","ael","Genesis","13","12"
"Hebrew",">HRN/","NA","aetn","Exodus","4","14"
"Hebrew",">HW>/","NA","aefa","Esra","8","15"
"Hebrew",">HWD/","NA","aefd","Judices","3","15"
"Hebrew",">J","NA","aj","Genesis","3","9"
"Hebrew",">J/","NA","aj","Genesis","10","5"
"Hebrew",">J<ZR/","NA","ajpgt","Numeri","26","30"
"Hebrew",">J<ZRJ/","NA","ajpgtj","Numeri","26","30"
"Hebrew",">J=","NA","aj","Ecclesiastes","4","10"
"Hebrew",">J=/","NA","aj","Jesaia","13","22"
"Hebrew",">J==","NA","aj","Iob","22","30"
"Hebrew",">JBH/","NA","ajbe","Genesis","3","15"
"Hebrew",">JB[","qal","ajb","Genesis","22","17"
"Hebrew",">JC/","NA","aju","Genesis","2","23"
"Hebrew",">JCHWD/","NA","ajuefd","Chronica_I","7","18"
"Hebrew",">JCWN/","NA","ajufn","Deuteronomium","32","10"
"Hebrew",">JC_BCT/","NA","aju buv","Samuel_II","2","8"
"Hebrew",">JD/","NA","ajd","Deuteronomium","32","35"
"Hebrew",">JH","NA","aje","Genesis","18","9"
"Hebrew",">JH/","NA","aje","Leviticus","11","14"
"Hebrew",">JH=/","NA","aje","Genesis","36","24"
"Hebrew",">JK","NA","ajk","Genesis","26","9"
"Hebrew",">JKBWD/","NA","ajkbfd","Samuel_I","4","21"
"Hebrew",">JKH","NA","ajke","Deuteronomium","1","12"
"Hebrew",">JKH=","NA","ajke","Reges_II","6","13"
"Hebrew",">JKKH","NA","ajkke","Canticum","5","3"
"Hebrew",">JL/","NA","ajl","Deuteronomium","12","15"
"Hebrew",">JL=/","NA","ajl","Genesis","15","9"
"Hebrew",">JL==/","NA","ajl","Jesaia","1","29"
"Hebrew",">JL===/","NA","ajl","Reges_I","6","31"
"Hebrew",">JL====/","NA","ajl","Psalmi","88","5"
"Hebrew",">JLH/","NA","ajle","Genesis","49","21"
"Hebrew",">JLM/","NA","ajlm","Reges_I","6","3"
"Hebrew",">JLM=/","NA","ajlm","Exodus","15","27"
"Hebrew",">JLT/","NA","ajlv","Deuteronomium","2","8"
"Hebrew",">JLT=/","NA","ajlv","Jeremia","14","5"
"Hebrew",">JLWN/","NA","ajlfn","Genesis","26","34"
"Hebrew",">JLWN=/","NA","ajlfn","Josua","19","43"
"Hebrew",">JLWN==/","NA","ajlfn","Josua","10","12"
"Hebrew",">JLWT/","NA","ajlfv","Psalmi","22","20"
"Hebrew",">JL_P>RN/","NA","ajl qatn","Genesis","14","6"
"Hebrew",">JM/","NA","ajm","Habakuk","1","7"
"Hebrew",">JMH/","NA","ajme","Genesis","15","12"
"Hebrew",">JMJM/","NA","ajmjm","Genesis","14","5"
"Hebrew",">JN","NA","ajn","Genesis","29","4"
"Hebrew",">JN/","NA","ajn","Genesis","2","5"
"Hebrew",">JN=","NA","ajn","Samuel_I","21","9"
"Hebrew",">JPH","NA","ajqe","Genesis","37","16"
"Hebrew",">JPH/","NA","ajqe","Exodus","16","36"
"Hebrew",">JTJ>L/","NA","ajvjal","Proverbia","30","1"
"Hebrew",">JTMR/","NA","ajvmt","Exodus","6","23"
"Hebrew",">JTN/","NA","ajvn","Genesis","49","24"
"Hebrew",">JTN=/","NA","ajvn","Reges_I","5","11"
"Hebrew",">JTWN/","NA","ajvfn","Ezechiel","40","15"
"Hebrew",">JWB/","NA","ajfb","Ezechiel","14","14"
"Hebrew",">JZBL/","NA","ajgbl","Reges_I","16","31"
"Hebrew",">K","NA","ak","Genesis","7","23"
"Hebrew",">KCP/","NA","akuq","Josua","11","1"
"Hebrew",">KD/","NA","akd","Genesis","10","10"
"Hebrew",">KJC/","NA","akju","Samuel_I","21","11"
"Hebrew",">KJLH/","NA","akjle","Reges_I","19","8"
"Hebrew",">KL/","NA","akl","Genesis","14","11"
"Hebrew",">KL=/","NA","akl","Proverbia","30","1"
"Hebrew",">KLH/","NA","akle","Genesis","1","29"
"Hebrew",">KL[","qal","akl","Genesis","2","16"
"Hebrew",">KN","NA","akn","Genesis","28","16"
"Hebrew",">KP/","NA","akq","Iob","33","7"
"Hebrew",">KP[","qal","akq","Proverbia","16","26"
"Hebrew",">KR/","NA","akt","Jesaia","61","5"
"Hebrew",">KZB/","NA","akgb","Jeremia","15","18"
"Hebrew",">KZJB/","NA","akgjb","Josua","15","44"
"Hebrew",">KZR/","NA","akgt","Deuteronomium","32","33"
"Hebrew",">KZRJ/","NA","akgtj","Jesaia","13","9"
"Hebrew",">KZRJWT/","NA","akgtjfv","Proverbia","27","4"
"Hebrew",">L","NA","al","Genesis","1","9"
"Hebrew",">L/","NA","al","Genesis","14","18"
"Hebrew",">L<D/","NA","alpd","Chronica_I","7","21"
"Hebrew",">L<DH/","NA","alpde","Chronica_I","7","20"
"Hebrew",">L<FH/","NA","alpue","Jeremia","29","3"
"Hebrew",">L<LH/","NA","alple","Numeri","32","3"
"Hebrew",">L<WZJ/","NA","alpfgj","Chronica_I","12","6"
"Hebrew",">L<ZR/","NA","alpgt","Exodus","6","23"
"Hebrew",">L=","NA","al","Genesis","13","8"
"Hebrew",">L=/","NA","al","Iob","24","25"
"Hebrew",">L==","NA","al","Samuel_I","27","10"
"Hebrew",">L==/","NA","al","Genesis","31","29"
"Hebrew",">L===","NA","al","Genesis","19","8"
"Hebrew",">L>/","NA","ala","Reges_I","4","18"
"Hebrew",">LD<H/","NA","aldpe","Genesis","25","4"
"Hebrew",">LDD/","NA","aldd","Numeri","11","26"
"Hebrew",">LGBJC/","NA","alcbju","Ezechiel","13","11"
"Hebrew",">LH","NA","ale","Genesis","2","4"
"Hebrew",">LH/","NA","ale","Genesis","35","4"
"Hebrew",">LH=/","NA","ale","Genesis","24","41"
"Hebrew",">LH==/","NA","ale","Josua","24","26"
"Hebrew",">LH===/","NA","ale","Genesis","36","41"
"Hebrew",">LH==[","qal","ale","Joel","1","8"
"Hebrew",">LH=[","qal","ale","Samuel_I","17","39"
"Hebrew",">LHJM/","NA","alejm","Genesis","1","1"
"Hebrew",">LH[","qal","ale","Judices","17","2"
"Hebrew",">LJ/","NA","alj","Reges_I","16","34"
"Hebrew",">LJ<NJ/","NA","aljpnj","Chronica_I","8","20"
"Hebrew",">LJ<M/","NA","aljpm","Samuel_II","11","3"
"Hebrew",">LJ<ZR/","NA","aljpgt","Genesis","15","2"
"Hebrew",">LJ>B/","NA","aljab","Numeri","1","9"
"Hebrew",">LJ>L/","NA","aljal","Chronica_I","5","24"
"Hebrew",">LJ>TH/","NA","aljave","Chronica_I","25","4"
"Hebrew",">LJC</","NA","aljup","Reges_I","19","16"
"Hebrew",">LJCB</","NA","aljubp","Exodus","6","23"
"Hebrew",">LJCH/","NA","aljue","Genesis","10","4"
"Hebrew",">LJCJB/","NA","aljujb","Esra","10","6"
"Hebrew",">LJCM</","NA","aljump","Numeri","1","10"
"Hebrew",">LJCPV/","NA","aljuqi","Chronica_II","23","1"
"Hebrew",">LJCW</","NA","aljufp","Samuel_II","5","15"
"Hebrew",">LJD</","NA","aljdp","Samuel_II","5","16"
"Hebrew",">LJDD/","NA","aljdd","Numeri","34","21"
"Hebrew",">LJH/","NA","alje","Exodus","29","22"
"Hebrew",">LJH=/","NA","alje","Reges_II","1","3"
"Hebrew",">LJHW/","NA","aljef","Reges_I","17","1"
"Hebrew",">LJHW<JNJ/","NA","aljefpjnj","Esra","8","4"
"Hebrew",">LJHW=/","NA","aljef","Chronica_I","26","7"
"Hebrew",">LJHW>/","NA","aljefa","Samuel_I","1","1"
"Hebrew",">LJL/","NA","aljl","Leviticus","19","4"
"Hebrew",">LJMLK/","NA","aljmlk","Ruth","1","2"
"Hebrew",">LJPL/","NA","aljql","Chronica_I","11","35"
"Hebrew",">LJPLHW/","NA","aljqlef","Chronica_I","15","18"
"Hebrew",">LJPLV/","NA","aljqli","Samuel_II","5","16"
"Hebrew",">LJPZ/","NA","aljqg","Genesis","36","4"
"Hebrew",">LJQ>/","NA","aljsa","Samuel_II","23","25"
"Hebrew",">LJQJM/","NA","aljsjm","Reges_II","18","18"
"Hebrew",">LJSP/","NA","aljoq","Numeri","1","14"
"Hebrew",">LJTH/","NA","aljve","Chronica_I","25","27"
"Hebrew",">LJW<JNJ/","NA","aljfpjnj","Esra","10","22"
"Hebrew",">LJXB>/","NA","aljhba","Samuel_II","23","32"
"Hebrew",">LJXRP/","NA","aljhtq","Reges_I","4","3"
"Hebrew",">LJYPN/","NA","aljrqn","Numeri","3","30"
"Hebrew",">LJYWR/","NA","aljrft","Numeri","1","5"
"Hebrew",">LLJ","NA","allj","Micha","7","1"
"Hebrew",">LM/","NA","alm","Exodus","4","11"
"Hebrew",">LM=/","NA","alm","Psalmi","56","1"
"Hebrew",">LMGJM/","NA","almcjm","Reges_I","10","11"
"Hebrew",">LMH/","NA","alme","Genesis","37","7"
"Hebrew",">LMLK/","NA","almlk","Josua","19","26"
"Hebrew",">LMN/","NA","almn","Jesaia","47","9"
"Hebrew",">LMN=/","NA","almn","Jeremia","51","5"
"Hebrew",">LMNH/","NA","almne","Genesis","38","11"
"Hebrew",">LMNJ/","NA","almnj","Samuel_I","21","3"
"Hebrew",">LMNWT/","NA","almnfv","Genesis","38","14"
"Hebrew",">LMWDD/","NA","almfdd","Genesis","10","26"
"Hebrew",">LM[","nif","alm","Jesaia","53","7"
"Hebrew",">LN<M/","NA","alnpm","Chronica_I","11","46"
"Hebrew",">LNJ/","NA","alnj","Numeri","26","26"
"Hebrew",">LNTN/","NA","alnvn","Reges_II","24","8"
"Hebrew",">LP/","NA","alq","Deuteronomium","7","13"
"Hebrew",">LP<L/","NA","alqpl","Chronica_I","8","11"
"Hebrew",">LP=/","NA","alq","Genesis","20","16"
"Hebrew",">LP==/","NA","alq","Numeri","1","16"
"Hebrew",">LP===/","NA","alq","Josua","18","28"
"Hebrew",">LP=[","hif","alq","Psalmi","144","13"
"Hebrew",">LPLV/","NA","alqli","Chronica_I","14","5"
"Hebrew",">LP[","qal","alq","Proverbia","22","25"
"Hebrew",">LQCJ/","NA","alsuj","Nahum","1","1"
"Hebrew",">LQNH/","NA","alsne","Exodus","6","24"
"Hebrew",">LQWM/","NA","alsfm","Proverbia","30","31"
"Hebrew",">LSR/","NA","alot","Genesis","14","1"
"Hebrew",">LTQ>/","NA","alvsa","Josua","19","44"
"Hebrew",">LTQN/","NA","alvsn","Josua","15","59"
"Hebrew",">LTWLD/","NA","alvfld","Josua","15","30"
"Hebrew",">LW","NA","alf","Ecclesiastes","6","6"
"Hebrew",">LWC/","NA","alfu","Numeri","33","13"
"Hebrew",">LWH/","NA","alfe","Deuteronomium","32","15"
"Hebrew",">LWL/","NA","alfl","Nehemia","6","15"
"Hebrew",">LWN/","NA","alfn","Genesis","12","6"
"Hebrew",">LWN=/","NA","alfn","Genesis","35","8"
"Hebrew",">LWN==/","NA","alfn","Genesis","46","14"
"Hebrew",">LWN===/","NA","alfn","Chronica_I","4","37"
"Hebrew",">LWP/","NA","alfq","Genesis","36","15"
"Hebrew",">LWP=/","NA","alfq","Jeremia","3","4"
"Hebrew",">LXNN/","NA","alhnn","Samuel_II","21","19"
"Hebrew",">LX[","nif","alh","Psalmi","14","3"
"Hebrew",">LYPN/","NA","alrqn","Exodus","6","22"
"Hebrew",">LY[","piel","alr","Judices","16","16"
"Hebrew",">LZBD/","NA","algbd","Chronica_I","12","13"
"Hebrew",">L_BRJT/","NA","al btjv","Judices","9","46"
"Hebrew",">M","NA","am","Genesis","4","7"
"Hebrew",">M/","NA","am","Genesis","2","24"
"Hebrew",">MC/","NA","amu","Genesis","19","34"
"Hebrew",">MH/","NA","ame","Genesis","20","17"
"Hebrew",">MH=/","NA","ame","Genesis","6","15"
"Hebrew",">MH==/","NA","ame","Genesis","25","16"
"Hebrew",">MH===/","NA","ame","Samuel_II","8","1"
"Hebrew",">MH====/","NA","ame","Samuel_II","2","24"
"Hebrew",">MJ/","NA","amj","Esra","2","57"
"Hebrew",">MJR/","NA","amjt","Jesaia","17","6"
"Hebrew",">MJY/","NA","amjr","Samuel_II","15","12"
"Hebrew",">MLH/","NA","amle","Ezechiel","16","30"
"Hebrew",">MLL/","NA","amll","Nehemia","3","34"
"Hebrew",">MLL=/","NA","amll","Psalmi","6","3"
"Hebrew",">ML[","pual","aml","Samuel_I","2","5"
"Hebrew",">MM/","NA","amm","Josua","15","26"
"Hebrew",">MN","NA","amn","Numeri","5","22"
"Hebrew",">MN/","NA","amn","Deuteronomium","32","20"
"Hebrew",">MN=/","NA","amn","Jesaia","25","1"
"Hebrew",">MN==/","NA","amn","Canticum","7","2"
"Hebrew",">MNH","NA","amne","Genesis","20","12"
"Hebrew",">MNH/","NA","amne","Reges_II","18","16"
"Hebrew",">MNH=/","NA","amne","Esther","2","20"
"Hebrew",">MNH==/","NA","amne","Nehemia","10","1"
"Hebrew",">MNH===/","NA","amne","Reges_II","5","12"
"Hebrew",">MNM","NA","amnm","Reges_II","19","17"
"Hebrew",">MNM=","NA","amnm","Genesis","18","13"
"Hebrew",">MNWN/","NA","amnfn","Samuel_II","3","2"
"Hebrew",">MN[","qal","amn","Numeri","11","12"
"Hebrew",">MR/","NA","amt","Numeri","24","4"
"Hebrew",">MR=/","NA","amt","Habakuk","3","9"
"Hebrew",">MR==/","NA","amt","Genesis","49","21"
"Hebrew",">MR===/","NA","amt","Jeremia","20","1"
"Hebrew",">MR=[","hit","amt","Psalmi","94","4"
"Hebrew",">MRH/","NA","amte","Genesis","4","23"
"Hebrew",">MRJ/","NA","amtj","Genesis","10","16"
"Hebrew",">MRJ=/","NA","amtj","Nehemia","3","2"
"Hebrew",">MRJH/","NA","amtje","Zephania","1","1"
"Hebrew",">MRJHW/","NA","amtjef","Chronica_I","24","23"
"Hebrew",">MRPL/","NA","amtql","Genesis","14","1"
"Hebrew",">MR[","qal","amt","Genesis","1","3"
"Hebrew",">MT/","NA","amv","Genesis","24","27"
"Hebrew",">MTJ/","NA","amvj","Reges_II","14","25"
"Hebrew",">MTXT/","NA","amvhv","Genesis","42","27"
"Hebrew",">MWN/","NA","amfn","Samuel_II","20","19"
"Hebrew",">MWN=/","NA","amfn","Jeremia","52","15"
"Hebrew",">MWN==/","NA","amfn","Reges_I","22","26"
"Hebrew",">MWN===/","NA","amfn","Jeremia","46","25"
"Hebrew",">MWNH/","NA","amfne","Exodus","17","12"
"Hebrew",">MWY/","NA","amfr","Reges_II","19","2"
"Hebrew",">MY/","NA","amr","Iob","17","9"
"Hebrew",">MY=/","NA","amr","Sacharia","6","3"
"Hebrew",">MYH/","NA","amre","Sacharia","12","5"
"Hebrew",">MYJ/","NA","amrj","Nehemia","11","12"
"Hebrew",">MYJH/","NA","amrje","Reges_II","12","22"
"Hebrew",">MYJHW/","NA","amrjef","Reges_II","14","1"
"Hebrew",">MY[","qal","amr","Genesis","25","23"
"Hebrew",">N","NA","an","Genesis","16","8"
"Hebrew",">N>","NA","ana","Genesis","50","17"
"Hebrew",">NC[","nif","anu","Samuel_II","12","15"
"Hebrew",">NH/","NA","ane","Deuteronomium","26","14"
"Hebrew",">NH=[","qal","ane","Jesaia","3","26"
"Hebrew",">NH[","piel","ane","Exodus","21","13"
"Hebrew",">NJ","NA","anj","Genesis","6","17"
"Hebrew",">NJ/","NA","anj","Reges_I","9","26"
"Hebrew",">NJ<M/","NA","anjpm","Chronica_I","7","19"
"Hebrew",">NJH/","NA","anje","Genesis","49","13"
"Hebrew",">NJH=/","NA","anje","Jesaia","29","2"
"Hebrew",">NK/","NA","ank","Amos","7","7"
"Hebrew",">NKJ","NA","ankj","Genesis","3","10"
"Hebrew",">NN[","hit","ann","Numeri","11","1"
"Hebrew",">NPH/","NA","anqe","Leviticus","11","19"
"Hebrew",">NP[","qal","anq","Reges_I","8","46"
"Hebrew",">NQH/","NA","anse","Maleachi","2","13"
"Hebrew",">NQH=/","NA","anse","Leviticus","11","30"
"Hebrew",">NQ[","qal","ans","Jeremia","51","52"
"Hebrew",">NS[","qal","ano","Esther","1","8"
"Hebrew",">NWC/","NA","anfu","Deuteronomium","32","26"
"Hebrew",">NWC=/","NA","anfu","Jesaia","17","11"
"Hebrew",">NWC==/","NA","anfu","Genesis","4","26"
"Hebrew",">NXH/","NA","anhe","Jesaia","21","2"
"Hebrew",">NXNW","NA","anhnf","Genesis","13","8"
"Hebrew",">NXRT/","NA","anhtv","Josua","19","19"
"Hebrew",">NX[","nif","anh","Exodus","2","23"
"Hebrew",">P","NA","aq","Genesis","3","1"
"Hebrew",">P/","NA","aq","Genesis","2","7"
"Hebrew",">P</","NA","aqp","Jesaia","41","24"
"Hebrew",">P<H/","NA","aqpe","Jesaia","30","6"
"Hebrew",">PD/","NA","aqd","Exodus","25","7"
"Hebrew",">PD=/","NA","aqd","Numeri","34","23"
"Hebrew",">PDH/","NA","aqde","Exodus","28","8"
"Hebrew",">PDN/","NA","aqdn","Daniel","11","45"
"Hebrew",">PD[","qal","aqd","Exodus","29","5"
"Hebrew",">PH/","NA","aqe","Genesis","40","1"
"Hebrew",">PH[","qal","aqe","Genesis","19","3"
"Hebrew",">PJL/","NA","aqjl","Exodus","9","32"
"Hebrew",">PJM/","NA","aqjm","Chronica_I","2","30"
"Hebrew",">PJQ/","NA","aqjs","Samuel_II","22","16"
"Hebrew",">PJQ=/","NA","aqjs","Iob","12","21"
"Hebrew",">PJQ==/","NA","aqjs","Judices","1","31"
"Hebrew",">PJX/","NA","aqjh","Samuel_I","9","1"
"Hebrew",">PL/","NA","aql","Amos","5","20"
"Hebrew",">PL=/","NA","aql","Jesaia","29","18"
"Hebrew",">PLH/","NA","aqle","Exodus","10","22"
"Hebrew",">PLL/","NA","aqll","Chronica_I","2","37"
"Hebrew",">PN/","NA","aqn","Proverbia","25","11"
"Hebrew",">PP[","qal","aqq","Samuel_II","22","5"
"Hebrew",">PQ/","NA","aqs","Josua","12","18"
"Hebrew",">PQH/","NA","aqse","Josua","15","53"
"Hebrew",">PQ[","hit","aqs","Genesis","43","31"
"Hebrew",">PR/","NA","aqt","Genesis","18","27"
"Hebrew",">PR=/","NA","aqt","Reges_I","20","38"
"Hebrew",">PRJM/","NA","aqtjm","Genesis","41","52"
"Hebrew",">PRJWN/","NA","aqtjfn","Canticum","3","9"
"Hebrew",">PRT/","NA","aqtv","Genesis","35","16"
"Hebrew",">PRTH/","NA","aqtve","Micha","5","1"
"Hebrew",">PRTJ/","NA","aqtvj","Judices","12","5"
"Hebrew",">PRX/","NA","aqth","Deuteronomium","22","6"
"Hebrew",">PS/","NA","aqo","Numeri","13","28"
"Hebrew",">PSJM/","NA","aqojm","Ezechiel","47","3"
"Hebrew",">PS[","qal","aqo","Genesis","47","15"
"Hebrew",">PS_DMJM/","NA","aqo dmjm","Samuel_I","17","1"
"Hebrew",">PW","NA","aqf","Genesis","27","33"
"Hebrew",">QDX/","NA","asdh","Jesaia","54","12"
"Hebrew",">QW/","NA","asf","Deuteronomium","14","5"
"Hebrew",">R>/","NA","ata","Chronica_I","7","38"
"Hebrew",">R>L/","NA","atal","Jesaia","33","7"
"Hebrew",">R>LJ/","NA","atalj","Numeri","26","17"
"Hebrew",">R>LJ=/","NA","atalj","Genesis","46","16"
"Hebrew",">RB/","NA","atb","Jeremia","9","7"
"Hebrew",">RB</","NA","atbp","Genesis","2","10"
"Hebrew",">RB=/","NA","atb","Iob","37","8"
"Hebrew",">RB==/","NA","atb","Josua","15","52"
"Hebrew",">RBH/","NA","atbe","Exodus","10","4"
"Hebrew",">RBH=/","NA","atbe","Genesis","7","11"
"Hebrew",">RBH==/","NA","atbe","Jesaia","25","11"
"Hebrew",">RBJ/","NA","atbj","Samuel_II","23","35"
"Hebrew",">RBWT/","NA","atbfv","Reges_I","4","10"
"Hebrew",">RB[","qal","atb","Deuteronomium","19","11"
"Hebrew",">RCT/","NA","atuv","Psalmi","21","3"
"Hebrew",">RD/","NA","atd","Genesis","46","21"
"Hebrew",">RDJ/","NA","atdj","Numeri","26","40"
"Hebrew",">RDJ=/","NA","atdj","Esther","9","9"
"Hebrew",">RDWN/","NA","atdfn","Chronica_I","2","18"
"Hebrew",">RF[","piel","atu","Deuteronomium","20","7"
"Hebrew",">RG/","NA","atc","Judices","16","14"
"Hebrew",">RGB/","NA","atcb","Deuteronomium","3","4"
"Hebrew",">RGMN/","NA","atcmn","Exodus","25","4"
"Hebrew",">RGWN/","NA","atcfn","Chronica_II","2","6"
"Hebrew",">RGZ/","NA","atcg","Samuel_I","6","8"
"Hebrew",">RG[","qal","atc","Exodus","28","32"
"Hebrew",">RH[","qal","ate","Psalmi","80","13"
"Hebrew",">RJ/","NA","atj","Numeri","23","24"
"Hebrew",">RJ=/","NA","atj","Reges_I","4","19"
"Hebrew",">RJ>L/","NA","atjal","Ezechiel","43","15"
"Hebrew",">RJ>L=/","NA","atjal","Jesaia","29","1"
"Hebrew",">RJ>L==/","NA","atjal","Samuel_II","23","20"
"Hebrew",">RJDT>/","NA","atjdva","Esther","9","8"
"Hebrew",">RJH/","NA","atje","Genesis","49","9"
"Hebrew",">RJH=/","NA","atje","Reges_II","15","25"
"Hebrew",">RJSJ/","NA","atjoj","Esther","9","9"
"Hebrew",">RJWK/","NA","atjfk","Genesis","14","1"
"Hebrew",">RK/","NA","atk","Exodus","34","6"
"Hebrew",">RK=/","NA","atk","Genesis","6","15"
"Hebrew",">RK==/","NA","atk","Samuel_II","3","1"
"Hebrew",">RK===/","NA","atk","Genesis","10","10"
"Hebrew",">RKJ/","NA","atkj","Josua","16","2"
"Hebrew",">RK[","qal","atk","Genesis","26","8"
"Hebrew",">RM/","NA","atm","Genesis","10","22"
"Hebrew",">RMJ/","NA","atmj","Genesis","25","20"
"Hebrew",">RMJ=/","NA","atmj","Reges_II","18","26"
"Hebrew",">RMNJ/","NA","atmnj","Samuel_II","21","8"
"Hebrew",">RMWN/","NA","atmfn","Reges_I","16","18"
"Hebrew",">RM_M<KH/","NA","atm mpke","Chronica_I","19","6"
"Hebrew",">RM_NHRJM/","NA","atm netjm","Genesis","24","10"
"Hebrew",">RN/","NA","atn","Jesaia","44","14"
"Hebrew",">RN=/","NA","atn","Genesis","36","28"
"Hebrew",">RN==/","NA","atn","Chronica_I","2","25"
"Hebrew",">RNBT/","NA","atnbv","Leviticus","11","6"
"Hebrew",">RNN/","NA","atnn","Chronica_I","3","21"
"Hebrew",">RNN=/","NA","atnn","Chronica_I","21","15"
"Hebrew",">RNWN/","NA","atnfn","Numeri","21","13"
"Hebrew",">RPD/","NA","atqd","Reges_II","18","34"
"Hebrew",">RPKCD/","NA","atqkud","Genesis","10","22"
"Hebrew",">RRJ/","NA","attj","Samuel_II","23","33"
"Hebrew",">RRV/","NA","atti","Genesis","8","4"
"Hebrew",">RR[","qal","att","Genesis","3","14"
"Hebrew",">RT/","NA","atv","Reges_II","4","39"
"Hebrew",">RTXCFT>/","NA","atvhuuva","Esra","4","7"
"Hebrew",">RTXCST>/","NA","atvhuova","Esra","7","1"
"Hebrew",">RWD/","NA","atfd","Numeri","26","17"
"Hebrew",">RWD=/","NA","atfd","Ezechiel","27","8"
"Hebrew",">RWDJ/","NA","atfdj","Genesis","10","18"
"Hebrew",">RWDJ=/","NA","atfdj","Numeri","26","17"
"Hebrew",">RWDJ==/","NA","atfdj","Genesis","46","16"
"Hebrew",">RWH/","NA","atfe","Reges_I","5","6"
"Hebrew",">RWKH/","NA","atfke","Jesaia","58","8"
"Hebrew",">RWMH/","NA","atfme","Judices","9","41"
"Hebrew",">RWN/","NA","atfn","Genesis","50","26"
"Hebrew",">RWNH/","NA","atfne","Samuel_II","24","16"
"Hebrew",">RWZ/","NA","atfg","Ezechiel","27","24"
"Hebrew",">RX/","NA","ath","Genesis","18","11"
"Hebrew",">RX=/","NA","ath","Esra","2","5"
"Hebrew",">RXH/","NA","athe","Genesis","37","25"
"Hebrew",">RXH=/","NA","athe","Reges_II","25","30"
"Hebrew",">RX[","qal","ath","Judices","19","17"
"Hebrew",">RY/","NA","atr","Genesis","1","1"
"Hebrew",">RY>/","NA","atra","Reges_I","16","9"
"Hebrew",">RZ/","NA","atg","Leviticus","14","4"
"Hebrew",">RZH/","NA","atge","Zephania","2","14"
"Hebrew",">S>/","NA","aoa","Reges_I","15","8"
"Hebrew",">SJP/","NA","aojq","Exodus","23","16"
"Hebrew",">SJR/","NA","aojt","Genesis","39","20"
"Hebrew",">SJR=/","NA","aojt","Jesaia","10","4"
"Hebrew",">SJR==/","NA","aojt","Exodus","6","24"
"Hebrew",">SM/","NA","aom","Deuteronomium","28","8"
"Hebrew",">SNH/","NA","aone","Esra","2","50"
"Hebrew",">SNT/","NA","aonv","Genesis","41","45"
"Hebrew",">SP/","NA","aoq","Jesaia","32","10"
"Hebrew",">SP=/","NA","aoq","Nehemia","12","25"
"Hebrew",">SP==/","NA","aoq","Reges_II","18","18"
"Hebrew",">SPH/","NA","aoqe","Jesaia","24","22"
"Hebrew",">SPH=/","NA","aoqe","Ecclesiastes","12","11"
"Hebrew",">SPSP/","NA","aoqoq","Numeri","11","4"
"Hebrew",">SPT>/","NA","aoqva","Esther","9","7"
"Hebrew",">SP[","qal","aoq","Genesis","6","21"
"Hebrew",">SR/","NA","aot","Numeri","30","3"
"Hebrew",">SR=/","NA","aot","Chronica_I","3","17"
"Hebrew",">SR[","qal","aot","Genesis","39","20"
"Hebrew",">SR_XDN/","NA","aot hdn","Reges_II","19","37"
"Hebrew",">STR/","NA","aovt","Esther","2","7"
"Hebrew",">SWK/","NA","aofk","Reges_II","4","2"
"Hebrew",">SWN/","NA","aofn","Genesis","42","4"
"Hebrew",">SWR/","NA","aoft","Judices","15","14"
"Hebrew",">T","NA","av","Genesis","1","1"
"Hebrew",">T/","NA","av","Samuel_I","13","20"
"Hebrew",">T=","NA","av","Genesis","12","11"
"Hebrew",">T==","NA","av","Genesis","4","1"
"Hebrew",">TB<L/","NA","avbpl","Reges_I","16","31"
"Hebrew",">TH","NA","ave","Genesis","3","11"
"Hebrew",">TH[","qal","ave","Deuteronomium","33","2"
"Hebrew",">TJ/","NA","avj","Samuel_II","15","19"
"Hebrew",">TJQ/","NA","avjs","Ezechiel","41","15"
"Hebrew",">TM","NA","avm","Genesis","9","7"
"Hebrew",">TM/","NA","avm","Exodus","13","20"
"Hebrew",">TMWL/","NA","avmfl","Samuel_I","4","7"
"Hebrew",">TN","NA","avn","Ezechiel","34","31"
"Hebrew",">TNH","NA","avne","Genesis","31","6"
"Hebrew",">TNH/","NA","avne","Hosea","2","14"
"Hebrew",">TNJ/","NA","avnj","Chronica_I","6","26"
"Hebrew",">TNN/","NA","avnn","Deuteronomium","23","19"
"Hebrew",">TNN=/","NA","avnn","Chronica_I","4","7"
"Hebrew",">TRJM/","NA","avtjm","Numeri","21","1"
"Hebrew",">TWN/","NA","avfn","Genesis","12","16"
"Hebrew",">V/","NA","ai","Genesis","33","14"
"Hebrew",">VD/","NA","aid","Judices","9","14"
"Hebrew",">VJM/","NA","aijm","Jesaia","19","3"
"Hebrew",">VM[","qal","aim","Reges_I","6","4"
"Hebrew",">VR/","NA","ait","Judices","3","15"
"Hebrew",">VR=/","NA","ait","Esra","2","16"
"Hebrew",">VR[","qal","ait","Psalmi","69","16"
"Hebrew",">VWN/","NA","aifn","Proverbia","7","16"
"Hebrew",">W","NA","af","Genesis","24","49"
"Hebrew",">W>L/","NA","afal","Esra","10","34"
"Hebrew",">WB/","NA","afb","Leviticus","19","31"
"Hebrew",">WB=/","NA","afb","Iob","32","19"
"Hebrew",">WBJL/","NA","afbjl","Chronica_I","27","30"
"Hebrew",">WD/","NA","afd","Jesaia","7","4"
"Hebrew",">WDWT/","NA","afdfv","Genesis","21","11"
"Hebrew",">WH/","NA","afe","Deuteronomium","12","15"
"Hebrew",">WH[","piel","afe","Deuteronomium","12","20"
"Hebrew",">WJ","NA","afj","Numeri","21","29"
"Hebrew",">WJ/","NA","afj","Numeri","31","8"
"Hebrew",">WJH","NA","afje","Psalmi","120","5"
"Hebrew",">WJL/","NA","afjl","Jesaia","19","11"
"Hebrew",">WJL_MRDK/","NA","afjl mtdk","Reges_II","25","27"
"Hebrew",">WL/","NA","afl","Psalmi","73","4"
"Hebrew",">WLJ","NA","aflj","Genesis","16","2"
"Hebrew",">WLJ/","NA","aflj","Sacharia","11","15"
"Hebrew",">WLJ=/","NA","aflj","Daniel","8","2"
"Hebrew",">WLM","NA","aflm","Genesis","28","19"
"Hebrew",">WLM/","NA","aflm","Chronica_I","7","16"
"Hebrew",">WLT/","NA","aflv","Psalmi","38","6"
"Hebrew",">WMR/","NA","afmt","Genesis","36","11"
"Hebrew",">WN/","NA","afn","Genesis","49","3"
"Hebrew",">WN=/","NA","afn","Numeri","23","21"
"Hebrew",">N/","NA","an","Genesis","41","45"
"Hebrew",">WN===/","NA","afn","Numeri","16","1"
"Hebrew",">WN====/","NA","afn","Ezechiel","30","17"
"Hebrew",">WNM/","NA","afnm","Genesis","36","23"
"Hebrew",">WNN/","NA","afnn","Genesis","38","4"
"Hebrew",">WNW/","NA","afnf","Esra","2","33"
"Hebrew",">WPJR/","NA","afqjt","Genesis","10","29"
"Hebrew",">WPJR=/","NA","afqjt","Chronica_I","1","23"
"Hebrew",">WPN/","NA","afqn","Exodus","14","25"
"Hebrew",">WPZ/","NA","afqg","Jeremia","10","9"
"Hebrew",">WR/","NA","aft","Genesis","1","3"
"Hebrew",">WR=/","NA","aft","Jesaia","24","15"
"Hebrew",">WR==/","NA","aft","Exodus","28","30"
"Hebrew",">WR===/","NA","aft","Genesis","11","28"
"Hebrew",">WR====/","NA","aft","Chronica_I","11","35"
"Hebrew",">WRH/","NA","afte","Psalmi","139","12"
"Hebrew",">WRJ/","NA","aftj","Exodus","31","2"
"Hebrew",">WRJ>L/","NA","aftjal","Chronica_I","6","9"
"Hebrew",">WRJH/","NA","aftje","Samuel_II","11","3"
"Hebrew",">WRJHW/","NA","aftjef","Jeremia","26","20"
"Hebrew",">WRWT/","NA","aftfv","Chronica_II","32","28"
"Hebrew",">WR[","qal","aft","Genesis","44","3"
"Hebrew",">WT/","NA","afv","Genesis","1","14"
"Hebrew",">WT[","nif","afv","Genesis","34","15"
"Hebrew",">WYR/","NA","afrt","Deuteronomium","28","12"
"Hebrew",">WY[","qal","afr","Exodus","5","13"
"Hebrew",">WZJ/","NA","afgj","Nehemia","3","25"
"Hebrew",">WZL/","NA","afgl","Genesis","10","27"
"Hebrew",">X","NA","ah","Ezechiel","6","11"
"Hebrew",">X/","NA","ah","Genesis","4","2"
"Hebrew",">X=/","NA","ah","Jesaia","13","21"
"Hebrew",">X==/","NA","ah","Jeremia","36","22"
"Hebrew",">X>B/","NA","ahab","Reges_I","16","28"
"Hebrew",">XBN/","NA","ahbn","Chronica_I","2","29"
"Hebrew",">XCDRPN/","NA","ahudtqn","Esther","3","12"
"Hebrew",">XCTRJ/","NA","ahuvtj","Chronica_I","4","6"
"Hebrew",">XCTRN/","NA","ahuvtn","Esther","8","10"
"Hebrew",">XCWRWC/","NA","ahuftfu","Esther","1","1"
"Hebrew",">XD/","NA","ahd","Genesis","1","5"
"Hebrew",">XD[","hit","ahd","Ezechiel","21","21"
"Hebrew",">XJ/","NA","ahj","Genesis","46","21"
"Hebrew",">XJ<ZR/","NA","ahjpgt","Numeri","1","12"
"Hebrew",">XJ=/","NA","ahj","Chronica_I","5","15"
"Hebrew",">XJ>M/","NA","ahjam","Samuel_II","23","33"
"Hebrew",">XJCR/","NA","ahjut","Reges_I","4","6"
"Hebrew",">XJCXR/","NA","ahjuht","Chronica_I","7","10"
"Hebrew",">XJH/","NA","ahje","Samuel_I","14","3"
"Hebrew",">XJHW/","NA","ahjef","Reges_I","14","4"
"Hebrew",">XJHWD/","NA","ahjefd","Numeri","34","27"
"Hebrew",">XJLWD/","NA","ahjlfd","Samuel_II","8","16"
"Hebrew",">XJM<Y/","NA","ahjmpr","Samuel_I","14","50"
"Hebrew",">XJMLK/","NA","ahjmlk","Samuel_I","21","2"
"Hebrew",">XJMN/","NA","ahjmn","Numeri","13","22"
"Hebrew",">XJMWT/","NA","ahjmfv","Chronica_I","6","10"
"Hebrew",">XJN/","NA","ahjn","Chronica_I","7","19"
"Hebrew",">XJN<M/","NA","ahjnpm","Samuel_I","14","50"
"Hebrew",">XJNDB/","NA","ahjndb","Reges_I","4","14"
"Hebrew",">XJQM/","NA","ahjsm","Reges_II","22","12"
"Hebrew",">XJR</","NA","ahjtp","Numeri","1","15"
"Hebrew",">XJRM/","NA","ahjtm","Numeri","26","38"
"Hebrew",">XJRMJ/","NA","ahjtmj","Numeri","26","38"
"Hebrew",">XJSMK/","NA","ahjomk","Exodus","31","6"
"Hebrew",">XJTPL/","NA","ahjvql","Samuel_II","15","12"
"Hebrew",">XJVWB/","NA","ahjifb","Samuel_I","14","3"
"Hebrew",">XJW/","NA","ahjf","Samuel_II","6","3"
"Hebrew",">XJXD/","NA","ahjhd","Chronica_I","8","7"
"Hebrew",">XLB/","NA","ahlb","Judices","1","31"
"Hebrew",">XLJ","NA","ahlj","Reges_II","5","3"
"Hebrew",">XLJ/","NA","ahlj","Chronica_I","2","31"
"Hebrew",">XLMH/","NA","ahlme","Exodus","28","19"
"Hebrew",">XR/","NA","aht","Genesis","5","4"
"Hebrew",">XR=/","NA","aht","Genesis","4","25"
"Hebrew",">XR==/","NA","aht","Chronica_I","7","12"
"Hebrew",">XRJT/","NA","ahtjv","Genesis","49","1"
"Hebrew",">XRNJT","NA","ahtnjv","Genesis","9","23"
"Hebrew",">XRWN/","NA","ahtfn","Genesis","33","2"
"Hebrew",">XRX/","NA","ahth","Chronica_I","8","1"
"Hebrew",">XRXL/","NA","ahthl","Chronica_I","4","8"
"Hebrew",">XR[","qal","aht","Genesis","32","5"
"Hebrew",">XSBJ/","NA","ahobj","Samuel_II","23","34"
"Hebrew",">XW/","NA","ahf","Genesis","41","2"
"Hebrew",">XWD/","NA","ahfd","Chronica_I","8","6"
"Hebrew",">XWH/","NA","ahfe","Sacharia","11","14"
"Hebrew",">XWH=/","NA","ahfe","Iob","13","17"
"Hebrew",">XWMJ/","NA","ahfmj","Chronica_I","4","2"
"Hebrew",">XWR/","NA","ahft","Genesis","49","17"
"Hebrew",">XWT/","NA","ahfv","Genesis","4","22"
"Hebrew",">XWX/","NA","ahfh","Chronica_I","8","4"
"Hebrew",">XWXJ/","NA","ahfhj","Samuel_II","23","9"
"Hebrew",">XZ/","NA","ahg","Canticum","3","8"
"Hebrew",">XZ=/","NA","ahg","Reges_II","15","38"
"Hebrew",">XZ=[","qal","ahg","Reges_I","6","6"
"Hebrew",">XZH/","NA","ahge","Genesis","17","8"
"Hebrew",">XZJ/","NA","ahgj","Nehemia","11","13"
"Hebrew",">XZJH/","NA","ahgje","Reges_II","1","2"
"Hebrew",">XZJHW/","NA","ahgjef","Reges_I","22","40"
"Hebrew",">XZM/","NA","ahgm","Chronica_I","4","6"
"Hebrew",">XZT/","NA","ahgv","Genesis","26","26"
"Hebrew",">XZ[","qal","ahg","Genesis","25","26"
"Hebrew",">Y<DH/","NA","arpde","Numeri","31","50"
"Hebrew",">YB</","NA","arbp","Exodus","8","15"
"Hebrew",">YBWN/","NA","arbfn","Genesis","46","16"
"Hebrew",">YJL/","NA","arjl","Jesaia","41","9"
"Hebrew",">YJL=/","NA","arjl","Exodus","24","11"
"Hebrew",">YJL==/","NA","arjl","Jeremia","38","12"
"Hebrew",">YL/","NA","arl","Genesis","39","10"
"Hebrew",">YL=/","NA","arl","Chronica_I","8","37"
"Hebrew",">YL==/","NA","arl","Sacharia","14","5"
"Hebrew",">YLJHW/","NA","arljef","Reges_II","22","3"
"Hebrew",">YL[","qal","arl","Genesis","27","36"
"Hebrew",">YM/","NA","arm","Chronica_I","2","15"
"Hebrew",">YR/","NA","art","Genesis","36","21"
"Hebrew",">YR[","qal","art","Reges_II","20","17"
"Hebrew",">Z","NA","ag","Genesis","4","26"
"Hebrew",">ZBJ/","NA","agbj","Chronica_I","11","37"
"Hebrew",">ZJ","NA","agj","Psalmi","124","3"
"Hebrew",">ZKRH/","NA","agkte","Leviticus","2","2"
"Hebrew",">ZL/","NA","agl","Samuel_I","20","19"
"Hebrew",">ZL[","qal","agl","Deuteronomium","32","36"
"Hebrew",">ZN/","NA","agn","Genesis","20","8"
"Hebrew",">ZN=/","NA","agn","Deuteronomium","23","14"
"Hebrew",">ZN=[","piel","agn","Ecclesiastes","12","9"
"Hebrew",">ZNJ/","NA","agnj","Numeri","26","16"
"Hebrew",">ZNJ=/","NA","agnj","Numeri","26","16"
"Hebrew",">ZNJH/","NA","agnje","Nehemia","10","10"
"Hebrew",">ZNWT_TBWR/","NA","agnfv vbft","Josua","19","34"
"Hebrew",">ZN[","hif","agn","Genesis","4","23"
"Hebrew",">ZN_C>RH/","NA","agn uate","Chronica_I","7","24"
"Hebrew",">ZQJM/","NA","agsjm","Jeremia","40","1"
"Hebrew",">ZR</","NA","agtp","Jeremia","32","21"
"Hebrew",">ZRX/","NA","agth","Exodus","12","19"
"Hebrew",">ZRXJ/","NA","agthj","Reges_I","5","11"
"Hebrew",">ZR[","qal","agt","Samuel_I","2","4"
"Hebrew",">ZWB/","NA","agfb","Exodus","12","22"
"Hebrew",">ZWR/","NA","agft","Reges_II","1","8"
"Hebrew","B","NA","b","Genesis","1","1"
"Hebrew","B<C>/","NA","bpua","Reges_I","15","16"
"Hebrew","B<CTRH/","NA","bpuvte","Josua","21","27"
"Hebrew","B<D/","NA","bpd","Genesis","7","16"
"Hebrew","B<FJH/","NA","bpuje","Chronica_I","6","25"
"Hebrew","B<H[","qal","bpe","Jesaia","21","12"
"Hebrew","B<JM/","NA","bpjm","Jesaia","11","15"
"Hebrew","B<JR/","NA","bpjt","Genesis","45","17"
"Hebrew","B<L/","NA","bpl","Genesis","14","13"
"Hebrew","B<L=/","NA","bpl","Chronica_I","4","33"
"Hebrew","B<L==/","NA","bpl","Chronica_I","5","5"
"Hebrew","B<LH/","NA","bple","Samuel_I","28","7"
"Hebrew","B<LH=/","NA","bple","Josua","15","9"
"Hebrew","B<LJD</","NA","bpljdp","Chronica_I","14","7"
"Hebrew","B<LJH/","NA","bplje","Chronica_I","12","6"
"Hebrew","B<LJS/","NA","bpljo","Jeremia","40","14"
"Hebrew","B<LJ_JHWDH/","NA","bplj jefde","Samuel_II","6","2"
"Hebrew","B<LT/","NA","bplv","Josua","19","44"
"Hebrew","B<LT_B>R/","NA","bplv bat","Josua","19","8"
"Hebrew","B<LWT/","NA","bplfv","Josua","15","24"
"Hebrew","B<L[","qal","bpl","Genesis","20","3"
"Hebrew","B<L_BRJT/","NA","bpl btjv","Judices","8","33"
"Hebrew","B<L_CLCH/","NA","bpl ulue","Reges_II","4","42"
"Hebrew","B<L_GD/","NA","bpl cd","Josua","11","17"
"Hebrew","B<L_HMWN/","NA","bpl emfn","Canticum","8","11"
"Hebrew","B<L_M<WN/","NA","bpl mpfn","Numeri","32","38"
"Hebrew","B<L_P<WR/","NA","bpl qpft","Numeri","25","3"
"Hebrew","B<L_PRYJM/","NA","bpl qtrjm","Samuel_II","5","20"
"Hebrew","B<L_TMR/","NA","bpl vmt","Judices","20","33"
"Hebrew","B<L_XNN/","NA","bpl hnn","Genesis","36","38"
"Hebrew","B<L_XRMWN/","NA","bpl htmfn","Judices","3","3"
"Hebrew","B<L_XYWR/","NA","bpl hrft","Samuel_II","13","23"
"Hebrew","B<L_YPN/","NA","bpl rqn","Exodus","14","2"
"Hebrew","B<N/","NA","bpn","Numeri","32","3"
"Hebrew","B<N>/","NA","bpna","Reges_I","4","12"
"Hebrew","B<NH/","NA","bpne","Samuel_II","4","2"
"Hebrew","B<R/","NA","bpt","Psalmi","49","11"
"Hebrew","B<R=[","qal","bpt","Jeremia","10","8"
"Hebrew","B<R>/","NA","bpta","Chronica_I","8","8"
"Hebrew","B<RH/","NA","bpte","Exodus","22","5"
"Hebrew","B<R[","qal","bpt","Exodus","3","2"
"Hebrew","B<TH/","NA","bpve","Jeremia","8","15"
"Hebrew","B<T[","nif","bpv","Esther","7","6"
"Hebrew","B<V[","qal","bpi","Deuteronomium","32","15"
"Hebrew","B<WR/","NA","bpft","Genesis","36","32"
"Hebrew","B<WT/","NA","bpfv","Psalmi","88","17"
"Hebrew","B<Z/","NA","bpg","Ruth","2","1"
"Hebrew","B<Z=/","NA","bpg","Reges_I","7","21"
"Hebrew","B>C/","NA","bau","Jesaia","34","3"
"Hebrew","B>C=/","NA","bau","Jesaia","5","2"
"Hebrew","B>CH/","NA","baue","Iob","31","40"
"Hebrew","B>C[","qal","bau","Exodus","7","18"
"Hebrew","B>H/","NA","bae","Ezechiel","8","5"
"Hebrew","B>R/","NA","bat","Genesis","14","10"
"Hebrew","B>R=/","NA","bat","Numeri","21","16"
"Hebrew","B>R>/","NA","bata","Chronica_I","7","37"
"Hebrew","B>RH/","NA","bate","Chronica_I","5","6"
"Hebrew","B>RJ/","NA","batj","Genesis","26","34"
"Hebrew","B>RTJ/","NA","batvj","Samuel_II","4","2"
"Hebrew","B>RT_BNJ_J<QN/","NA","batv bnj jpsn","Deuteronomium","10","6"
"Hebrew","B>RWT/","NA","batfv","Josua","9","17"
"Hebrew","B>R[","piel","bat","Deuteronomium","1","5"
"Hebrew","B>R_>JLJM/","NA","bat ajljm","Jesaia","15","8"
"Hebrew","BBH/","NA","bbe","Sacharia","2","12"
"Hebrew","BBJ/","NA","bbj","Esra","2","11"
"Hebrew","BBL/","NA","bbl","Genesis","10","10"
"Hebrew","BCL/","NA","bul","Exodus","12","9"
"Hebrew","BCLM/","NA","bulm","Esra","4","7"
"Hebrew","BCL[","qal","bul","Ezechiel","24","5"
"Hebrew","BCN/","NA","bun","Numeri","21","33"
"Hebrew","BCNH/","NA","bune","Hosea","10","6"
"Hebrew","BCS[","qal","buo","Amos","5","11"
"Hebrew","BCT/","NA","buv","Samuel_I","20","30"
"Hebrew","BD/","NA","bd","Genesis","2","18"
"Hebrew","BD=/","NA","bd","Jesaia","16","6"
"Hebrew","BD>[","qal","bda","Reges_I","12","33"
"Hebrew","BDD/","NA","bdd","Leviticus","13","46"
"Hebrew","BDD=/","NA","bdd","Genesis","36","35"
"Hebrew","BDD[","qal","bdd","Jesaia","14","31"
"Hebrew","BDJH/","NA","bdje","Esra","10","35"
"Hebrew","BDJL/","NA","bdjl","Jesaia","1","25"
"Hebrew","BDJL=/","NA","bdjl","Numeri","31","22"
"Hebrew","BDL/","NA","bdl","Amos","3","12"
"Hebrew","BDLX/","NA","bdlh","Genesis","2","12"
"Hebrew","BDL[","nif","bdl","Numeri","16","21"
"Hebrew","BDN/","NA","bdn","Samuel_I","12","11"
"Hebrew","BDQ/","NA","bds","Reges_II","12","6"
"Hebrew","BDQR/","NA","bdst","Reges_II","9","25"
"Hebrew","BDQ[","qal","bds","Chronica_II","34","10"
"Hebrew","BFM/","NA","bum","Exodus","25","6"
"Hebrew","BFMT/","NA","bumv","Genesis","26","34"
"Hebrew","BFR/","NA","but","Genesis","2","21"
"Hebrew","BFRH/","NA","bute","Samuel_II","4","10"
"Hebrew","BFR[","piel","but","Samuel_I","4","17"
"Hebrew","BFWR/","NA","buft","Samuel_I","30","9"
"Hebrew","BGD/","NA","bcd","Genesis","24","53"
"Hebrew","BGD=/","NA","bcd","Jesaia","24","16"
"Hebrew","BGDWT/","NA","bcdfv","Zephania","3","4"
"Hebrew","BGD[","qal","bcd","Exodus","21","8"
"Hebrew","BGT>/","NA","bcva","Esther","1","10"
"Hebrew","BGTN/","NA","bcvn","Esther","2","21"
"Hebrew","BGWD/","NA","bcfd","Jeremia","3","7"
"Hebrew","BGWJ/","NA","bcfj","Esra","2","2"
"Hebrew","BHJR/","NA","bejt","Iob","37","21"
"Hebrew","BHLH/","NA","bele","Leviticus","26","16"
"Hebrew","BHL[","nif","bel","Genesis","45","3"
"Hebrew","BHMH/","NA","beme","Genesis","1","24"
"Hebrew","BHMWT/","NA","bemfv","Iob","40","15"
"Hebrew","BHN/","NA","ben","Exodus","29","20"
"Hebrew","BHN=/","NA","ben","Josua","15","6"
"Hebrew","BHQ/","NA","bes","Leviticus","13","39"
"Hebrew","BHRT/","NA","betv","Leviticus","13","2"
"Hebrew","BHV/","NA","bei","Esther","1","6"
"Hebrew","BHW/","NA","bef","Genesis","1","2"
"Hebrew","BHWN/","NA","befn","Judices","1","6"
"Hebrew","BJ","NA","bj","Genesis","43","20"
"Hebrew","BJN/","NA","bjn","Genesis","1","4"
"Hebrew","BJNH/","NA","bjne","Deuteronomium","4","6"
"Hebrew","BJN[","qal","bjn","Deuteronomium","32","7"
"Hebrew","BJR/","NA","bjt","Jeremia","6","7"
"Hebrew","BJRH/","NA","bjte","Esther","1","2"
"Hebrew","BJRNJH/","NA","bjtnje","Chronica_II","17","12"
"Hebrew","BJT/","NA","bjv","Genesis","6","14"
"Hebrew","BJTN/","NA","bjvn","Esther","1","5"
"Hebrew","BJT_<DN/","NA","bjv pdn","Amos","1","5"
"Hebrew","BJT_<NT/","NA","bjv pnv","Josua","19","38"
"Hebrew","BJT_<NWT/","NA","bjv pnfv","Josua","15","59"
"Hebrew","BJT_<QD/","NA","bjv psd","Reges_II","10","14"
"Hebrew","BJT_<QD_HR<JM/","NA","bjv psd etpjm","Reges_II","10","12"
"Hebrew","BJT_<ZMWT/","NA","bjv pgmfv","Nehemia","7","28"
"Hebrew","BJT_>L/","NA","bjv al","Genesis","12","8"
"Hebrew","BJT_>RB>L/","NA","bjv atbal","Hosea","10","14"
"Hebrew","BJT_>WN/","NA","bjv afn","Josua","7","2"
"Hebrew","BJT_B<L_M<WN/","NA","bjv bpl mpfn","Josua","13","17"
"Hebrew","BJT_BR>J/","NA","bjv btaj","Chronica_I","4","31"
"Hebrew","BJT_BRH/","NA","bjv bte","Judices","7","24"
"Hebrew","BJT_C>N/","NA","bjv uan","Josua","17","11"
"Hebrew","BJT_CMC/","NA","bjv umu","Josua","15","10"
"Hebrew","BJT_DBLTJM/","NA","bjv dblvjm","Jeremia","48","22"
"Hebrew","BJT_DGWN/","NA","bjv dcfn","Josua","15","41"
"Hebrew","BJT_GDR/","NA","bjv cdt","Chronica_I","2","51"
"Hebrew","BJT_GMWL/","NA","bjv cmfl","Jeremia","48","23"
"Hebrew","BJT_H<MQ/","NA","bjv epms","Josua","19","27"
"Hebrew","BJT_H<RBH/","NA","bjv eptbe","Josua","15","6"
"Hebrew","BJT_H>YL/","NA","bjv earl","Micha","1","11"
"Hebrew","BJT_HCVH/","NA","bjv euie","Judices","7","22"
"Hebrew","BJT_HGLGL/","NA","bjv eclcl","Nehemia","12","29"
"Hebrew","BJT_HGN/","NA","bjv ecn","Reges_II","9","27"
"Hebrew","BJT_HJCMWT/","NA","bjv ejumfv","Numeri","33","49"
"Hebrew","BJT_HKRM/","NA","bjv ektm","Jeremia","6","1"
"Hebrew","BJT_HMRKBWT/","NA","bjv emtkbfv","Josua","19","5"
"Hebrew","BJT_HRM/","NA","bjv etm","Josua","13","27"
"Hebrew","BJT_HRN/","NA","bjv etn","Numeri","32","36"
"Hebrew","BJT_KR/","NA","bjv kt","Samuel_I","7","11"
"Hebrew","BJT_LB>WT/","NA","bjv lbafv","Josua","19","6"
"Hebrew","BJT_LXM/","NA","bjv lhm","Genesis","35","19"
"Hebrew","BJT_M<WN/","NA","bjv mpfn","Jeremia","48","23"
"Hebrew","BJT_MRKBWT/","NA","bjv mtkbfv","Chronica_I","4","31"
"Hebrew","BJT_NMRH/","NA","bjv nmte","Numeri","32","36"
"Hebrew","BJT_P<WR/","NA","bjv qpft","Deuteronomium","3","29"
"Hebrew","BJT_PLV/","NA","bjv qli","Josua","15","27"
"Hebrew","BJT_PYY/","NA","bjv qrr","Josua","19","21"
"Hebrew","BJT_RXWB/","NA","bjv thfb","Judices","18","28"
"Hebrew","BJT_TPWX/","NA","bjv vqfh","Josua","15","53"
"Hebrew","BJT_XGLH/","NA","bjv hcle","Josua","15","6"
"Hebrew","BJT_XNN/","NA","bjv hnn","Reges_I","4","9"
"Hebrew","BJT_XWRWN/","NA","bjv hftfn","Josua","10","10"
"Hebrew","BJT_YWR/","NA","bjv rft","Josua","15","58"
"Hebrew","BJYH/","NA","bjre","Deuteronomium","22","6"
"Hebrew","BK>/","NA","bka","Samuel_II","5","23"
"Hebrew","BKH/","NA","bke","Esra","10","1"
"Hebrew","BKH[","qal","bke","Genesis","21","16"
"Hebrew","BKJ/","NA","bkj","Genesis","45","2"
"Hebrew","BKJM/","NA","bkjm","Judices","2","1"
"Hebrew","BKJRH/","NA","bkjte","Genesis","19","31"
"Hebrew","BKJT/","NA","bkjv","Genesis","50","4"
"Hebrew","BKR/","NA","bkt","Genesis","4","4"
"Hebrew","BKR=/","NA","bkt","Jesaia","60","6"
"Hebrew","BKR==/","NA","bkt","Genesis","46","21"
"Hebrew","BKRH/","NA","bkte","Genesis","25","31"
"Hebrew","BKRH=/","NA","bkte","Jeremia","2","23"
"Hebrew","BKRJ/","NA","bktj","Numeri","26","35"
"Hebrew","BKRJ=/","NA","bktj","Samuel_II","20","1"
"Hebrew","BKRW/","NA","bktf","Chronica_I","8","38"
"Hebrew","BKR[","piel","bkt","Deuteronomium","21","16"
"Hebrew","BKWRH/","NA","bkfte","Jesaia","28","4"
"Hebrew","BKWRJM/","NA","bkftjm","Exodus","23","16"
"Hebrew","BKWRT/","NA","bkftv","Samuel_I","9","1"
"Hebrew","BKWT/","NA","bkfv","Genesis","35","8"
"Hebrew","BL","NA","bl","Jesaia","14","21"
"Hebrew","BL/","NA","bl","Jesaia","46","1"
"Hebrew","BL</","NA","blp","Psalmi","52","6"
"Hebrew","BL<=/","NA","blp","Jeremia","51","44"
"Hebrew","BL<==/","NA","blp","Genesis","36","32"
"Hebrew","BL<===/","NA","blp","Genesis","14","2"
"Hebrew","BL<==[","pual","blp","Samuel_II","17","16"
"Hebrew","BL<=[","nif","blp","Jesaia","28","7"
"Hebrew","BL<DJ","NA","blpdj","Genesis","14","24"
"Hebrew","BL<J/","NA","blpj","Numeri","26","38"
"Hebrew","BL<M/","NA","blpm","Numeri","22","5"
"Hebrew","BL<M=/","NA","blpm","Chronica_I","6","55"
"Hebrew","BL<[","qal","blp","Genesis","41","7"
"Hebrew","BL>DN/","NA","bladn","Reges_II","20","12"
"Hebrew","BL>CYR/","NA","blaurt","Daniel","8","1"
"Hebrew","BLCN/","NA","blun","Esra","2","2"
"Hebrew","BLDD/","NA","bldd","Iob","2","11"
"Hebrew","BLGH/","NA","blce","Nehemia","12","5"
"Hebrew","BLGJ/","NA","blcj","Nehemia","10","9"
"Hebrew","BLG[","hif","blc","Amos","5","9"
"Hebrew","BLH/","NA","ble","Josua","9","4"
"Hebrew","BLH=/","NA","ble","Josua","19","3"
"Hebrew","BLHH/","NA","blee","Jesaia","17","14"
"Hebrew","BLHH=/","NA","blee","Genesis","29","29"
"Hebrew","BLHH==/","NA","blee","Chronica_I","4","29"
"Hebrew","BLHN/","NA","blen","Genesis","36","27"
"Hebrew","BLH[","qal","ble","Genesis","18","12"
"Hebrew","BLJ/","NA","blj","Genesis","31","20"
"Hebrew","BLJ<L/","NA","bljpl","Deuteronomium","13","14"
"Hebrew","BLJL/","NA","bljl","Jesaia","30","24"
"Hebrew","BLL[","qal","bll","Genesis","11","7"
"Hebrew","BLM[","qal","blm","Psalmi","32","9"
"Hebrew","BLQ/","NA","bls","Numeri","22","2"
"Hebrew","BLQ[","qal","bls","Jesaia","24","1"
"Hebrew","BLS[","qal","blo","Amos","7","14"
"Hebrew","BLT/","NA","blv","Genesis","3","11"
"Hebrew","BLVC>YR/","NA","bliuart","Daniel","1","7"
"Hebrew","BLWJ/","NA","blfj","Jeremia","38","11"
"Hebrew","BMH/","NA","bme","Leviticus","26","30"
"Hebrew","BMHL/","NA","bmel","Chronica_I","7","33"
"Hebrew","BMW","NA","bmf","Jesaia","25","10"
"Hebrew","BMWT/","NA","bmfv","Numeri","21","19"
"Hebrew","BMWT_B<L/","NA","bmfv bpl","Numeri","22","41"
"Hebrew","BN/","NA","bn","Genesis","3","16"
"Hebrew","BN<>/","NA","bnpa","Chronica_I","8","37"
"Hebrew","BN=/","NA","bn","Chronica_I","15","18"
"Hebrew","BNH[","qal","bne","Genesis","2","22"
"Hebrew","BNJ/","NA","bnj","Samuel_II","23","36"
"Hebrew","BNJ=/","NA","bnj","Nehemia","9","4"
"Hebrew","BNJH/","NA","bnje","Ezechiel","41","13"
"Hebrew","BNJH=/","NA","bnje","Samuel_II","20","23"
"Hebrew","BNJHW/","NA","bnjef","Samuel_II","8","18"
"Hebrew","BNJM/","NA","bnjm","Samuel_I","17","4"
"Hebrew","BNJMN/","NA","bnjmn","Genesis","35","18"
"Hebrew","BNJN/","NA","bnjn","Ezechiel","40","5"
"Hebrew","BNJNW/","NA","bnjnf","Nehemia","10","14"
"Hebrew","BNJ_BRQ/","NA","bnj bts","Josua","19","45"
"Hebrew","BNJ_J<QN/","NA","bnj jpsn","Numeri","33","31"
"Hebrew","BNWJ/","NA","bnfj","Esra","8","33"
"Hebrew","BN_<MJ/","NA","bn pmj","Genesis","19","38"
"Hebrew","BN_>WNJ/","NA","bn afnj","Genesis","35","18"
"Hebrew","BN_HDD/","NA","bn edd","Reges_I","15","18"
"Hebrew","BN_HNM/","NA","bn enm","Josua","15","8"
"Hebrew","BN_XJL/","NA","bn hjl","Chronica_II","17","7"
"Hebrew","BN_XNN/","NA","bn hnn","Chronica_I","4","20"
"Hebrew","BN_ZWXT/","NA","bn gfhv","Chronica_I","4","20"
"Hebrew","BQ</","NA","bsp","Genesis","24","22"
"Hebrew","BQ<H/","NA","bspe","Genesis","11","2"
"Hebrew","BQ<T_>WN/","NA","bspv afn","Amos","1","5"
"Hebrew","BQ<[","qal","bsp","Exodus","14","16"
"Hebrew","BQBQ/","NA","bsbs","Reges_I","14","3"
"Hebrew","BQBQJH/","NA","bsbsje","Nehemia","11","17"
"Hebrew","BQBQR/","NA","bsbst","Chronica_I","9","15"
"Hebrew","BQBWQ/","NA","bsbfs","Esra","2","51"
"Hebrew","BQCH/","NA","bsue","Esther","5","3"
"Hebrew","BQC[","piel","bsu","Genesis","31","39"
"Hebrew","BQJ/","NA","bsj","Numeri","34","22"
"Hebrew","BQJ</","NA","bsjp","Jesaia","22","9"
"Hebrew","BQJHW/","NA","bsjef","Chronica_I","25","4"
"Hebrew","BQQ[","qal","bss","Jesaia","24","1"
"Hebrew","BQR/","NA","bst","Genesis","12","16"
"Hebrew","BQR=/","NA","bst","Genesis","1","5"
"Hebrew","BQRH/","NA","bste","Ezechiel","34","12"
"Hebrew","BQRT/","NA","bstv","Leviticus","19","20"
"Hebrew","BQR[","piel","bst","Leviticus","13","36"
"Hebrew","BR/","NA","bt","Genesis","41","35"
"Hebrew","BR</","NA","btp","Genesis","14","2"
"Hebrew","BR=/","NA","bt","Samuel_II","22","21"
"Hebrew","BR==/","NA","bt","Psalmi","19","9"
"Hebrew","BR===/","NA","bt","Psalmi","2","12"
"Hebrew","BR====/","NA","bt","Iob","39","4"
"Hebrew","BR=====/","NA","bt","Jesaia","1","25"
"Hebrew","BR>==[","piel","bta","Josua","17","15"
"Hebrew","BR>=[","hif","bta","Samuel_I","2","29"
"Hebrew","BR>DK_BL>DN/","NA","btadk bladn","Reges_II","20","12"
"Hebrew","BR>JH/","NA","btaje","Chronica_I","8","21"
"Hebrew","BR>[","qal","bta","Genesis","1","1"
"Hebrew","BRBR/","NA","btbt","Reges_I","5","3"
"Hebrew","BRC</","NA","btup","Genesis","14","2"
"Hebrew","BRD/","NA","btd","Exodus","9","18"
"Hebrew","BRD=/","NA","btd","Genesis","31","10"
"Hebrew","BRD==/","NA","btd","Genesis","16","14"
"Hebrew","BRD===/","NA","btd","Chronica_I","7","20"
"Hebrew","BRD[","qal","btd","Jesaia","32","19"
"Hebrew","BRH=[","qal","bte","Samuel_I","17","8"
"Hebrew","BRH[","qal","bte","Samuel_II","12","17"
"Hebrew","BRJ/","NA","btj","Chronica_I","7","36"
"Hebrew","BRJ<H/","NA","btjpe","Genesis","46","17"
"Hebrew","BRJ<J/","NA","btjpj","Numeri","26","44"
"Hebrew","BRJ>/","NA","btja","Genesis","41","2"
"Hebrew","BRJ>H/","NA","btjae","Numeri","16","30"
"Hebrew","BRJH/","NA","btje","Samuel_II","13","5"
"Hebrew","BRJM/","NA","btjm","Samuel_II","20","14"
"Hebrew","BRJT/","NA","btjv","Genesis","6","18"
"Hebrew","BRJT=/","NA","btjv","Jeremia","2","22"
"Hebrew","BRJX/","NA","btjh","Exodus","26","26"
"Hebrew","BRJX=/","NA","btjh","Chronica_I","3","22"
"Hebrew","BRK/","NA","btk","Genesis","30","3"
"Hebrew","BRK=[","qal","btk","Psalmi","95","6"
"Hebrew","BRK>L/","NA","btkal","Iob","32","2"
"Hebrew","BRKH/","NA","btke","Genesis","12","2"
"Hebrew","BRKH=/","NA","btke","Samuel_II","2","13"
"Hebrew","BRKH==/","NA","btke","Chronica_I","12","3"
"Hebrew","BRKJH/","NA","btkje","Sacharia","1","1"
"Hebrew","BRKJHW/","NA","btkjef","Sacharia","1","7"
"Hebrew","BRK[","qal","btk","Genesis","9","26"
"Hebrew","BRMJM/","NA","btmjm","Ezechiel","27","24"
"Hebrew","BRQ/","NA","bts","Exodus","19","16"
"Hebrew","BRQ=/","NA","bts","Judices","4","6"
"Hebrew","BRQNJM/","NA","btsnjm","Judices","8","7"
"Hebrew","BRQT/","NA","btsv","Exodus","28","17"
"Hebrew","BRQT=/","NA","btsv","Ezechiel","28","13"
"Hebrew","BRQWS/","NA","btsfo","Esra","2","53"
"Hebrew","BRQ[","qal","bts","Psalmi","144","6"
"Hebrew","BRR[","qal","btt","Jesaia","49","2"
"Hebrew","BRTJ/","NA","btvj","Samuel_II","8","8"
"Hebrew","BRWC/","NA","btfu","Samuel_II","6","5"
"Hebrew","BRWK/","NA","btfk","Jeremia","32","12"
"Hebrew","BRWR/","NA","btft","Zephania","3","9"
"Hebrew","BRWT/","NA","btfv","Psalmi","69","22"
"Hebrew","BRWT=/","NA","btfv","Canticum","1","17"
"Hebrew","BRWTH/","NA","btfve","Ezechiel","47","16"
"Hebrew","BRX/","NA","bth","Jesaia","27","1"
"Hebrew","BRXMJ/","NA","bthmj","Samuel_II","23","31"
"Hebrew","BRX[","qal","bth","Genesis","16","6"
"Hebrew","BRZJT/","NA","btgjv","Chronica_I","7","31"
"Hebrew","BRZL/","NA","btgl","Genesis","4","22"
"Hebrew","BRZLJ/","NA","btglj","Samuel_II","17","27"
"Hebrew","BSJ/","NA","boj","Esra","2","49"
"Hebrew","BSR/","NA","bot","Jesaia","18","5"
"Hebrew","BSWDJH/","NA","bofdje","Nehemia","3","6"
"Hebrew","BT/","NA","bv","Genesis","5","4"
"Hebrew","BT=/","NA","bv","Reges_I","7","26"
"Hebrew","BTH/","NA","bve","Jesaia","7","19"
"Hebrew","BTH=/","NA","bve","Jesaia","5","6"
"Hebrew","BTJH/","NA","bvje","Chronica_I","4","18"
"Hebrew","BTQ[","piel","bvs","Ezechiel","16","40"
"Hebrew","BTR/","NA","bvt","Genesis","15","10"
"Hebrew","BTR=/","NA","bvt","Canticum","2","17"
"Hebrew","BTRWN/","NA","bvtfn","Samuel_II","2","29"
"Hebrew","BTR[","qal","bvt","Genesis","15","10"
"Hebrew","BTW>L/","NA","bvfal","Genesis","22","22"
"Hebrew","BTW>L=/","NA","bvfal","Josua","19","4"
"Hebrew","BTWLH/","NA","bvfle","Genesis","24","16"
"Hebrew","BTWLJM/","NA","bvfljm","Leviticus","21","13"
"Hebrew","BT_CB</","NA","bv ubp","Samuel_II","11","3"
"Hebrew","BT_CW</","NA","bv ufp","Chronica_I","3","5"
"Hebrew","BT_RBJM/","NA","bv tbjm","Canticum","7","5"
"Hebrew","BV>[","qal","bia","Proverbia","12","18"
"Hebrew","BVL[","qal","bil","Ecclesiastes","12","3"
"Hebrew","BVN/","NA","bin","Genesis","25","23"
"Hebrew","BVN=/","NA","bin","Josua","19","25"
"Hebrew","BVNH/","NA","bine","Genesis","43","11"
"Hebrew","BVNJM/","NA","binjm","Josua","13","26"
"Hebrew","BVWX/","NA","bifh","Jesaia","26","3"
"Hebrew","BVX/","NA","bih","Genesis","34","25"
"Hebrew","BVX=/","NA","bih","Samuel_II","8","8"
"Hebrew","BVXH/","NA","bihe","Jesaia","30","15"
"Hebrew","BVXWN/","NA","bihfn","Reges_II","18","19"
"Hebrew","BVXWT/","NA","bihfv","Iob","12","6"
"Hebrew","BVX[","qal","bih","Deuteronomium","28","52"
"Hebrew","BW>[","qal","bfa","Genesis","6","4"
"Hebrew","BWCH/","NA","bfue","Ezechiel","7","18"
"Hebrew","BWC[","qal","bfu","Judices","3","25"
"Hebrew","BWJ/","NA","bfj","Nehemia","3","18"
"Hebrew","BWK[","nif","bfk","Exodus","14","3"
"Hebrew","BWL/","NA","bfl","Jesaia","44","19"
"Hebrew","BWL=/","NA","bfl","Reges_I","6","38"
"Hebrew","BWNH/","NA","bfne","Chronica_I","2","25"
"Hebrew","BWNJ/","NA","bfnj","Nehemia","11","15"
"Hebrew","BWQH/","NA","bfse","Nahum","2","11"
"Hebrew","BWQR/","NA","bfst","Amos","7","14"
"Hebrew","BWR/","NA","bft","Genesis","37","20"
"Hebrew","BWR_<CN/","NA","bft pun","Samuel_I","30","30"
"Hebrew","BWS[","qal","bfo","Jesaia","14","25"
"Hebrew","BWY/","NA","bfr","Ezechiel","27","16"
"Hebrew","BWYY/","NA","bfrr","Samuel_I","14","4"
"Hebrew","BWZ/","NA","bfg","Genesis","38","23"
"Hebrew","BWZ=/","NA","bfg","Genesis","22","21"
"Hebrew","BWZ==/","NA","bfg","Jeremia","25","23"
"Hebrew","BWZH/","NA","bfge","Nehemia","3","36"
"Hebrew","BWZJ/","NA","bfgj","Iob","32","2"
"Hebrew","BWZJ=/","NA","bfgj","Ezechiel","1","3"
"Hebrew","BWZ[","qal","bfg","Reges_II","19","21"
"Hebrew","BXJR/","NA","bhjt","Samuel_II","21","6"
"Hebrew","BXL[","qal","bhl","Sacharia","11","8"
"Hebrew","BXN/","NA","bhn","Jesaia","28","16"
"Hebrew","BXN=/","NA","bhn","Jesaia","32","14"
"Hebrew","BXN[","qal","bhn","Jeremia","6","27"
"Hebrew","BXRJM/","NA","bhtjm","Numeri","11","28"
"Hebrew","BXRJM=/","NA","bhtjm","Samuel_II","3","16"
"Hebrew","BXRMJ/","NA","bhtmj","Chronica_I","11","33"
"Hebrew","BXR[","qal","bht","Genesis","6","2"
"Hebrew","BXWN/","NA","bhfn","Jeremia","6","27"
"Hebrew","BXWN=/","NA","bhfn","Jesaia","23","13"
"Hebrew","BXWR/","NA","bhft","Deuteronomium","32","25"
"Hebrew","BXWRWT/","NA","bhftfv","Ecclesiastes","11","9"
"Hebrew","BY/","NA","br","Jeremia","38","22"
"Hebrew","BY</","NA","brp","Genesis","37","26"
"Hebrew","BY<[","qal","brp","Jeremia","6","13"
"Hebrew","BYH/","NA","bre","Ezechiel","47","11"
"Hebrew","BYJ/","NA","brj","Esra","2","17"
"Hebrew","BYJR/","NA","brjt","Leviticus","26","5"
"Hebrew","BYJR=/","NA","brjt","Sacharia","11","2"
"Hebrew","BYL/","NA","brl","Numeri","11","5"
"Hebrew","BYL>L/","NA","brlal","Exodus","31","2"
"Hebrew","BYLWT/","NA","brlfv","Esra","2","52"
"Hebrew","BYQ/","NA","brs","Exodus","12","34"
"Hebrew","BYQT/","NA","brsv","Josua","15","39"
"Hebrew","BYQ[","qal","brs","Deuteronomium","8","4"
"Hebrew","BYR/","NA","brt","Iob","22","24"
"Hebrew","BYR=/","NA","brt","Deuteronomium","4","43"
"Hebrew","BYR==/","NA","brt","Chronica_I","7","37"
"Hebrew","BYR==[","qal","brt","Psalmi","76","13"
"Hebrew","BYR=[","nif","brt","Genesis","11","6"
"Hebrew","BYRH/","NA","brte","Micha","2","12"
"Hebrew","BYRH=/","NA","brte","Genesis","36","33"
"Hebrew","BYRT/","NA","brtv","Jeremia","14","1"
"Hebrew","BYRWN/","NA","brtfn","Sacharia","9","12"
"Hebrew","BYR[","qal","brt","Leviticus","25","5"
"Hebrew","BYWR/","NA","brft","Numeri","13","28"
"Hebrew","BZ/","NA","bg","Numeri","14","3"
"Hebrew","BZ>[","qal","bga","Jesaia","18","2"
"Hebrew","BZH/","NA","bge","Esther","9","10"
"Hebrew","BZH[","qal","bge","Genesis","25","34"
"Hebrew","BZJWN/","NA","bgjfn","Esther","1","18"
"Hebrew","BZJWTJH/","NA","bgjfvje","Josua","15","28"
"Hebrew","BZQ/","NA","bgs","Ezechiel","1","14"
"Hebrew","BZQ=/","NA","bgs","Judices","1","4"
"Hebrew","BZR[","qal","bgt","Daniel","11","24"
"Hebrew","BZT>/","NA","bgva","Esther","1","10"
"Hebrew","BZZ[","qal","bgg","Genesis","34","27"
"Hebrew","C","NA","u","Genesis","6","3"
"Hebrew","C<<=[","qal","upp","Jesaia","29","9"
"Hebrew","C<<[","piel","upp","Jesaia","11","8"
"Hebrew","C<CGZ/","NA","upucg","Esther","2","14"
"Hebrew","C<CW<JM/","NA","upufpjm","Jesaia","5","7"
"Hebrew","C<H[","qal","upe","Genesis","4","4"
"Hebrew","C<L/","NA","upl","Reges_I","20","10"
"Hebrew","C<LBJM/","NA","uplbjm","Judices","1","35"
"Hebrew","C<LBJN/","NA","uplbjn","Josua","19","42"
"Hebrew","C<LBNJ/","NA","uplbnj","Samuel_II","23","32"
"Hebrew","C<LJM/","NA","upljm","Samuel_I","9","4"
"Hebrew","C<N[","nif","upn","Genesis","18","4"
"Hebrew","C<P/","NA","upq","Chronica_I","2","47"
"Hebrew","C<R/","NA","upt","Genesis","19","1"
"Hebrew","C<R=/","NA","upt","Genesis","26","12"
"Hebrew","C<R==/","NA","upt","Jeremia","29","17"
"Hebrew","C<RJH/","NA","uptje","Chronica_I","8","38"
"Hebrew","C<RJM/","NA","uptjm","Josua","15","36"
"Hebrew","C<RWR/","NA","uptft","Jeremia","5","30"
"Hebrew","C<RWRJ/","NA","uptftj","Jeremia","18","13"
"Hebrew","C<R[","qal","upt","Proverbia","23","7"
"Hebrew","C<VH/","NA","upie","Jeremia","47","3"
"Hebrew","C<VNZ/","NA","uping","Leviticus","19","19"
"Hebrew","C>B[","qal","uab","Genesis","24","11"
"Hebrew","C>GH/","NA","uace","Jesaia","5","29"
"Hebrew","C>G[","qal","uac","Judices","14","5"
"Hebrew","C>H==[","hit","uae","Genesis","24","21"
"Hebrew","C>H=[","nif","uae","Jesaia","17","12"
"Hebrew","C>H[","qal","uae","Jesaia","6","11"
"Hebrew","C>JH/","NA","uaje","Jesaia","24","12"
"Hebrew","C>L/","NA","ual","Esra","10","29"
"Hebrew","C>LH/","NA","uale","Judices","8","24"
"Hebrew","C>LH=/","NA","uale","Jesaia","7","11"
"Hebrew","C>LTJ>L/","NA","ualvjal","Haggai","1","1"
"Hebrew","C>L[","qal","ual","Genesis","24","47"
"Hebrew","C>NN/","NA","uann","Reges_II","19","28"
"Hebrew","C>N[","piel","uan","Jeremia","30","10"
"Hebrew","C>P[","qal","uaq","Jesaia","42","14"
"Hebrew","C>R/","NA","uat","Exodus","21","10"
"Hebrew","C>R=/","NA","uat","Jesaia","10","19"
"Hebrew","C>RH/","NA","uate","Leviticus","18","17"
"Hebrew","C>RH=/","NA","uate","Chronica_I","7","24"
"Hebrew","C>RJT/","NA","uatjv","Genesis","45","7"
"Hebrew","C>R[","qal","uat","Samuel_I","16","11"
"Hebrew","C>R_JCWB/","NA","uat jufb","Jesaia","7","3"
"Hebrew","C>S[","qal","uao","Jeremia","30","16"
"Hebrew","C>T/","NA","uav","Threni","3","47"
"Hebrew","C>V/","NA","uai","Ezechiel","25","6"
"Hebrew","C>WL/","NA","uafl","Genesis","37","35"
"Hebrew","C>WL=/","NA","uafl","Genesis","36","37"
"Hebrew","C>WLJ/","NA","uaflj","Numeri","26","13"
"Hebrew","C>WN/","NA","uafn","Jesaia","5","14"
"Hebrew","C>WN=/","NA","uafn","Psalmi","40","3"
"Hebrew","CB</","NA","ubp","Genesis","4","15"
"Hebrew","CB<=/","NA","ubp","Samuel_II","20","1"
"Hebrew","CB<==/","NA","ubp","Genesis","21","14"
"Hebrew","CB<H/","NA","ubpe","Genesis","26","33"
"Hebrew","CB<NH/","NA","ubpne","Iob","42","13"
"Hebrew","CB<[","nif","ubp","Genesis","21","23"
"Hebrew","CB>/","NA","uba","Genesis","10","7"
"Hebrew","CB>JM/","NA","ubajm","Joel","4","8"
"Hebrew","CBB/","NA","ubb","Hosea","8","6"
"Hebrew","CBH[","qal","ube","Genesis","31","26"
"Hebrew","CBJ/","NA","ubj","Exodus","12","29"
"Hebrew","CBJ<J/","NA","ubjpj","Genesis","2","2"
"Hebrew","CBJ=/","NA","ubj","Samuel_II","17","27"
"Hebrew","CBJ==/","NA","ubj","Esra","2","42"
"Hebrew","CBJB/","NA","ubjb","Iob","18","5"
"Hebrew","CBJH/","NA","ubje","Jesaia","52","2"
"Hebrew","CBJH=/","NA","ubje","Deuteronomium","21","11"
"Hebrew","CBJL/","NA","ubjl","Jeremia","18","15"
"Hebrew","CBJS/","NA","ubjo","Jesaia","3","18"
"Hebrew","CBJT/","NA","ubjv","Numeri","21","29"
"Hebrew","CBL/","NA","ubl","Jesaia","47","2"
"Hebrew","CBLT/","NA","ublv","Genesis","41","5"
"Hebrew","CBLT=/","NA","ublv","Jesaia","27","12"
"Hebrew","CBLWL/","NA","ublfl","Psalmi","58","9"
"Hebrew","CBN>/","NA","ubna","Reges_II","18","37"
"Hebrew","CBNH/","NA","ubne","Reges_II","18","18"
"Hebrew","CBNJH/","NA","ubnje","Nehemia","9","4"
"Hebrew","CBNJHW/","NA","ubnjef","Chronica_I","15","24"
"Hebrew","CBR/","NA","ubt","Leviticus","21","19"
"Hebrew","CBR=/","NA","ubt","Genesis","42","1"
"Hebrew","CBR==/","NA","ubt","Judices","7","15"
"Hebrew","CBR===/","NA","ubt","Chronica_I","2","48"
"Hebrew","CBR=[","qal","ubt","Genesis","41","56"
"Hebrew","CBRJM/","NA","ubtjm","Josua","7","5"
"Hebrew","CBRWN/","NA","ubtfn","Jeremia","17","18"
"Hebrew","CBR[","qal","ubt","Genesis","19","9"
"Hebrew","CBT/","NA","ubv","Exodus","16","23"
"Hebrew","CBT=/","NA","ubv","Exodus","21","19"
"Hebrew","CBTJ/","NA","ubvj","Esra","10","15"
"Hebrew","CBTWN/","NA","ubvfn","Exodus","16","23"
"Hebrew","CBT[","qal","ubv","Genesis","2","2"
"Hebrew","CBV/","NA","ubi","Genesis","49","10"
"Hebrew","CBV=/","NA","ubi","Sacharia","1","7"
"Hebrew","CBW/","NA","ubf","Exodus","28","19"
"Hebrew","CBW</","NA","ubfp","Genesis","29","27"
"Hebrew","CBW<H/","NA","ubfpe","Genesis","24","8"
"Hebrew","CBW>L/","NA","ubfal","Chronica_I","23","16"
"Hebrew","CBWR/","NA","ubft","Leviticus","22","22"
"Hebrew","CBWT/","NA","ubfv","Deuteronomium","30","3"
"Hebrew","CBX=[","piel","ubh","Psalmi","89","10"
"Hebrew","CBX[","piel","ubh","Psalmi","63","4"
"Hebrew","CBY/","NA","ubr","Samuel_II","1","9"
"Hebrew","CBY[","piel","ubr","Exodus","28","39"
"Hebrew","CC/","NA","uu","Genesis","5","15"
"Hebrew","CC=/","NA","uu","Genesis","41","42"
"Hebrew","CC==/","NA","uu","Canticum","5","15"
"Hebrew","CC>[","piel","uua","Ezechiel","39","2"
"Hebrew","CCBYR/","NA","uubrt","Esra","1","8"
"Hebrew","CCH[","piel","uue","Ezechiel","45","13"
"Hebrew","CCJ/","NA","uuj","Genesis","1","31"
"Hebrew","CCJ=/","NA","uuj","Numeri","13","22"
"Hebrew","CCJ==/","NA","uuj","Esra","10","40"
"Hebrew","CCK/","NA","uuk","Jeremia","25","26"
"Hebrew","CCN/","NA","uun","Chronica_I","2","31"
"Hebrew","CCQ/","NA","uus","Chronica_I","8","14"
"Hebrew","CCR/","NA","uut","Jeremia","22","14"
"Hebrew","CD/","NA","ud","Jesaia","13","6"
"Hebrew","CD=/","NA","ud","Genesis","49","25"
"Hebrew","CD==/","NA","ud","Deuteronomium","32","17"
"Hebrew","CD===/","NA","ud","Jesaia","60","16"
"Hebrew","CDD[","qal","udd","Judices","5","27"
"Hebrew","CDH/","NA","ude","Ecclesiastes","2","8"
"Hebrew","CDJ/","NA","udj","Genesis","17","1"
"Hebrew","CDJ>WR/","NA","udjaft","Numeri","1","5"
"Hebrew","CDMH/","NA","udme","Deuteronomium","32","32"
"Hebrew","CDPH/","NA","udqe","Reges_II","19","26"
"Hebrew","CDPWN/","NA","udqfn","Deuteronomium","28","22"
"Hebrew","CDP[","qal","udq","Genesis","41","6"
"Hebrew","CDRK/","NA","udtk","Daniel","1","7"
"Hebrew","CDWN/","NA","udfn","Iob","19","29"
"Hebrew","CFH[","poel","uue","Jesaia","10","13"
"Hebrew","CG<WN/","NA","ucpfn","Deuteronomium","28","28"
"Hebrew","CG<[","pual","ucp","Deuteronomium","28","34"
"Hebrew","CGGH/","NA","ucce","Leviticus","4","2"
"Hebrew","CGG[","qal","ucc","Leviticus","5","18"
"Hebrew","CGH/","NA","uce","Chronica_I","11","34"
"Hebrew","CGH[","qal","uce","Leviticus","4","13"
"Hebrew","CGJ>H/","NA","ucjae","Psalmi","19","13"
"Hebrew","CGJWN/","NA","ucjfn","Habakuk","3","1"
"Hebrew","CGL/","NA","ucl","Psalmi","45","10"
"Hebrew","CGR/","NA","uct","Exodus","13","12"
"Hebrew","CGX[","hif","uch","Jesaia","14","16"
"Hebrew","CHM/","NA","uem","Genesis","2","12"
"Hebrew","CHM=/","NA","uem","Chronica_I","24","27"
"Hebrew","CJ/","NA","uj","Jesaia","18","7"
"Hebrew","CJ>N/","NA","ujan","Josua","19","19"
"Hebrew","CJBH/","NA","ujbe","Samuel_II","19","33"
"Hebrew","CJC/","NA","uju","Chronica_I","29","2"
"Hebrew","CJC>/","NA","ujua","Reges_I","4","3"
"Hebrew","CJCQ/","NA","ujus","Reges_I","11","40"
"Hebrew","CJH[","qal","uje","Deuteronomium","32","18"
"Hebrew","CJLNJ/","NA","ujlnj","Reges_I","11","29"
"Hebrew","CLW=/","NA","ulf","Genesis","49","10"
"Hebrew","CJMWN/","NA","ujmfn","Chronica_I","4","20"
"Hebrew","CJR/","NA","ujt","Genesis","31","27"
"Hebrew","CJRH/","NA","ujte","Exodus","15","1"
"Hebrew","CJR[","qal","ujt","Exodus","15","1"
"Hebrew","CJT/","NA","ujv","Jesaia","5","6"
"Hebrew","CJT=/","NA","ujv","Psalmi","73","6"
"Hebrew","CJT[","qal","ujv","Genesis","3","15"
"Hebrew","CJV/","NA","uji","Jesaia","33","21"
"Hebrew","CJXH/","NA","ujhe","Psalmi","57","7"
"Hebrew","CJXWR/","NA","ujhft","Josua","13","3"
"Hebrew","CJXWR_LBNT/","NA","ujhft lbnv","Josua","19","26"
"Hebrew","CJX[","qal","ujh","Psalmi","44","26"
"Hebrew","CJZ>/","NA","ujga","Chronica_I","11","42"
"Hebrew","CKBH/","NA","ukbe","Exodus","16","13"
"Hebrew","CKBT/","NA","ukbv","Leviticus","18","20"
"Hebrew","CKB[","qal","ukb","Genesis","19","4"
"Hebrew","CKH[","hif","uke","Jeremia","5","8"
"Hebrew","CKK[","qal","ukk","Genesis","8","1"
"Hebrew","CKLJM/","NA","ukljm","Jesaia","49","20"
"Hebrew","CKL[","qal","ukl","Genesis","27","45"
"Hebrew","CKM/","NA","ukm","Genesis","9","23"
"Hebrew","CKM=/","NA","ukm","Genesis","12","6"
"Hebrew","CKM==/","NA","ukm","Genesis","34","2"
"Hebrew","CKM===/","NA","ukm","Numeri","26","31"
"Hebrew","CKMJ/","NA","ukmj","Numeri","26","31"
"Hebrew","CKM[","hif","ukm","Genesis","19","2"
"Hebrew","CKN/","NA","ukn","Exodus","3","22"
"Hebrew","CKNJH/","NA","uknje","Esra","8","3"
"Hebrew","CKNJHW/","NA","uknjef","Chronica_I","24","11"
"Hebrew","CKN[","qal","ukn","Genesis","9","27"
"Hebrew","CKR/","NA","ukt","Jesaia","51","21"
"Hebrew","CKR=/","NA","ukt","Leviticus","10","9"
"Hebrew","CKRWN/","NA","uktfn","Jeremia","13","13"
"Hebrew","CKRWN=/","NA","uktfn","Josua","15","11"
"Hebrew","CKR[","qal","ukt","Genesis","9","21"
"Hebrew","CKWL/","NA","ukfl","Jesaia","47","8"
"Hebrew","CKWL=/","NA","ukfl","Samuel_II","17","8"
"Hebrew","CKWL==/","NA","ukfl","Jesaia","49","21"
"Hebrew","CKWR/","NA","ukft","Samuel_I","1","13"
"Hebrew","CKX[","qal","ukh","Genesis","27","45"
"Hebrew","CL/","NA","ul","Samuel_II","6","7"
"Hebrew","CL>NN/","NA","ulann","Iob","21","23"
"Hebrew","CLB/","NA","ulb","Reges_I","7","28"
"Hebrew","CLB[","pual","ulb","Exodus","26","17"
"Hebrew","CLC/","NA","ulu","Genesis","5","3"
"Hebrew","CLC=/","NA","ulu","Chronica_I","7","35"
"Hebrew","CLCH/","NA","ulue","Chronica_I","7","37"
"Hebrew","CLCH=/","NA","ulue","Samuel_I","9","4"
"Hebrew","CLCJM/","NA","ulujm","Genesis","50","23"
"Hebrew","CLCWM/","NA","ulufm","Genesis","31","2"
"Hebrew","CLC[","piel","ulu","Deuteronomium","19","3"
"Hebrew","CLG/","NA","ulc","Exodus","4","6"
"Hebrew","CLG=/","NA","ulc","Iob","9","30"
"Hebrew","CLG[","hif","ulc","Psalmi","68","15"
"Hebrew","CLH/","NA","ule","Josua","18","1"
"Hebrew","CLH=/","NA","ule","Genesis","38","5"
"Hebrew","CLHBT/","NA","ulebv","Ezechiel","21","3"
"Hebrew","CLHBTJH/","NA","ulebvje","Canticum","8","6"
"Hebrew","CLH[","qal","ule","Jeremia","12","1"
"Hebrew","CLJ/","NA","ulj","Samuel_II","3","27"
"Hebrew","CLJC/","NA","ulju","Jesaia","40","12"
"Hebrew","CLJC=/","NA","ulju","Exodus","14","7"
"Hebrew","CLJC==/","NA","ulju","Samuel_I","18","6"
"Hebrew","CLJCJ/","NA","uljuj","Genesis","1","13"
"Hebrew","CLJCJT/","NA","uljujv","Numeri","15","6"
"Hebrew","CLJH/","NA","ulje","Deuteronomium","28","57"
"Hebrew","CLJV/","NA","ulji","Genesis","42","6"
"Hebrew","CLJW/","NA","uljf","Jeremia","49","31"
"Hebrew","CLK/","NA","ulk","Leviticus","11","17"
"Hebrew","CLKT/","NA","ulkv","Jesaia","6","13"
"Hebrew","CLKT=/","NA","ulkv","Chronica_I","26","16"
"Hebrew","CLK[","hif","ulk","Genesis","21","15"
"Hebrew","CLL/","NA","ull","Genesis","49","27"
"Hebrew","CLL=[","qal","ull","Ruth","2","16"
"Hebrew","CLL[","qal","ull","Jesaia","10","6"
"Hebrew","CLM/","NA","ulm","Exodus","20","24"
"Hebrew","CLM=/","NA","ulm","Genesis","15","16"
"Hebrew","CLM==/","NA","ulm","Deuteronomium","32","35"
"Hebrew","CLM===/","NA","ulm","Genesis","14","18"
"Hebrew","CLM====/","NA","ulm","Genesis","46","24"
"Hebrew","CLMH/","NA","ulme","Psalmi","91","8"
"Hebrew","CLMH=/","NA","ulme","Samuel_II","5","14"
"Hebrew","CLMJ/","NA","ulmj","Numeri","26","49"
"Hebrew","CLMJ=/","NA","ulmj","Numeri","34","27"
"Hebrew","CLMJ==/","NA","ulmj","Esra","2","46"
"Hebrew","CLMJ>L/","NA","ulmjal","Numeri","1","6"
"Hebrew","CLMJH/","NA","ulmje","Jeremia","37","3"
"Hebrew","CLMJHW/","NA","ulmjef","Jeremia","36","14"
"Hebrew","CLMJT/","NA","ulmjv","Leviticus","24","11"
"Hebrew","CLMN/","NA","ulmn","Hosea","10","14"
"Hebrew","CLMN>SR/","NA","ulmnaot","Reges_II","17","3"
"Hebrew","CLMNJM/","NA","ulmnjm","Jesaia","1","23"
"Hebrew","CLMWT/","NA","ulmfv","Chronica_I","24","22"
"Hebrew","CLM[","qal","ulm","Samuel_II","20","19"
"Hebrew","CLNJ/","NA","ulnj","Numeri","26","20"
"Hebrew","CLP/","NA","ulq","Genesis","10","26"
"Hebrew","CLP[","qal","ulq","Numeri","22","23"
"Hebrew","CLV/","NA","uli","Samuel_II","8","7"
"Hebrew","CLVT/","NA","uliv","Ezechiel","16","30"
"Hebrew","CLVWN/","NA","ulifn","Ecclesiastes","8","4"
"Hebrew","CLV[","qal","uli","Ecclesiastes","2","19"
"Hebrew","CLW/","NA","ulf","Psalmi","30","7"
"Hebrew","CLWH/","NA","ulfe","Jeremia","22","21"
"Hebrew","CLWM/","NA","ulfm","Genesis","15","15"
"Hebrew","CLWM=/","NA","ulfm","Jesaia","34","8"
"Hebrew","CLWM==/","NA","ulfm","Reges_II","15","10"
"Hebrew","CLWN/","NA","ulfn","Nehemia","3","15"
"Hebrew","CLWXJM/","NA","ulfhjm","Exodus","18","2"
"Hebrew","CLX/","NA","ulh","Joel","2","8"
"Hebrew","CLX=/","NA","ulh","Nehemia","3","15"
"Hebrew","CLX==/","NA","ulh","Genesis","10","24"
"Hebrew","CLX===/","NA","ulh","Jesaia","8","6"
"Hebrew","CLXJ/","NA","ulhj","Reges_I","22","42"
"Hebrew","CLXJM/","NA","ulhjm","Canticum","4","13"
"Hebrew","CLXJM=/","NA","ulhjm","Josua","15","32"
"Hebrew","CLXN/","NA","ulhn","Exodus","25","23"
"Hebrew","CLXWT/","NA","ulhfv","Jesaia","16","8"
"Hebrew","CLX[","qal","ulh","Genesis","3","22"
"Hebrew","CM","NA","um","Genesis","2","8"
"Hebrew","CM/","NA","um","Genesis","2","11"
"Hebrew","CM</","NA","ump","Genesis","29","13"
"Hebrew","CM<=/","NA","ump","Psalmi","150","5"
"Hebrew","CM<==/","NA","ump","Josua","6","27"
"Hebrew","CM<===/","NA","ump","Nehemia","8","4"
"Hebrew","CM<====/","NA","ump","Chronica_I","11","44"
"Hebrew","CM<=====/","NA","ump","Josua","15","26"
"Hebrew","CM<>/","NA","umpa","Chronica_I","2","13"
"Hebrew","CM<H/","NA","umpe","Chronica_I","12","3"
"Hebrew","CM<H=/","NA","umpe","Samuel_II","13","3"
"Hebrew","CM<J/","NA","umpj","Numeri","3","21"
"Hebrew","CM<J=/","NA","umpj","Exodus","6","17"
"Hebrew","CM<JH/","NA","umpje","Reges_I","12","22"
"Hebrew","CM<JHW/","NA","umpjef","Jeremia","26","20"
"Hebrew","CM<NJ/","NA","umpnj","Numeri","25","14"
"Hebrew","CM<T/","NA","umpv","Reges_II","12","22"
"Hebrew","CM<TJ/","NA","umpvj","Chronica_I","2","55"
"Hebrew","CM<WN/","NA","umpfn","Genesis","29","33"
"Hebrew","CM<[","qal","ump","Genesis","3","8"
"Hebrew","CM=/","NA","um","Genesis","5","32"
"Hebrew","CM>/","NA","uma","Samuel_II","23","11"
"Hebrew","CM>BR/","NA","umabt","Genesis","14","2"
"Hebrew","CM>H/","NA","umae","Chronica_I","8","32"
"Hebrew","CM>M/","NA","umam","Chronica_I","9","38"
"Hebrew","CMC/","NA","umu","Genesis","15","12"
"Hebrew","CMCJ/","NA","umuj","Samuel_I","6","14"
"Hebrew","CMCRJ/","NA","umutj","Chronica_I","8","26"
"Hebrew","CMCWN/","NA","umufn","Judices","13","24"
"Hebrew","CMD/","NA","umd","Chronica_I","8","12"
"Hebrew","CMD[","nif","umd","Genesis","34","30"
"Hebrew","CMGR/","NA","umct","Judices","3","31"
"Hebrew","CMH/","NA","ume","Deuteronomium","28","37"
"Hebrew","CMH=/","NA","ume","Genesis","36","13"
"Hebrew","CMHWT/","NA","umefv","Chronica_I","27","8"
"Hebrew","CMJ/","NA","umj","Chronica_I","2","28"
"Hebrew","CMJD</","NA","umjdp","Numeri","26","32"
"Hebrew","CMJD<J/","NA","umjdpj","Numeri","26","32"
"Hebrew","CMJM/","NA","umjm","Genesis","1","1"
"Hebrew","CMJNJ/","NA","umjnj","Exodus","22","29"
"Hebrew","CMJR/","NA","umjt","Jesaia","5","6"
"Hebrew","CMJR=/","NA","umjt","Jeremia","17","1"
"Hebrew","CMJR==/","NA","umjt","Josua","15","48"
"Hebrew","CMJR===/","NA","umjt","Chronica_I","24","24"
"Hebrew","CMJRMWT/","NA","umjtmfv","Chronica_I","15","18"
"Hebrew","CMM/","NA","umm","Jeremia","12","11"
"Hebrew","CMMH/","NA","umme","Exodus","23","29"
"Hebrew","CMMH=/","NA","umme","Ezechiel","35","7"
"Hebrew","CMMWN/","NA","ummfn","Ezechiel","4","16"
"Hebrew","CMM[","qal","umm","Leviticus","26","32"
"Hebrew","CMN/","NA","umn","Genesis","28","18"
"Hebrew","CMN=/","NA","umn","Genesis","49","20"
"Hebrew","CMN==/","NA","umn","Genesis","27","28"
"Hebrew","CMNH/","NA","umne","Genesis","5","4"
"Hebrew","CMN[","qal","umn","Deuteronomium","32","15"
"Hebrew","CMR/","NA","umt","Jesaia","25","6"
"Hebrew","CMR=/","NA","umt","Reges_I","16","24"
"Hebrew","CMR==/","NA","umt","Reges_II","12","22"
"Hebrew","CMRH/","NA","umte","Psalmi","77","5"
"Hebrew","CMRH=/","NA","umte","Psalmi","141","3"
"Hebrew","CMRJ/","NA","umtj","Chronica_I","4","37"
"Hebrew","CMRJH/","NA","umtje","Esra","10","32"
"Hebrew","CMRJHW/","NA","umtjef","Chronica_I","12","6"
"Hebrew","CMRJM/","NA","umtjm","Exodus","12","42"
"Hebrew","CMRJT/","NA","umtjv","Chronica_II","24","26"
"Hebrew","CMRNJ/","NA","umtnj","Numeri","26","24"
"Hebrew","CMRT/","NA","umtv","Chronica_I","8","21"
"Hebrew","CMRWN/","NA","umtfn","Reges_I","13","32"
"Hebrew","CMRWN=/","NA","umtfn","Josua","11","1"
"Hebrew","CMRWN==/","NA","umtfn","Genesis","46","13"
"Hebrew","CMRWNJ/","NA","umtfnj","Reges_II","17","29"
"Hebrew","CMRWN_MR>WN/","NA","umtfn mtafn","Josua","12","20"
"Hebrew","CMR[","qal","umt","Genesis","2","15"
"Hebrew","CMTJ/","NA","umvj","Chronica_I","2","53"
"Hebrew","CMVH/","NA","umie","Deuteronomium","15","1"
"Hebrew","CMV[","qal","umi","Exodus","23","11"
"Hebrew","CMW</","NA","umfp","Numeri","13","4"
"Hebrew","CMW<H/","NA","umfpe","Samuel_I","2","24"
"Hebrew","CMW>L/","NA","umfal","Numeri","34","20"
"Hebrew","CMWT/","NA","umfv","Chronica_I","11","27"
"Hebrew","CMY/","NA","umr","Iob","4","12"
"Hebrew","CMYH/","NA","umre","Exodus","32","25"
"Hebrew","CN/","NA","un","Genesis","49","12"
"Hebrew","CN<R/","NA","unpt","Genesis","10","10"
"Hebrew","CN=/","NA","un","Samuel_I","7","12"
"Hebrew","CN>/","NA","una","Psalmi","127","2"
"Hebrew","CN>B/","NA","unab","Genesis","14","2"
"Hebrew","CN>N/","NA","unan","Psalmi","68","18"
"Hebrew","CN>YR/","NA","unart","Chronica_I","3","18"
"Hebrew","CN>[","qal","una","Threni","4","1"
"Hebrew","CNH/","NA","une","Genesis","1","14"
"Hebrew","CNH=/","NA","une","Genesis","28","16"
"Hebrew","CNHBJM/","NA","unebjm","Reges_I","10","22"
"Hebrew","CNH[","qal","une","Samuel_I","26","8"
"Hebrew","CNJ/","NA","unj","Genesis","1","8"
"Hebrew","CNJ=/","NA","unj","Genesis","38","28"
"Hebrew","CNJM/","NA","unjm","Genesis","1","16"
"Hebrew","CNJNH/","NA","unjne","Deuteronomium","28","37"
"Hebrew","CNN=[","piel","unn","Deuteronomium","6","7"
"Hebrew","CNN[","qal","unn","Deuteronomium","32","41"
"Hebrew","CNS[","piel","uno","Reges_I","18","46"
"Hebrew","CP</","NA","uqp","Deuteronomium","33","19"
"Hebrew","CP<H/","NA","uqpe","Reges_II","9","17"
"Hebrew","CP<J/","NA","uqpj","Chronica_I","4","37"
"Hebrew","CPH[","nif","uqe","Jesaia","13","2"
"Hebrew","CPJ/","NA","uqj","Numeri","23","3"
"Hebrew","CPJ=/","NA","uqj","Chronica_I","1","40"
"Hebrew","CPJPN/","NA","uqjqn","Genesis","49","17"
"Hebrew","CPJR/","NA","uqjt","Micha","1","11"
"Hebrew","CPK/","NA","uqk","Leviticus","4","12"
"Hebrew","CPKH/","NA","uqke","Deuteronomium","23","2"
"Hebrew","CPK[","qal","uqk","Genesis","9","6"
"Hebrew","CPL/","NA","uql","Leviticus","13","20"
"Hebrew","CPL=/","NA","uql","Psalmi","136","23"
"Hebrew","CPL==/","NA","uql","Jesaia","2","12"
"Hebrew","CPLH/","NA","uqle","Jesaia","32","19"
"Hebrew","CPLH=/","NA","uqle","Deuteronomium","1","7"
"Hebrew","CPLWT/","NA","uqlfv","Ecclesiastes","10","18"
"Hebrew","CPL[","qal","uql","Jesaia","2","9"
"Hebrew","CPM/","NA","uqm","Numeri","34","10"
"Hebrew","CPM=/","NA","uqm","Chronica_I","5","12"
"Hebrew","CPJM/","NA","uqjm","Chronica_I","7","12"
"Hebrew","CPMJ/","NA","uqmj","Chronica_I","27","27"
"Hebrew","CPN/","NA","uqn","Leviticus","11","5"
"Hebrew","CPN=/","NA","uqn","Reges_II","22","3"
"Hebrew","CPR/","NA","uqt","Genesis","49","21"
"Hebrew","CPR=/","NA","uqt","Numeri","33","23"
"Hebrew","CPRH/","NA","uqte","Iob","26","13"
"Hebrew","CPRH=/","NA","uqte","Exodus","1","15"
"Hebrew","CPRJR/","NA","uqtjt","Jeremia","43","10"
"Hebrew","CPR[","qal","uqt","Psalmi","16","6"
"Hebrew","CPTJM/","NA","uqvjm","Ezechiel","40","43"
"Hebrew","CPT[","qal","uqv","Reges_II","4","38"
"Hebrew","CPV/","NA","uqi","Exodus","6","6"
"Hebrew","CPV=/","NA","uqi","Numeri","13","5"
"Hebrew","CPVJH/","NA","uqije","Samuel_II","3","4"
"Hebrew","CPVJHW/","NA","uqijef","Chronica_I","12","6"
"Hebrew","CPVN/","NA","uqin","Numeri","34","24"
"Hebrew","CPV[","qal","uqi","Genesis","16","5"
"Hebrew","CPW/","NA","uqf","Genesis","36","23"
"Hebrew","CPWPM/","NA","uqfqm","Numeri","26","39"
"Hebrew","CPWPN/","NA","uqfqn","Chronica_I","8","5"
"Hebrew","CPWT/","NA","uqfv","Samuel_II","17","29"
"Hebrew","CPWV/","NA","uqfi","Ezechiel","23","10"
"Hebrew","CPXH/","NA","uqhe","Genesis","12","16"
"Hebrew","CQ<RWRH/","NA","usptfte","Leviticus","14","37"
"Hebrew","CQ<[","qal","usp","Numeri","11","2"
"Hebrew","CQD/","NA","usd","Genesis","43","11"
"Hebrew","CQD=[","qal","usd","Psalmi","102","8"
"Hebrew","CQD[","qal","usd","Jesaia","29","20"
"Hebrew","CQH[","pual","use","Iob","21","24"
"Hebrew","CQL/","NA","usl","Genesis","23","15"
"Hebrew","CQL[","qal","usl","Genesis","23","16"
"Hebrew","CQMH/","NA","usme","Reges_I","10","27"
"Hebrew","CQP/","NA","usq","Reges_I","7","5"
"Hebrew","CQPJM/","NA","usqjm","Reges_I","6","4"
"Hebrew","CQP[","nif","usq","Numeri","21","20"
"Hebrew","CQQ[","qal","uss","Jesaia","33","4"
"Hebrew","CQR/","NA","ust","Exodus","5","9"
"Hebrew","CQR[","qal","ust","Genesis","21","23"
"Hebrew","CQT/","NA","usv","Genesis","24","20"
"Hebrew","CQV/","NA","usi","Chronica_I","22","9"
"Hebrew","CQV[","qal","usi","Josua","11","23"
"Hebrew","CQWJ/","NA","usfj","Hosea","2","7"
"Hebrew","CQWY/","NA","usfr","Deuteronomium","29","16"
"Hebrew","CQY/","NA","usr","Leviticus","7","21"
"Hebrew","CQY[","piel","usr","Leviticus","11","11"
"Hebrew","CR/","NA","ut","Ezechiel","16","4"
"Hebrew","CR==/","NA","ut","Jesaia","3","19"
"Hebrew","CRB/","NA","utb","Jesaia","35","7"
"Hebrew","CRBJH/","NA","utbje","Esra","8","18"
"Hebrew","CRBJV/","NA","utbji","Esther","4","11"
"Hebrew","CRC/","NA","utu","Deuteronomium","29","17"
"Hebrew","CRC=/","NA","utu","Chronica_I","7","16"
"Hebrew","CRCRH/","NA","utute","Exodus","28","14"
"Hebrew","CRC[","piel","utu","Psalmi","52","7"
"Hebrew","CRH/","NA","ute","Jeremia","5","10"
"Hebrew","CRH[","qal","ute","Iob","37","3"
"Hebrew","CRJ/","NA","utj","Esra","10","40"
"Hebrew","CRJH/","NA","utje","Iob","41","18"
"Hebrew","CRJR/","NA","utjt","Iob","40","16"
"Hebrew","CRJWN/","NA","utjfn","Samuel_I","17","5"
"Hebrew","CRQH/","NA","utse","Judices","5","16"
"Hebrew","CRQH=/","NA","utse","Jeremia","19","8"
"Hebrew","CRQ[","qal","uts","Reges_I","9","8"
"Hebrew","CRR/","NA","utt","Samuel_II","23","33"
"Hebrew","CRRWT/","NA","uttfv","Deuteronomium","29","18"
"Hebrew","CRT/","NA","utv","Numeri","4","12"
"Hebrew","CRT[","piel","utv","Genesis","39","4"
"Hebrew","CRVJ/","NA","utij","Chronica_I","27","29"
"Hebrew","CRWN/","NA","utfn","Josua","12","18"
"Hebrew","CRWNJ/","NA","utfnj","Chronica_I","27","29"
"Hebrew","CRWXN/","NA","utfhn","Josua","19","6"
"Hebrew","CRY/","NA","utr","Genesis","1","20"
"Hebrew","CRY[","qal","utr","Genesis","1","20"
"Hebrew","CS</","NA","uop","Leviticus","11","3"
"Hebrew","CS<[","qal","uop","Leviticus","11","3"
"Hebrew","CSH[","qal","uoe","Judices","2","14"
"Hebrew","CSP[","piel","uoq","Samuel_I","15","33"
"Hebrew","CSS[","qal","uoo","Judices","2","14"
"Hebrew","CT/","NA","uv","Samuel_II","10","4"
"Hebrew","CT=/","NA","uv","Numeri","24","17"
"Hebrew","CT==/","NA","uv","Genesis","4","25"
"Hebrew","CTH[","qal","uve","Genesis","9","21"
"Hebrew","CTJ/","NA","uvj","Leviticus","13","48"
"Hebrew","CTJ=/","NA","uvj","Ecclesiastes","10","17"
"Hebrew","CTJH/","NA","uvje","Esther","1","8"
"Hebrew","CTJL/","NA","uvjl","Psalmi","128","3"
"Hebrew","CTLXJ/","NA","uvlhj","Numeri","26","35"
"Hebrew","CTL[","qal","uvl","Jeremia","17","8"
"Hebrew","CTM/","NA","uvm","Numeri","24","3"
"Hebrew","CTN[","hif","uvn","Samuel_I","25","22"
"Hebrew","CTQ[","qal","uvs","Jona","1","11"
"Hebrew","CTR/","NA","uvt","Esther","1","14"
"Hebrew","CTT/","NA","uvv","Jesaia","19","10"
"Hebrew","CVH/","NA","uie","Exodus","25","5"
"Hebrew","CVJM/","NA","uijm","Numeri","25","1"
"Hebrew","CVP/","NA","uiq","Nahum","1","8"
"Hebrew","CVP[","qal","uiq","Leviticus","15","11"
"Hebrew","CVR[","qal","uit","Exodus","5","6"
"Hebrew","CVV/","NA","uii","Josua","23","13"
"Hebrew","CVX[","qal","uih","Numeri","11","32"
"Hebrew","CW</","NA","ufp","Jesaia","32","5"
"Hebrew","CW<=/","NA","ufp","Iob","30","24"
"Hebrew","CW<==/","NA","ufp","Psalmi","5","3"
"Hebrew","CW<===/","NA","ufp","Genesis","38","2"
"Hebrew","CW<====/","NA","ufp","Jesaia","22","5"
"Hebrew","CW<>/","NA","ufpa","Chronica_I","7","32"
"Hebrew","CW<H/","NA","ufpe","Exodus","2","23"
"Hebrew","CW<L/","NA","ufpl","Judices","15","4"
"Hebrew","CW<L=/","NA","ufpl","Chronica_I","7","36"
"Hebrew","CW<L==/","NA","ufpl","Samuel_I","13","17"
"Hebrew","CW<R/","NA","ufpt","Samuel_II","18","26"
"Hebrew","CW<[","piel","ufp","Jesaia","58","9"
"Hebrew","CW>/","NA","ufa","Exodus","20","7"
"Hebrew","CW>=/","NA","ufa","Psalmi","35","17"
"Hebrew","CW>==/","NA","ufa","Samuel_II","20","25"
"Hebrew","CW>H/","NA","ufae","Jesaia","10","3"
"Hebrew","CWB=[","qal","ufb","Deuteronomium","30","3"
"Hebrew","CWB>L/","NA","ufbal","Chronica_I","24","20"
"Hebrew","CWBB/","NA","ufbb","Jeremia","8","5"
"Hebrew","CWBB=/","NA","ufbb","Jesaia","57","17"
"Hebrew","CWBB==/","NA","ufbb","Samuel_II","5","14"
"Hebrew","CWBH/","NA","ufbe","Jesaia","30","15"
"Hebrew","CWBK/","NA","ufbk","Samuel_II","10","16"
"Hebrew","CWBL/","NA","ufbl","Genesis","36","20"
"Hebrew","CWBQ/","NA","ufbs","Nehemia","10","25"
"Hebrew","CWB[","qal","ufb","Genesis","3","19"
"Hebrew","CWC>/","NA","ufua","Chronica_I","18","16"
"Hebrew","CWCN/","NA","ufun","Reges_I","7","19"
"Hebrew","CWCN=/","NA","ufun","Esther","1","2"
"Hebrew","CWH/","NA","ufe","Genesis","14","5"
"Hebrew","CWH=/","NA","ufe","Genesis","14","17"
"Hebrew","CWH=[","piel","ufe","Hosea","10","1"
"Hebrew","CWH[","qal","ufe","Jesaia","40","25"
"Hebrew","CWL/","NA","ufl","Exodus","28","33"
"Hebrew","CWLL/","NA","ufll","Micha","1","8"
"Hebrew","CWLMJ/","NA","uflmj","Canticum","7","1"
"Hebrew","CWMJM/","NA","ufmjm","Numeri","11","5"
"Hebrew","CWMR/","NA","ufmt","Chronica_I","7","32"
"Hebrew","CWNJ/","NA","ufnj","Numeri","26","15"
"Hebrew","CWNJ=/","NA","ufnj","Genesis","46","16"
"Hebrew","CWNM/","NA","ufnm","Josua","19","18"
"Hebrew","CWNMJ/","NA","ufnmj","Reges_I","1","3"
"Hebrew","CWP=[","qal","ufq","Genesis","3","15"
"Hebrew","CWPK/","NA","ufqk","Chronica_I","19","16"
"Hebrew","CWPMJ/","NA","ufqmj","Numeri","26","39"
"Hebrew","CWPR/","NA","ufqt","Exodus","19","16"
"Hebrew","CWP[","qal","ufq","Genesis","3","15"
"Hebrew","CWQ/","NA","ufs","Exodus","29","22"
"Hebrew","CWQ=/","NA","ufs","Proverbia","7","8"
"Hebrew","CWQQ/","NA","ufss","Jesaia","29","8"
"Hebrew","CWQ[","piel","ufs","Psalmi","65","10"
"Hebrew","CWR/","NA","uft","Genesis","32","6"
"Hebrew","CWR=/","NA","uft","Genesis","49","22"
"Hebrew","CWR==/","NA","uft","Genesis","16","7"
"Hebrew","CWR=[","qal","uft","Jesaia","57","9"
"Hebrew","CWRH/","NA","ufte","Iob","24","11"
"Hebrew","CWRR/","NA","uftt","Psalmi","5","9"
"Hebrew","CWR[","qal","uft","Numeri","23","9"
"Hebrew","CWTLX/","NA","ufvlh","Numeri","26","35"
"Hebrew","CWV/","NA","ufi","Reges_I","12","11"
"Hebrew","CWV=/","NA","ufi","Jesaia","28","15"
"Hebrew","CWV=[","qal","ufi","Ezechiel","16","57"
"Hebrew","CWV[","qal","ufi","Numeri","11","8"
"Hebrew","CWX/","NA","ufh","Genesis","25","2"
"Hebrew","CWXH/","NA","ufhe","Jeremia","2","6"
"Hebrew","CWXH=/","NA","ufhe","Chronica_I","4","11"
"Hebrew","CWXJ/","NA","ufhj","Iob","2","11"
"Hebrew","CWXM/","NA","ufhm","Numeri","26","42"
"Hebrew","CWXMJ/","NA","ufhmj","Numeri","26","42"
"Hebrew","CWX[","qal","ufh","Proverbia","2","18"
"Hebrew","CX/","NA","uh","Iob","22","29"
"Hebrew","CXD/","NA","uhd","Exodus","23","8"
"Hebrew","CXD[","qal","uhd","Ezechiel","16","33"
"Hebrew","CXH[","qal","uhe","Jesaia","51","23"
"Hebrew","CXJN/","NA","uhjn","Exodus","9","9"
"Hebrew","CXJS/","NA","uhjo","Jesaia","37","30"
"Hebrew","CXJT/","NA","uhjv","Psalmi","107","20"
"Hebrew","CXJVH/","NA","uhjie","Chronica_II","30","17"
"Hebrew","CXL/","NA","uhl","Hosea","5","14"
"Hebrew","CXLT/","NA","uhlv","Exodus","30","34"
"Hebrew","CXP/","NA","uhq","Leviticus","11","16"
"Hebrew","CXPT/","NA","uhqv","Leviticus","26","16"
"Hebrew","CXQ/","NA","uhs","Deuteronomium","33","26"
"Hebrew","CXQ[","qal","uhs","Exodus","30","36"
"Hebrew","CXR/","NA","uht","Genesis","19","15"
"Hebrew","CXR=/","NA","uht","Leviticus","13","31"
"Hebrew","CXR=[","qal","uht","Iob","30","30"
"Hebrew","CXRJH/","NA","uhtje","Chronica_I","8","26"
"Hebrew","CXRJM/","NA","uhtjm","Chronica_I","8","8"
"Hebrew","CXRWT/","NA","uhtfv","Ecclesiastes","11","10"
"Hebrew","CXRXR/","NA","uhtht","Canticum","1","6"
"Hebrew","CXR[","qal","uht","Proverbia","11","27"
"Hebrew","CXT/","NA","uhv","Jesaia","38","17"
"Hebrew","CXT[","nif","uhv","Genesis","6","11"
"Hebrew","CXV=[","qal","uhi","Reges_I","10","16"
"Hebrew","CXVH/","NA","uhie","Hosea","5","2"
"Hebrew","CXV[","qal","uhi","Genesis","22","10"
"Hebrew","CXWR/","NA","uhft","Threni","4","8"
"Hebrew","CXWT/","NA","uhfv","Proverbia","28","10"
"Hebrew","CXX[","qal","uhh","Jesaia","2","11"
"Hebrew","CXY/","NA","uhr","Iob","28","8"
"Hebrew","CXYJMH/","NA","uhrjme","Josua","19","22"
"Hebrew","CYP/","NA","urq","Jesaia","54","8"
"Hebrew","CZP[","qal","ugq","Iob","20","9"
"Hebrew","CZR[","hof","ugt","Exodus","26","1"
"Hebrew","D</","NA","dp","Iob","32","6"
"Hebrew","D<H/","NA","dpe","Samuel_I","2","3"
"Hebrew","D<K[","qal","dpk","Jesaia","43","17"
"Hebrew","D<T/","NA","dpv","Genesis","2","9"
"Hebrew","D<W>L/","NA","dpfal","Numeri","1","14"
"Hebrew","D>BH/","NA","dabe","Iob","41","14"
"Hebrew","D>BWN/","NA","dabfn","Deuteronomium","28","65"
"Hebrew","D>B[","qal","dab","Jeremia","31","12"
"Hebrew","D>GH/","NA","dace","Josua","22","24"
"Hebrew","D>G[","qal","dac","Samuel_I","9","5"
"Hebrew","D>H/","NA","dae","Leviticus","11","14"
"Hebrew","D>H[","qal","dae","Deuteronomium","28","49"
"Hebrew","D>R/","NA","dat","Josua","17","11"
"Hebrew","DB/","NA","db","Samuel_I","17","34"
"Hebrew","DB>/","NA","dba","Deuteronomium","33","25"
"Hebrew","DBB[","qal","dbb","Canticum","7","10"
"Hebrew","DBC/","NA","dbu","Genesis","43","11"
"Hebrew","DBCT/","NA","dbuv","Jesaia","30","6"
"Hebrew","DBCT=/","NA","dbuv","Josua","19","11"
"Hebrew","DBH/","NA","dbe","Genesis","37","2"
"Hebrew","DBJR/","NA","dbjt","Reges_I","6","5"
"Hebrew","DBJR=/","NA","dbjt","Josua","10","3"
"Hebrew","DBJWNJM/","NA","dbjfnjm","Reges_II","6","25"
"Hebrew","DBLH/","NA","dble","Samuel_I","25","18"
"Hebrew","DBLH=/","NA","dble","Ezechiel","6","14"
"Hebrew","DBLJM/","NA","dbljm","Hosea","1","3"
"Hebrew","DBLT/","NA","dblv","Reges_II","20","7"
"Hebrew","DBQ/","NA","dbs","Reges_I","22","34"
"Hebrew","DBQ=/","NA","dbs","Deuteronomium","4","4"
"Hebrew","DBQ[","qal","dbs","Genesis","2","24"
"Hebrew","DBR/","NA","dbt","Genesis","11","1"
"Hebrew","DBR=/","NA","dbt","Exodus","5","3"
"Hebrew","DBR==/","NA","dbt","Jesaia","5","17"
"Hebrew","DBR===/","NA","dbt","Hosea","13","14"
"Hebrew","DBR=====/","NA","dbt","Josua","10","38"
"Hebrew","DBR=[","piel","dbt","Iob","19","18"
"Hebrew","DBRH/","NA","dbte","Psalmi","110","4"
"Hebrew","DBRJ/","NA","dbtj","Leviticus","24","11"
"Hebrew","DBRT/","NA","dbtv","Deuteronomium","33","3"
"Hebrew","DBRT=/","NA","dbtv","Josua","19","12"
"Hebrew","DBRWT/","NA","dbtfv","Reges_I","5","23"
"Hebrew","DBR[","qal","dbt","Genesis","16","13"
"Hebrew","DBWRH/","NA","dbfte","Deuteronomium","1","44"
"Hebrew","DBWRH=/","NA","dbfte","Genesis","35","8"
"Hebrew","DC>/","NA","dua","Genesis","1","11"
"Hebrew","DC>[","qal","dua","Joel","2","22"
"Hebrew","DCN/","NA","dun","Leviticus","1","16"
"Hebrew","DCN=/","NA","dun","Jesaia","30","23"
"Hebrew","DCN[","qal","dun","Deuteronomium","31","20"
"Hebrew","DD/","NA","dd","Ezechiel","23","3"
"Hebrew","DDH[","hit","dde","Jesaia","38","15"
"Hebrew","DDN/","NA","ddn","Genesis","10","7"
"Hebrew","DDNJ/","NA","ddnj","Jesaia","21","13"
"Hebrew","DDNJM/","NA","ddnjm","Genesis","10","4"
"Hebrew","DG/","NA","dc","Genesis","9","2"
"Hebrew","DGH/","NA","dce","Genesis","1","26"
"Hebrew","DGH[","qal","dce","Genesis","48","16"
"Hebrew","DGL/","NA","dcl","Numeri","1","52"
"Hebrew","DGL[","qal","dcl","Psalmi","20","6"
"Hebrew","DGN/","NA","dcn","Genesis","27","28"
"Hebrew","DGR[","qal","dct","Jesaia","34","15"
"Hebrew","DGWN/","NA","dcfn","Judices","16","23"
"Hebrew","DHM[","nif","dem","Jeremia","14","9"
"Hebrew","DHRH/","NA","dete","Judices","5","22"
"Hebrew","DHR[","qal","det","Nahum","3","2"
"Hebrew","DJ/","NA","dj","Exodus","36","5"
"Hebrew","DJBN/","NA","djbn","Numeri","21","30"
"Hebrew","DJC/","NA","dju","Leviticus","26","5"
"Hebrew","DJCN/","NA","djun","Genesis","36","21"
"Hebrew","DJCWN/","NA","djufn","Deuteronomium","14","5"
"Hebrew","DJCWN=/","NA","djufn","Genesis","36","21"
"Hebrew","DJG/","NA","djc","Jesaia","19","8"
"Hebrew","DJG[","qal","djc","Jeremia","16","16"
"Hebrew","DJH/","NA","dje","Deuteronomium","14","13"
"Hebrew","DJMWN/","NA","djmfn","Jesaia","15","9"
"Hebrew","DJMWNH/","NA","djmfne","Josua","15","22"
"Hebrew","DJN/","NA","djn","Deuteronomium","17","8"
"Hebrew","DJN=/","NA","djn","Samuel_I","24","16"
"Hebrew","DJNH/","NA","djne","Genesis","30","21"
"Hebrew","DJN[","qal","djn","Genesis","15","14"
"Hebrew","DJPT/","NA","djqv","Chronica_I","1","6"
"Hebrew","DJQ/","NA","djs","Reges_II","25","1"
"Hebrew","DJW/","NA","djf","Jeremia","36","18"
"Hebrew","DJ_ZHB/","NA","dj geb","Deuteronomium","1","1"
"Hebrew","DK/","NA","dk","Psalmi","9","10"
"Hebrew","DK>/","NA","dka","Jesaia","57","15"
"Hebrew","DK>[","nif","dka","Jesaia","57","15"
"Hebrew","DKH/","NA","dke","Deuteronomium","23","2"
"Hebrew","DKH[","qal","dke","Psalmi","10","10"
"Hebrew","DKJ/","NA","dkj","Psalmi","93","3"
"Hebrew","DL/","NA","dl","Genesis","41","19"
"Hebrew","DL<N/","NA","dlpn","Josua","15","38"
"Hebrew","DL=/","NA","dl","Psalmi","141","3"
"Hebrew","DLG[","qal","dlc","Zephania","1","9"
"Hebrew","DLH/","NA","dle","Jesaia","38","12"
"Hebrew","DLH=/","NA","dle","Reges_II","24","14"
"Hebrew","DLH[","qal","dle","Exodus","2","16"
"Hebrew","DLJ/","NA","dlj","Numeri","24","7"
"Hebrew","DLJH/","NA","dlje","Esra","2","60"
"Hebrew","DLJHW/","NA","dljef","Jeremia","36","12"
"Hebrew","DLJLH/","NA","dljle","Judices","16","4"
"Hebrew","DLJT/","NA","dljv","Jeremia","11","16"
"Hebrew","DLL[","qal","dll","Judices","6","6"
"Hebrew","DLP/","NA","dlq","Proverbia","19","13"
"Hebrew","DLP=[","qal","dlq","Ecclesiastes","10","18"
"Hebrew","DLPWN/","NA","dlqfn","Esther","9","7"
"Hebrew","DLP[","qal","dlq","Psalmi","119","28"
"Hebrew","DLQT/","NA","dlsv","Deuteronomium","28","22"
"Hebrew","DLQ[","qal","dls","Genesis","31","36"
"Hebrew","DLT/","NA","dlv","Genesis","19","6"
"Hebrew","DLX[","qal","dlh","Ezechiel","32","2"
"Hebrew","DM/","NA","dm","Genesis","4","10"
"Hebrew","DM</","NA","dmp","Exodus","22","28"
"Hebrew","DM<H/","NA","dmpe","Reges_II","20","5"
"Hebrew","DM<[","qal","dmp","Jeremia","13","17"
"Hebrew","DMCQ/","NA","dmus","Amos","3","12"
"Hebrew","DMFQ/","NA","dmus","Genesis","14","15"
"Hebrew","DMH/","NA","dme","Ezechiel","27","32"
"Hebrew","DMH=[","qal","dme","Jeremia","14","17"
"Hebrew","DMH[","qal","dme","Jesaia","1","9"
"Hebrew","DMJ/","NA","dmj","Jesaia","62","6"
"Hebrew","DMJ=/","NA","dmj","Jesaia","38","10"
"Hebrew","DMJN/","NA","dmjn","Psalmi","17","12"
"Hebrew","DMMH/","NA","dmme","Reges_I","19","12"
"Hebrew","DMM[","qal","dmm","Exodus","15","16"
"Hebrew","DMN/","NA","dmn","Reges_II","9","37"
"Hebrew","DMNH/","NA","dmne","Josua","21","35"
"Hebrew","DMWT/","NA","dmfv","Genesis","1","26"
"Hebrew","DN/","NA","dn","Genesis","14","14"
"Hebrew","DNH/","NA","dne","Josua","15","49"
"Hebrew","DNHBH/","NA","dnebe","Genesis","36","32"
"Hebrew","DNJ/","NA","dnj","Judices","13","2"
"Hebrew","DNJ>L/","NA","dnjal","Ezechiel","14","14"
"Hebrew","DPJ/","NA","dqj","Psalmi","50","20"
"Hebrew","DPQH/","NA","dqse","Numeri","33","12"
"Hebrew","DPQ[","qal","dqs","Genesis","33","13"
"Hebrew","DQ/","NA","ds","Genesis","41","3"
"Hebrew","DQ=/","NA","ds","Jesaia","40","22"
"Hebrew","DQLH/","NA","dsle","Genesis","10","27"
"Hebrew","DQQ[","qal","dss","Exodus","32","20"
"Hebrew","DQR/","NA","dst","Reges_I","4","9"
"Hebrew","DQR[","qal","dst","Numeri","25","8"
"Hebrew","DR/","NA","dt","Esther","1","6"
"Hebrew","DR</","NA","dtp","Chronica_I","2","6"
"Hebrew","DR>WN/","NA","dtafn","Jesaia","66","24"
"Hebrew","DRBN/","NA","dtbn","Samuel_I","13","21"
"Hebrew","DRBN=/","NA","dtbn","Ecclesiastes","12","11"
"Hebrew","DRC[","qal","dtu","Genesis","9","5"
"Hebrew","DRD</","NA","dtdp","Reges_I","5","11"
"Hebrew","DRDR/","NA","dtdt","Genesis","3","18"
"Hebrew","DRJWC/","NA","dtjfu","Haggai","1","1"
"Hebrew","DRK/","NA","dtk","Genesis","3","24"
"Hebrew","DRKMNJM/","NA","dtkmnjm","Esra","2","69"
"Hebrew","DRK[","qal","dtk","Numeri","24","17"
"Hebrew","DRMFQ/","NA","dtmus","Chronica_I","18","5"
"Hebrew","DRQWN/","NA","dtsfn","Esra","2","56"
"Hebrew","DRWM/","NA","dtfm","Deuteronomium","33","23"
"Hebrew","DRWR/","NA","dtft","Exodus","30","23"
"Hebrew","DRWR=/","NA","dtft","Leviticus","25","10"
"Hebrew","DRWR==/","NA","dtft","Psalmi","84","4"
"Hebrew","DT/","NA","dv","Deuteronomium","33","2"
"Hebrew","DTN/","NA","dvn","Genesis","37","17"
"Hebrew","DTN=/","NA","dvn","Numeri","16","1"
"Hebrew","D>G/","NA","dac","Samuel_I","21","8"
"Hebrew","DWB[","hif","dfb","Leviticus","26","16"
"Hebrew","DWC[","qal","dfu","Deuteronomium","25","4"
"Hebrew","DWD/","NA","dfd","Leviticus","10","4"
"Hebrew","DWD=/","NA","dfd","Samuel_I","2","14"
"Hebrew","DWD==/","NA","dfd","Samuel_I","16","13"
"Hebrew","DWDH/","NA","dfde","Exodus","6","20"
"Hebrew","DWDJ/","NA","dfdj","Chronica_I","27","4"
"Hebrew","DWDJ=/","NA","dfdj","Genesis","30","14"
"Hebrew","DWDW/","NA","dfdf","Judices","10","1"
"Hebrew","DDWHW/","NA","ddfef","Chronica_II","20","37"
"Hebrew","DWG/","NA","dfc","Ezechiel","47","10"
"Hebrew","DWGH/","NA","dfce","Amos","4","2"
"Hebrew","DWH/","NA","dfe","Leviticus","15","33"
"Hebrew","DWH[","qal","dfe","Leviticus","12","2"
"Hebrew","DWJ/","NA","dfj","Psalmi","41","4"
"Hebrew","DWJ=/","NA","dfj","Jesaia","1","5"
"Hebrew","DWKJPT/","NA","dfkjqv","Leviticus","11","19"
"Hebrew","DWK[","qal","dfk","Numeri","11","8"
"Hebrew","DWMFQ/","NA","dfmus","Reges_II","16","10"
"Hebrew","DWMH/","NA","dfme","Psalmi","94","17"
"Hebrew","DWMH=/","NA","dfme","Genesis","25","14"
"Hebrew","DWMJH/","NA","dfmje","Psalmi","22","3"
"Hebrew","DWMM","NA","dfmm","Jesaia","47","5"
"Hebrew","DWNG/","NA","dfnc","Micha","1","4"
"Hebrew","DWN[","qal","dfn","Genesis","6","3"
"Hebrew","DWR/","NA","dft","Genesis","6","9"
"Hebrew","DWR=/","NA","dft","Jesaia","22","18"
"Hebrew","DWR==/","NA","dft","Jesaia","38","12"
"Hebrew","DWR===/","NA","dft","Josua","11","2"
"Hebrew","DWR[","qal","dft","Ezechiel","24","5"
"Hebrew","DWX[","hif","dfh","Jesaia","4","4"
"Hebrew","DWY[","qal","dfr","Iob","41","14"
"Hebrew","DXH[","qal","dhe","Psalmi","35","5"
"Hebrew","DXJ/","NA","dhj","Psalmi","56","14"
"Hebrew","DXN/","NA","dhn","Ezechiel","4","9"
"Hebrew","DXP[","qal","dhq","Esther","3","15"
"Hebrew","DXQ[","qal","dhs","Judices","2","18"
"Hebrew","DXX[","nif","dhh","Samuel_II","14","14"
"Hebrew","F<JR/","NA","upjt","Genesis","37","31"
"Hebrew","F<JR=/","NA","upjt","Leviticus","17","7"
"Hebrew","F<JR==/","NA","upjt","Deuteronomium","32","2"
"Hebrew","F<JR===/","NA","upjt","Genesis","27","11"
"Hebrew","F<JR====/","NA","upjt","Genesis","14","6"
"Hebrew","F<JRH/","NA","upjte","Leviticus","4","28"
"Hebrew","F<JRH=/","NA","upjte","Judices","3","26"
"Hebrew","F<PJM/","NA","upqjm","Iob","4","13"
"Hebrew","F<R/","NA","upt","Genesis","25","25"
"Hebrew","F<R=/","NA","upt","Jesaia","28","2"
"Hebrew","F<R==/","NA","upt","Ezechiel","27","35"
"Hebrew","F<R==[","qal","upt","Deuteronomium","32","17"
"Hebrew","F<R=[","qal","upt","Jeremia","2","12"
"Hebrew","F<RH/","NA","upte","Exodus","9","31"
"Hebrew","F<RH=/","NA","upte","Judices","20","16"
"Hebrew","F<RH==/","NA","upte","Nahum","1","3"
"Hebrew","F<RJM/","NA","uptjm","Chronica_I","24","8"
"Hebrew","F<R[","qal","upt","Psalmi","58","10"
"Hebrew","F>R/","NA","uat","Exodus","12","15"
"Hebrew","F>T/","NA","uav","Genesis","4","7"
"Hebrew","F>T=/","NA","uav","Leviticus","13","2"
"Hebrew","FB</","NA","ubp","Exodus","16","3"
"Hebrew","FB<=/","NA","ubp","Genesis","25","8"
"Hebrew","FB<==/","NA","ubp","Genesis","41","29"
"Hebrew","FB<H/","NA","ubpe","Jesaia","23","18"
"Hebrew","FB<H=/","NA","ubpe","Ezechiel","16","49"
"Hebrew","FB<[","qal","ubp","Exodus","16","8"
"Hebrew","FBKH/","NA","ubke","Reges_I","7","17"
"Hebrew","FBM/","NA","ubm","Numeri","32","3"
"Hebrew","FBMH/","NA","ubme","Numeri","32","38"
"Hebrew","FBR/","NA","ubt","Psalmi","119","116"
"Hebrew","FBR[","qal","ubt","Nehemia","2","13"
"Hebrew","FDD[","piel","udd","Jesaia","28","24"
"Hebrew","FDH/","NA","ude","Genesis","2","5"
"Hebrew","FDJ/","NA","udj","Deuteronomium","32","13"
"Hebrew","FDJM/","NA","udjm","Genesis","14","3"
"Hebrew","FDRH/","NA","udte","Reges_I","6","9"
"Hebrew","FFWN/","NA","uufn","Jesaia","12","3"
"Hebrew","FG>[","hif","uca","Iob","12","23"
"Hebrew","FGB[","qal","ucb","Deuteronomium","2","36"
"Hebrew","FGH[","qal","uce","Psalmi","92","13"
"Hebrew","FGJ>/","NA","ucja","Iob","36","26"
"Hebrew","FGWB/","NA","ucfb","Reges_I","16","34"
"Hebrew","FH/","NA","ue","Genesis","22","7"
"Hebrew","FHD/","NA","ued","Iob","16","19"
"Hebrew","FHRNJM/","NA","uetnjm","Judices","8","21"
"Hebrew","FJ>/","NA","uja","Iob","20","6"
"Hebrew","FJ>N/","NA","ujan","Deuteronomium","4","48"
"Hebrew","FJB/","NA","ujb","Reges_I","14","4"
"Hebrew","FJBH/","NA","ujbe","Genesis","15","15"
"Hebrew","FJB[","qal","ujb","Samuel_I","12","2"
"Hebrew","FJD/","NA","ujd","Deuteronomium","27","2"
"Hebrew","FJD[","qal","ujd","Deuteronomium","27","2"
"Hebrew","FJG/","NA","ujc","Reges_I","18","27"
"Hebrew","FJM[","qal","ujm","Genesis","2","8"
"Hebrew","FJX/","NA","ujh","Genesis","2","5"
"Hebrew","FJX=/","NA","ujh","Samuel_I","1","16"
"Hebrew","FJXH/","NA","ujhe","Psalmi","119","97"
"Hebrew","FJX[","qal","ujh","Judices","5","10"
"Hebrew","FK/","NA","uk","Numeri","33","55"
"Hebrew","FK=/","NA","uk","Threni","2","6"
"Hebrew","FKH/","NA","uke","Iob","40","31"
"Hebrew","FKJH/","NA","ukje","Jesaia","2","16"
"Hebrew","FKJH=/","NA","ukje","Chronica_I","8","10"
"Hebrew","FKJN/","NA","ukjn","Proverbia","23","2"
"Hebrew","FKJR/","NA","ukjt","Exodus","12","45"
"Hebrew","FKK[","qal","ukk","Exodus","33","22"
"Hebrew","FKL/","NA","ukl","Samuel_I","25","3"
"Hebrew","FKL=[","piel","ukl","Genesis","48","14"
"Hebrew","FKLWT/","NA","uklfv","Ecclesiastes","1","17"
"Hebrew","FKL[","qal","ukl","Samuel_I","18","30"
"Hebrew","FKR/","NA","ukt","Genesis","15","1"
"Hebrew","FKR=/","NA","ukt","Jesaia","19","10"
"Hebrew","FKR==/","NA","ukt","Chronica_I","11","35"
"Hebrew","FKR[","qal","ukt","Genesis","30","16"
"Hebrew","FKW/","NA","ukf","Samuel_I","19","22"
"Hebrew","FKWJ/","NA","ukfj","Iob","38","36"
"Hebrew","FLM>/","NA","ulma","Chronica_I","2","11"
"Hebrew","FLMH/","NA","ulme","Exodus","22","8"
"Hebrew","FLMH=/","NA","ulme","Ruth","4","20"
"Hebrew","FLMWN/","NA","ulmfn","Ruth","4","21"
"Hebrew","FLW/","NA","ulf","Exodus","16","13"
"Hebrew","FM>L/","NA","umal","Genesis","13","9"
"Hebrew","FM>LJ/","NA","umalj","Leviticus","14","15"
"Hebrew","FM>L[","hif","umal","Genesis","13","9"
"Hebrew","FMJKH/","NA","umjke","Judices","4","18"
"Hebrew","FMLH/","NA","umle","Genesis","9","23"
"Hebrew","FMLH=/","NA","umle","Genesis","36","36"
"Hebrew","FMMJT/","NA","ummjv","Proverbia","30","28"
"Hebrew","FMX/","NA","umh","Deuteronomium","16","15"
"Hebrew","FMXH/","NA","umhe","Genesis","31","27"
"Hebrew","FMX[","qal","umh","Exodus","4","14"
"Hebrew","FN>H/","NA","unae","Numeri","35","20"
"Hebrew","FN>[","qal","una","Genesis","24","60"
"Hebrew","FNJ>/","NA","unja","Deuteronomium","21","15"
"Hebrew","FNJR/","NA","unjt","Deuteronomium","3","9"
"Hebrew","FPH/","NA","uqe","Genesis","11","1"
"Hebrew","FPM/","NA","uqm","Leviticus","13","45"
"Hebrew","FPMWT/","NA","uqmfv","Samuel_I","30","28"
"Hebrew","FPN[","qal","uqn","Deuteronomium","33","19"
"Hebrew","FPQ/","NA","uqs","Iob","20","22"
"Hebrew","FPQ=/","NA","uqs","Iob","36","18"
"Hebrew","FPQ=[","qal","uqs","Reges_I","20","10"
"Hebrew","FPQ[","qal","uqs","Iob","27","23"
"Hebrew","FPX[","piel","uqh","Jesaia","3","17"
"Hebrew","FQ/","NA","us","Genesis","37","34"
"Hebrew","FQD[","nif","usd","Threni","1","14"
"Hebrew","FQR[","piel","ust","Jesaia","3","16"
"Hebrew","FR/","NA","ut","Genesis","12","15"
"Hebrew","FR<PJM/","NA","utpqjm","Psalmi","94","19"
"Hebrew","FR<[","qal","utp","Leviticus","21","18"
"Hebrew","FR>YR/","NA","utart","Reges_II","19","37"
"Hebrew","FRD/","NA","utd","Jesaia","44","13"
"Hebrew","FRD=/","NA","utd","Exodus","31","10"
"Hebrew","FRD[","qal","utd","Josua","10","20"
"Hebrew","FRG[","pual","utc","Iob","40","17"
"Hebrew","FRH/","NA","ute","Judices","5","29"
"Hebrew","FRH=/","NA","ute","Genesis","17","15"
"Hebrew","FRH[","qal","ute","Genesis","32","29"
"Hebrew","FRJ/","NA","utj","Genesis","11","29"
"Hebrew","FRJD/","NA","utjd","Numeri","21","35"
"Hebrew","FRJD=/","NA","utjd","Josua","19","10"
"Hebrew","FRJG/","NA","utjc","Genesis","40","10"
"Hebrew","FRJH/","NA","utje","Samuel_II","8","17"
"Hebrew","FRJHW/","NA","utjef","Jeremia","36","26"
"Hebrew","FRJQ/","NA","utjs","Jesaia","19","9"
"Hebrew","FRJN/","NA","utjn","Deuteronomium","3","9"
"Hebrew","FRK[","piel","utk","Jeremia","2","23"
"Hebrew","FRP/","NA","utq","Numeri","21","6"
"Hebrew","FRP=/","NA","utq","Chronica_I","4","22"
"Hebrew","FRPH/","NA","utqe","Genesis","11","3"
"Hebrew","FRP[","qal","utq","Genesis","11","3"
"Hebrew","FRQ/","NA","uts","Jesaia","5","2"
"Hebrew","FRQ=/","NA","uts","Jesaia","16","8"
"Hebrew","FRQH/","NA","utse","Genesis","49","11"
"Hebrew","FRR[","qal","utt","Judices","9","22"
"Hebrew","FRV/","NA","uti","Leviticus","19","28"
"Hebrew","FRVT/","NA","utiv","Leviticus","21","5"
"Hebrew","FRV[","qal","uti","Leviticus","21","5"
"Hebrew","FRWG/","NA","utfc","Genesis","11","20"
"Hebrew","FRWK/","NA","utfk","Genesis","14","23"
"Hebrew","FRX/","NA","uth","Genesis","46","17"
"Hebrew","FR_SKJM/","NA","ut okjm","Jeremia","39","3"
"Hebrew","FTM[","qal","uvm","Threni","3","8"
"Hebrew","FTR[","nif","uvt","Samuel_I","5","9"
"Hebrew","FV/","NA","ui","Hosea","5","2"
"Hebrew","FVH[","qal","uie","Numeri","5","12"
"Hebrew","FVM[","qal","uim","Genesis","27","41"
"Hebrew","FVN/","NA","uin","Numeri","22","22"
"Hebrew","FVNH/","NA","uine","Esra","4","6"
"Hebrew","FVNH=/","NA","uine","Genesis","26","21"
"Hebrew","FVN[","qal","uin","Sacharia","3","1"
"Hebrew","FWBK/","NA","ufbk","Samuel_II","18","9"
"Hebrew","FWF[","qal","ufu","Deuteronomium","28","63"
"Hebrew","FWG[","piel","ufc","Jesaia","17","11"
"Hebrew","FWK/","NA","ufk","Judices","9","49"
"Hebrew","FWKH/","NA","ufke","Judices","9","48"
"Hebrew","FWKH=/","NA","ufke","Josua","15","35"
"Hebrew","FWKTJ/","NA","ufkvj","Chronica_I","2","55"
"Hebrew","FWK[","qal","ufk","Hosea","2","8"
"Hebrew","FWRH/","NA","ufte","Jesaia","28","25"
"Hebrew","FRQ==/","NA","uts","Judices","16","4"
"Hebrew","FWR[","qal","uft","Hosea","9","12"
"Hebrew","FWV[","qal","ufi","Psalmi","40","5"
"Hebrew","FWX[","qal","ufh","Genesis","24","63"
"Hebrew","FX/","NA","uh","Amos","4","13"
"Hebrew","FXH[","qal","uhe","Jesaia","25","11"
"Hebrew","FXJP/","NA","uhjq","Ezechiel","41","16"
"Hebrew","FXQ[","qal","uhs","Judices","16","27"
"Hebrew","FXV[","qal","uhi","Genesis","40","11"
"Hebrew","FXW/","NA","uhf","Ezechiel","47","5"
"Hebrew","FXWQ/","NA","uhfs","Jeremia","20","7"
"Hebrew","G<C/","NA","cpu","Josua","24","30"
"Hebrew","G<C[","qal","cpu","Psalmi","18","8"
"Hebrew","G<H/","NA","cpe","Jeremia","31","39"
"Hebrew","G<H[","qal","cpe","Samuel_I","6","12"
"Hebrew","G<L/","NA","cpl","Ezechiel","16","5"
"Hebrew","G<L=/","NA","cpl","Judices","9","26"
"Hebrew","G<L[","qal","cpl","Leviticus","26","11"
"Hebrew","G<RH/","NA","cpte","Samuel_II","22","16"
"Hebrew","G<R[","qal","cpt","Genesis","37","10"
"Hebrew","G<TM/","NA","cpvm","Genesis","36","11"
"Hebrew","G>/","NA","ca","Jesaia","16","6"
"Hebrew","G>H/","NA","cae","Jesaia","2","12"
"Hebrew","G>H=/","NA","cae","Proverbia","8","13"
"Hebrew","G>H[","qal","cae","Exodus","15","1"
"Hebrew","G>L=[","qal","cal","Jesaia","63","3"
"Hebrew","G>LH/","NA","cale","Leviticus","25","24"
"Hebrew","G>LJM/","NA","caljm","Nehemia","13","29"
"Hebrew","G>L[","qal","cal","Genesis","48","16"
"Hebrew","G>W>L/","NA","cafal","Numeri","13","15"
"Hebrew","G>WH/","NA","cafe","Deuteronomium","33","26"
"Hebrew","G>WLJM/","NA","cafljm","Jesaia","63","4"
"Hebrew","G>WN/","NA","cafn","Exodus","15","7"
"Hebrew","G>WT/","NA","cafv","Jesaia","9","17"
"Hebrew","GB/","NA","cb","Leviticus","14","9"
"Hebrew","GB</","NA","cbp","Josua","18","24"
"Hebrew","GB<>/","NA","cbpa","Chronica_I","2","49"
"Hebrew","GB<H/","NA","cbpe","Genesis","49","26"
"Hebrew","GB<H=/","NA","cbpe","Josua","15","57"
"Hebrew","GB<L/","NA","cbpl","Exodus","9","31"
"Hebrew","GB<T/","NA","cbpv","Josua","18","28"
"Hebrew","GB<TJ/","NA","cbpvj","Chronica_I","12","3"
"Hebrew","GB<WN/","NA","cbpfn","Josua","9","3"
"Hebrew","GB<WNJ/","NA","cbpfnj","Samuel_II","21","1"
"Hebrew","GB=/","NA","cb","Reges_I","6","9"
"Hebrew","GB>/","NA","cba","Jesaia","30","14"
"Hebrew","GBH/","NA","cbe","Genesis","7","19"
"Hebrew","GBH=/","NA","cbe","Samuel_I","17","4"
"Hebrew","GBH==/","NA","cbe","Ezechiel","31","3"
"Hebrew","GBH===/","NA","cbe","Jesaia","33","4"
"Hebrew","GBHWT/","NA","cbefv","Jesaia","2","11"
"Hebrew","GBH[","qal","cbe","Samuel_I","10","23"
"Hebrew","GBJ/","NA","cbj","Amos","7","1"
"Hebrew","GBJ</","NA","cbjp","Genesis","44","2"
"Hebrew","GBJ=/","NA","cbj","Nehemia","11","8"
"Hebrew","GBJC/","NA","cbju","Iob","28","18"
"Hebrew","GBJM/","NA","cbjm","Jesaia","10","31"
"Hebrew","GBJR/","NA","cbjt","Genesis","27","29"
"Hebrew","GBJRH/","NA","cbjte","Reges_I","11","19"
"Hebrew","GBL/","NA","cbl","Psalmi","83","8"
"Hebrew","GBL=/","NA","cbl","Ezechiel","27","9"
"Hebrew","GBLJ/","NA","cblj","Josua","13","5"
"Hebrew","GBLT/","NA","cblv","Exodus","28","22"
"Hebrew","GBL[","qal","cbl","Deuteronomium","19","14"
"Hebrew","GBN/","NA","cbn","Leviticus","21","20"
"Hebrew","GBNH/","NA","cbne","Iob","10","10"
"Hebrew","GBNN/","NA","cbnn","Psalmi","68","16"
"Hebrew","GBR/","NA","cbt","Exodus","10","11"
"Hebrew","GBR=/","NA","cbt","Reges_I","4","13"
"Hebrew","GBR==/","NA","cbt","Esra","2","20"
"Hebrew","GBRJ>L/","NA","cbtjal","Daniel","8","16"
"Hebrew","GBRT/","NA","cbtv","Genesis","16","4"
"Hebrew","GBR[","qal","cbt","Genesis","7","18"
"Hebrew","GBTWN/","NA","cbvfn","Josua","19","44"
"Hebrew","GBWL/","NA","cbfl","Genesis","10","19"
"Hebrew","GBWLH/","NA","cbfle","Numeri","32","33"
"Hebrew","GBWR/","NA","cbft","Genesis","6","4"
"Hebrew","GBWRH/","NA","cbfte","Exodus","32","18"
"Hebrew","GBX/","NA","cbh","Leviticus","13","41"
"Hebrew","GBXT/","NA","cbhv","Leviticus","13","42"
"Hebrew","GCC[","piel","cuu","Jesaia","59","10"
"Hebrew","GCM/","NA","cum","Genesis","7","12"
"Hebrew","GCM=/","NA","cum","Nehemia","2","19"
"Hebrew","GCM==/","NA","cum","Ezechiel","22","24"
"Hebrew","GCMW/","NA","cumf","Nehemia","6","6"
"Hebrew","GCM[","hif","cum","Jeremia","14","22"
"Hebrew","GCN/","NA","cun","Genesis","45","10"
"Hebrew","GCP>/","NA","cuqa","Nehemia","11","21"
"Hebrew","GCWR/","NA","cuft","Josua","13","13"
"Hebrew","GCWRJ/","NA","cuftj","Deuteronomium","3","14"
"Hebrew","GD/","NA","cd","Exodus","16","31"
"Hebrew","GD<M/","NA","cdpm","Judices","20","45"
"Hebrew","GD<NJ/","NA","cdpnj","Numeri","1","11"
"Hebrew","GD<WN/","NA","cdpfn","Judices","6","11"
"Hebrew","GD<[","qal","cdp","Samuel_I","2","31"
"Hebrew","GD=/","NA","cd","Genesis","30","11"
"Hebrew","GD==/","NA","cd","Genesis","30","11"
"Hebrew","GD===/","NA","cd","Jesaia","65","11"
"Hebrew","GDD[","qal","cdd","Psalmi","94","21"
"Hebrew","GDGD/","NA","cdcd","Deuteronomium","10","7"
"Hebrew","GDJ/","NA","cdj","Genesis","27","9"
"Hebrew","GDJ=/","NA","cdj","Numeri","34","14"
"Hebrew","GDJ==/","NA","cdj","Numeri","13","11"
"Hebrew","GDJ===/","NA","cdj","Reges_II","15","14"
"Hebrew","GDJ>L/","NA","cdjal","Numeri","13","10"
"Hebrew","GDJC/","NA","cdju","Exodus","22","5"
"Hebrew","GDJH/","NA","cdje","Josua","3","15"
"Hebrew","GDJH=/","NA","cdje","Canticum","1","8"
"Hebrew","GDL/","NA","cdl","Numeri","14","19"
"Hebrew","GDL=/","NA","cdl","Genesis","26","13"
"Hebrew","GDL==/","NA","cdl","Deuteronomium","22","12"
"Hebrew","GDL===/","NA","cdl","Esra","2","47"
"Hebrew","GDLJH/","NA","cdlje","Jeremia","40","5"
"Hebrew","GDLJHW/","NA","cdljef","Reges_II","25","22"
"Hebrew","GDLTJ/","NA","cdlvj","Chronica_I","25","4"
"Hebrew","GDL[","qal","cdl","Genesis","19","13"
"Hebrew","GDP[","piel","cdq","Numeri","15","30"
"Hebrew","GDR/","NA","cdt","Numeri","22","24"
"Hebrew","GDR=/","NA","cdt","Josua","12","13"
"Hebrew","GDR==/","NA","cdt","Josua","15","58"
"Hebrew","GDRH/","NA","cdte","Numeri","32","16"
"Hebrew","GDRH=/","NA","cdte","Josua","15","36"
"Hebrew","GDRJ/","NA","cdtj","Chronica_I","27","28"
"Hebrew","GDRT/","NA","cdtv","Ezechiel","42","12"
"Hebrew","GDRTJ/","NA","cdtvj","Chronica_I","12","5"
"Hebrew","GDRTJM/","NA","cdtvjm","Josua","15","36"
"Hebrew","GDRWT/","NA","cdtfv","Josua","15","41"
"Hebrew","GDR[","qal","cdt","Reges_II","12","13"
"Hebrew","GDWD/","NA","cdfd","Genesis","49","19"
"Hebrew","GDWD=/","NA","cdfd","Psalmi","65","11"
"Hebrew","GDWDH/","NA","cdfde","Jeremia","48","37"
"Hebrew","GDWL/","NA","cdfl","Genesis","1","16"
"Hebrew","GDWLH/","NA","cdfle","Samuel_II","7","21"
"Hebrew","GDWP/","NA","cdfq","Jesaia","43","28"
"Hebrew","GDWPH/","NA","cdfqe","Jesaia","51","7"
"Hebrew","GDWR/","NA","cdft","Chronica_I","4","18"
"Hebrew","GG/","NA","cc","Exodus","30","3"
"Hebrew","GHH/","NA","cee","Proverbia","17","22"
"Hebrew","GHH[","qal","cee","Hosea","5","13"
"Hebrew","GHR[","qal","cet","Reges_I","18","42"
"Hebrew","GJ>/","NA","cja","Numeri","21","20"
"Hebrew","GJ>_MLX/","NA","cja mlh","Samuel_II","8","13"
"Hebrew","GJCN/","NA","cjun","Chronica_I","2","47"
"Hebrew","GJD/","NA","cjd","Genesis","32","33"
"Hebrew","GJL/","NA","cjl","Jesaia","16","10"
"Hebrew","GJL=/","NA","cjl","Daniel","1","10"
"Hebrew","GJLH/","NA","cjle","Jesaia","35","2"
"Hebrew","GJLNJ/","NA","cjlnj","Samuel_II","15","12"
"Hebrew","GJL[","qal","cjl","Jesaia","9","2"
"Hebrew","GJNT/","NA","cjnv","Reges_I","16","21"
"Hebrew","GJX/","NA","cjh","Samuel_II","2","24"
"Hebrew","GJXWN/","NA","cjhfn","Genesis","2","13"
"Hebrew","GJXZJ/","NA","cjhgj","Reges_II","4","12"
"Hebrew","GJX[","qal","cjh","Micha","4","10"
"Hebrew","GL/","NA","cl","Jesaia","48","18"
"Hebrew","GL<D/","NA","clpd","Genesis","31","21"
"Hebrew","GL<D=/","NA","clpd","Genesis","31","47"
"Hebrew","GL<DJ/","NA","clpdj","Numeri","26","29"
"Hebrew","GL<[","hit","clp","Proverbia","17","14"
"Hebrew","GL=/","NA","cl","Genesis","31","46"
"Hebrew","GL==/","NA","cl","Ezechiel","4","12"
"Hebrew","GLB/","NA","clb","Ezechiel","5","1"
"Hebrew","GLB</","NA","clbp","Samuel_I","28","4"
"Hebrew","GLC[","qal","clu","Canticum","4","1"
"Hebrew","GLD/","NA","cld","Iob","16","15"
"Hebrew","GLGL/","NA","clcl","Jesaia","5","28"
"Hebrew","GLGL=/","NA","clcl","Jesaia","28","28"
"Hebrew","GLGL==/","NA","clcl","Jesaia","17","13"
"Hebrew","GLGL===/","NA","clcl","Deuteronomium","11","30"
"Hebrew","GLGLT/","NA","clclv","Exodus","16","16"
"Hebrew","GLH/","NA","cle","Josua","15","19"
"Hebrew","GLH=/","NA","cle","Josua","15","51"
"Hebrew","GLH[","qal","cle","Numeri","24","4"
"Hebrew","GLJL/","NA","cljl","Reges_I","6","34"
"Hebrew","GLJL=/","NA","cljl","Josua","20","7"
"Hebrew","GLJLH/","NA","cljle","Josua","13","2"
"Hebrew","GLJLWT/","NA","cljlfv","Josua","18","17"
"Hebrew","GLJM/","NA","cljm","Samuel_I","25","44"
"Hebrew","GLJT/","NA","cljv","Samuel_I","17","4"
"Hebrew","GLJWN/","NA","cljfn","Jesaia","3","23"
"Hebrew","GLL/","NA","cll","Genesis","12","13"
"Hebrew","GLL=/","NA","cll","Reges_I","14","10"
"Hebrew","GLL==/","NA","cll","Nehemia","11","17"
"Hebrew","GLLJ/","NA","cllj","Nehemia","12","36"
"Hebrew","GLL[","qal","cll","Genesis","29","3"
"Hebrew","GLM/","NA","clm","Psalmi","139","16"
"Hebrew","GLMWD/","NA","clmfd","Jesaia","49","21"
"Hebrew","GLM[","qal","clm","Reges_II","2","8"
"Hebrew","GLWLJM/","NA","clfljm","Leviticus","26","30"
"Hebrew","GLWM/","NA","clfm","Ezechiel","27","24"
"Hebrew","GLWT/","NA","clfv","Reges_II","25","27"
"Hebrew","GLX[","piel","clh","Genesis","41","14"
"Hebrew","GM","NA","cm","Genesis","3","6"
"Hebrew","GM>/","NA","cma","Exodus","2","3"
"Hebrew","GM>[","piel","cma","Iob","39","24"
"Hebrew","GMD/","NA","cmd","Judices","3","16"
"Hebrew","GMDJM/","NA","cmdjm","Ezechiel","27","11"
"Hebrew","GML/","NA","cml","Genesis","12","16"
"Hebrew","GMLJ/","NA","cmlj","Numeri","13","12"
"Hebrew","GMLJ>L/","NA","cmljal","Numeri","1","10"
"Hebrew","GML[","qal","cml","Genesis","50","15"
"Hebrew","GMR/","NA","cmt","Genesis","10","2"
"Hebrew","GMR=/","NA","cmt","Hosea","1","3"
"Hebrew","GMRJH/","NA","cmtje","Jeremia","29","3"
"Hebrew","GMRJHW/","NA","cmtjef","Jeremia","36","10"
"Hebrew","GMR[","qal","cmt","Psalmi","7","10"
"Hebrew","GMWL/","NA","cmfl","Judices","9","16"
"Hebrew","GMWL=/","NA","cmfl","Chronica_I","24","17"
"Hebrew","GMWLH/","NA","cmfle","Samuel_II","19","37"
"Hebrew","GMZW/","NA","cmgf","Chronica_II","28","18"
"Hebrew","GN/","NA","cn","Genesis","2","8"
"Hebrew","GNB/","NA","cnb","Exodus","22","1"
"Hebrew","GNBH/","NA","cnbe","Exodus","22","2"
"Hebrew","GNBT/","NA","cnbv","Reges_I","11","20"
"Hebrew","GNB[","qal","cnb","Genesis","30","33"
"Hebrew","GNH/","NA","cne","Numeri","24","6"
"Hebrew","GNN[","qal","cnn","Reges_II","19","34"
"Hebrew","GNTWJ/","NA","cnvfj","Nehemia","12","4"
"Hebrew","GNTWN/","NA","cnvfn","Nehemia","10","7"
"Hebrew","GNZ/","NA","cng","Ezechiel","27","24"
"Hebrew","GNZK/","NA","cngk","Chronica_I","28","11"
"Hebrew","GP/","NA","cq","Exodus","21","3"
"Hebrew","GP=/","NA","cq","Proverbia","9","3"
"Hebrew","GPN/","NA","cqn","Genesis","40","9"
"Hebrew","GPR/","NA","cqt","Genesis","6","14"
"Hebrew","GPRJT/","NA","cqtjv","Genesis","19","24"
"Hebrew","GR/","NA","ct","Genesis","15","13"
"Hebrew","GR<[","qal","ctp","Exodus","5","8"
"Hebrew","GR=/","NA","ct","Jesaia","27","9"
"Hebrew","GR>/","NA","cta","Genesis","46","21"
"Hebrew","GRB/","NA","ctb","Leviticus","21","20"
"Hebrew","GRB=/","NA","ctb","Samuel_II","23","38"
"Hebrew","GRC/","NA","ctu","Deuteronomium","33","14"
"Hebrew","GRCH/","NA","ctue","Ezechiel","45","9"
"Hebrew","GRCM/","NA","ctum","Exodus","2","22"
"Hebrew","GRCNJ/","NA","ctunj","Numeri","3","21"
"Hebrew","GRCWN/","NA","ctufn","Genesis","46","11"
"Hebrew","GRC[","qal","ctu","Exodus","34","11"
"Hebrew","GRD[","hit","ctd","Iob","2","8"
"Hebrew","GRF/","NA","ctu","Leviticus","2","14"
"Hebrew","GRGCJ/","NA","ctcuj","Genesis","10","16"
"Hebrew","GRGR/","NA","ctct","Jesaia","17","6"
"Hebrew","GRGRT/","NA","ctctv","Proverbia","1","9"
"Hebrew","GRH/","NA","cte","Exodus","30","13"
"Hebrew","GRH=/","NA","cte","Leviticus","11","3"
"Hebrew","GRH[","piel","cte","Proverbia","15","18"
"Hebrew","GRM/","NA","ctm","Genesis","49","14"
"Hebrew","GRMJ/","NA","ctmj","Chronica_I","4","19"
"Hebrew","GRM[","qal","ctm","Zephania","3","3"
"Hebrew","GRN/","NA","ctn","Numeri","15","20"
"Hebrew","GRP[","qal","ctq","Judices","5","21"
"Hebrew","GRR/","NA","ctt","Genesis","10","19"
"Hebrew","GRR[","qal","ctt","Habakuk","1","15"
"Hebrew","GRS[","qal","cto","Psalmi","119","20"
"Hebrew","GRWN/","NA","ctfn","Jesaia","3","16"
"Hebrew","GRWT/","NA","ctfv","Jeremia","41","17"
"Hebrew","GRZJM/","NA","ctgjm","Deuteronomium","11","29"
"Hebrew","GRZN/","NA","ctgn","Deuteronomium","19","5"
"Hebrew","GRZ[","nif","ctg","Psalmi","31","23"
"Hebrew","GT/","NA","cv","Josua","19","13"
"Hebrew","GT=/","NA","cv","Josua","11","22"
"Hebrew","GTJ/","NA","cvj","Josua","13","3"
"Hebrew","GTJM/","NA","cvjm","Samuel_II","4","3"
"Hebrew","GTJT/","NA","cvjv","Psalmi","8","1"
"Hebrew","GTR/","NA","cvt","Genesis","10","23"
"Hebrew","GT_HXPR/","NA","cv ehqt","Reges_II","14","25"
"Hebrew","GT_RMWN/","NA","cv tmfn","Josua","19","45"
"Hebrew","GW/","NA","cf","Jesaia","38","17"
"Hebrew","GW<[","qal","cfp","Genesis","6","17"
"Hebrew","GW=/","NA","cf","Reges_I","14","9"
"Hebrew","GW==/","NA","cf","Iob","30","5"
"Hebrew","GWB/","NA","cfb","Nahum","3","17"
"Hebrew","GWB=/","NA","cfb","Samuel_II","21","18"
"Hebrew","GWC/","NA","cfu","Iob","7","5"
"Hebrew","GWD[","qal","cfd","Genesis","49","19"
"Hebrew","GWG/","NA","cfc","Ezechiel","38","2"
"Hebrew","GWH/","NA","cfe","Jeremia","13","17"
"Hebrew","GWH=/","NA","cfe","Iob","20","25"
"Hebrew","GWJ/","NA","cfj","Genesis","10","5"
"Hebrew","GWJH/","NA","cfje","Genesis","47","18"
"Hebrew","GWJM/","NA","cfjm","Genesis","14","1"
"Hebrew","GWLH/","NA","cfle","Reges_II","24","15"
"Hebrew","GWLN/","NA","cfln","Deuteronomium","4","43"
"Hebrew","GWMY/","NA","cfmr","Ecclesiastes","10","8"
"Hebrew","GWNJ/","NA","cfnj","Numeri","26","48"
"Hebrew","GWNJ=/","NA","cfnj","Genesis","46","24"
"Hebrew","GWPH/","NA","cfqe","Chronica_I","10","12"
"Hebrew","GWP[","hif","cfq","Nehemia","7","3"
"Hebrew","GWR/","NA","cft","Genesis","49","9"
"Hebrew","GWR=/","NA","cft","Jeremia","51","38"
"Hebrew","GWR==[","qal","cft","Numeri","22","3"
"Hebrew","GWR=[","qal","cft","Jesaia","54","15"
"Hebrew","GWRL/","NA","cftl","Leviticus","16","8"
"Hebrew","GWR[","qal","cft","Genesis","12","10"
"Hebrew","GWR_B<L/","NA","cft bpl","Chronica_II","26","7"
"Hebrew","GWZL/","NA","cfgl","Genesis","15","9"
"Hebrew","GWZN/","NA","cfgn","Reges_II","17","6"
"Hebrew","GWZ[","qal","cfg","Numeri","11","31"
"Hebrew","GXH[","qal","che","Psalmi","22","10"
"Hebrew","GXL/","NA","chl","Samuel_II","22","9"
"Hebrew","GXL=/","NA","chl","Leviticus","16","12"
"Hebrew","GXLT/","NA","chlv","Samuel_II","14","7"
"Hebrew","GXM/","NA","chm","Genesis","22","24"
"Hebrew","GXR/","NA","cht","Esra","2","47"
"Hebrew","GXWN/","NA","chfn","Genesis","3","14"
"Hebrew","GZ/","NA","cg","Deuteronomium","18","4"
"Hebrew","GZ</","NA","cgp","Jesaia","11","1"
"Hebrew","GZBR/","NA","cgbt","Esra","1","8"
"Hebrew","GZH/","NA","cge","Judices","6","37"
"Hebrew","GZH[","qal","cge","Psalmi","71","6"
"Hebrew","GZJT/","NA","cgjv","Exodus","20","25"
"Hebrew","GZL/","NA","cgl","Leviticus","5","21"
"Hebrew","GZL=/","NA","cgl","Ezechiel","18","18"
"Hebrew","GZLH/","NA","cgle","Leviticus","5","23"
"Hebrew","GZL[","qal","cgl","Genesis","21","25"
"Hebrew","GZM/","NA","cgm","Joel","1","4"
"Hebrew","GZM=/","NA","cgm","Esra","2","48"
"Hebrew","GZR/","NA","cgt","Genesis","15","17"
"Hebrew","GZR=/","NA","cgt","Josua","10","33"
"Hebrew","GZR=[","qal","cgt","Jesaia","9","19"
"Hebrew","GZRH/","NA","cgte","Leviticus","16","22"
"Hebrew","GZRH=/","NA","cgte","Ezechiel","41","12"
"Hebrew","GZRJ/","NA","cgtj","Samuel_I","27","8"
"Hebrew","GZR[","qal","cgt","Reges_I","3","25"
"Hebrew","GZWNJ/","NA","cgfnj","Chronica_I","11","34"
"Hebrew","GZZ/","NA","cgg","Chronica_I","2","46"
"Hebrew","GZZ[","qal","cgg","Genesis","31","19"
"Hebrew","H","NA","e","Genesis","1","1"
"Hebrew","H=","NA","e","Genesis","3","11"
"Hebrew","H>","NA","ea","Genesis","47","23"
"Hebrew","H>X","NA","eah","Jesaia","44","16"
"Hebrew","HBHBJ/","NA","ebebj","Hosea","8","13"
"Hebrew","HBL/","NA","ebl","Deuteronomium","32","21"
"Hebrew","HBL=/","NA","ebl","Genesis","4","2"
"Hebrew","HBL[","qal","ebl","Reges_II","17","15"
"Hebrew","HBNJM/","NA","ebnjm","Ezechiel","27","15"
"Hebrew","HBR[","qal","ebt","Jesaia","47","13"
"Hebrew","HCM/","NA","eum","Chronica_I","11","34"
"Hebrew","HCM<WT/","NA","eumpfv","Ezechiel","24","26"
"Hebrew","HD/","NA","ed","Ezechiel","7","7"
"Hebrew","HDD/","NA","edd","Genesis","36","35"
"Hebrew","HDD<ZR/","NA","eddpgt","Samuel_II","8","3"
"Hebrew","HDD_RMWN/","NA","edd tmfn","Sacharia","12","11"
"Hebrew","HDH[","qal","ede","Jesaia","11","8"
"Hebrew","HDJ/","NA","edj","Samuel_II","23","30"
"Hebrew","HDK[","qal","edk","Iob","40","12"
"Hebrew","HDM/","NA","edm","Jesaia","66","1"
"Hebrew","HDP[","qal","edq","Numeri","35","20"
"Hebrew","HDR/","NA","edt","Leviticus","23","40"
"Hebrew","HDR=/","NA","edt","Daniel","11","20"
"Hebrew","HDR==/","NA","edt","Genesis","36","39"
"Hebrew","HDRH/","NA","edte","Psalmi","29","2"
"Hebrew","HDR[","qal","edt","Exodus","23","3"
"Hebrew","HDS/","NA","edo","Jesaia","41","19"
"Hebrew","HDSH/","NA","edoe","Esther","2","7"
"Hebrew","HDW/","NA","edf","Esther","1","1"
"Hebrew","HDWRJM/","NA","edftjm","Jesaia","45","2"
"Hebrew","HDWRM/","NA","edftm","Genesis","10","27"
"Hebrew","HGH/","NA","ece","Ezechiel","2","10"
"Hebrew","HGH=[","qal","ece","Jesaia","27","8"
"Hebrew","HGH[","qal","ece","Josua","1","8"
"Hebrew","HGJ/","NA","ecj","Esther","2","3"
"Hebrew","HGJG/","NA","ecjc","Psalmi","5","2"
"Hebrew","HGJNH/","NA","ecjne","Ezechiel","42","12"
"Hebrew","HGJWN/","NA","ecjfn","Psalmi","9","17"
"Hebrew","HGR/","NA","ect","Genesis","16","1"
"Hebrew","HGRJ/","NA","ectj","Psalmi","83","7"
"Hebrew","HGRJ=/","NA","ectj","Chronica_I","11","38"
"Hebrew","HGWT/","NA","ecfv","Psalmi","49","4"
"Hebrew","HH","NA","ee","Ezechiel","30","2"
"Hebrew","HJ/","NA","ej","Ezechiel","2","10"
"Hebrew","HJ>","NA","eja","Genesis","2","12"
"Hebrew","HJDD/","NA","ejdd","Jesaia","16","9"
"Hebrew","HJDWT/","NA","ejdfv","Nehemia","12","8"
"Hebrew","HJH[","qal","eje","Genesis","1","2"
"Hebrew","HJK","NA","ejk","Daniel","10","17"
"Hebrew","HJKL/","NA","ejkl","Samuel_I","1","9"
"Hebrew","HJLL/","NA","ejll","Jesaia","14","12"
"Hebrew","HJMM/","NA","ejmm","Genesis","36","22"
"Hebrew","HJMN/","NA","ejmn","Reges_I","5","11"
"Hebrew","HJN/","NA","ejn","Exodus","29","40"
"Hebrew","HKRH/","NA","ekte","Jesaia","3","9"
"Hebrew","HKR[","qal","ekt","Iob","19","3"
"Hebrew","HL>H","NA","elae","Genesis","19","9"
"Hebrew","HL>[","nif","ela","Micha","4","7"
"Hebrew","HLJK/","NA","eljk","Iob","29","6"
"Hebrew","HLJKH/","NA","eljke","Nahum","2","6"
"Hebrew","HLK/","NA","elk","Samuel_I","14","26"
"Hebrew","HLK[","qal","elk","Genesis","2","14"
"Hebrew","HLL/","NA","ell","Judices","12","13"
"Hebrew","HLL==[","qal","ell","Psalmi","5","6"
"Hebrew","HLL=[","hif","ell","Jesaia","13","10"
"Hebrew","HLL[","piel","ell","Genesis","12","15"
"Hebrew","HLM","NA","elm","Genesis","16","13"
"Hebrew","HLM/","NA","elm","Chronica_I","7","35"
"Hebrew","HLMWT/","NA","elmfv","Judices","5","26"
"Hebrew","HLM[","qal","elm","Judices","5","22"
"Hebrew","HLWLJM/","NA","elfljm","Leviticus","19","24"
"Hebrew","HM","NA","em","Genesis","3","7"
"Hebrew","HM/","NA","em","Genesis","14","5"
"Hebrew","HMDT>/","NA","emdva","Esther","3","1"
"Hebrew","HMH","NA","eme","Genesis","6","4"
"Hebrew","HMH/","NA","eme","Ezechiel","7","11"
"Hebrew","HMH[","qal","eme","Reges_I","1","41"
"Hebrew","HMJH/","NA","emje","Jesaia","14","11"
"Hebrew","HMLH/","NA","emle","Jeremia","11","16"
"Hebrew","HMM[","qal","emm","Exodus","14","24"
"Hebrew","HMN/","NA","emn","Ezechiel","5","7"
"Hebrew","HMN=/","NA","emn","Esther","3","1"
"Hebrew","HMS/","NA","emo","Jesaia","64","1"
"Hebrew","HMWN/","NA","emfn","Genesis","17","4"
"Hebrew","HMWNH/","NA","emfne","Ezechiel","39","16"
"Hebrew","HN","NA","en","Genesis","3","22"
"Hebrew","HN</","NA","enp","Reges_II","18","34"
"Hebrew","HNH","NA","ene","Genesis","1","29"
"Hebrew","HNH=","NA","ene","Genesis","6","2"
"Hebrew","HNH==","NA","ene","Genesis","15","16"
"Hebrew","HNM/","NA","enm","Josua","15","8"
"Hebrew","HNPH/","NA","enqe","Jesaia","30","28"
"Hebrew","HNXH/","NA","enhe","Esther","2","18"
"Hebrew","HPGH/","NA","eqce","Threni","3","49"
"Hebrew","HPK/","NA","eqk","Jesaia","29","16"
"Hebrew","HPKH/","NA","eqke","Genesis","19","29"
"Hebrew","HPKPK/","NA","eqkqk","Proverbia","21","8"
"Hebrew","HPK[","qal","eqk","Genesis","19","21"
"Hebrew","HPYY/","NA","eqrr","Chronica_I","24","15"
"Hebrew","HR/","NA","et","Genesis","7","19"
"Hebrew","HR=/","NA","et","Numeri","20","22"
"Hebrew","HR>/","NA","eta","Chronica_I","5","26"
"Hebrew","HR>H/","NA","etae","Chronica_I","2","52"
"Hebrew","HR>L/","NA","etal","Ezechiel","43","15"
"Hebrew","HRBH/","NA","etbe","Samuel_II","14","11"
"Hebrew","HRG/","NA","etc","Jesaia","27","7"
"Hebrew","HRGH/","NA","etce","Jeremia","7","32"
"Hebrew","HRG[","qal","etc","Genesis","4","8"
"Hebrew","HRH/","NA","ete","Genesis","16","11"
"Hebrew","HRH[","qal","ete","Genesis","4","1"
"Hebrew","HRJSH/","NA","etjoe","Amos","9","11"
"Hebrew","HRJST/","NA","etjov","Jesaia","49","19"
"Hebrew","HRJWN/","NA","etjfn","Hosea","9","11"
"Hebrew","HRM/","NA","etm","Josua","10","33"
"Hebrew","HRWM/","NA","etfm","Chronica_I","4","8"
"Hebrew","HRMWN/","NA","etmfn","Amos","4","3"
"Hebrew","HRN/","NA","etn","Genesis","11","26"
"Hebrew","HRRJ/","NA","ettj","Samuel_II","23","11"
"Hebrew","HRS/","NA","eto","Jesaia","19","18"
"Hebrew","HRS[","qal","eto","Exodus","15","7"
"Hebrew","HRWN/","NA","etfn","Genesis","3","16"
"Hebrew","HRWRJ/","NA","etftj","Chronica_I","11","27"
"Hebrew","HR_XRS/","NA","et hto","Judices","1","35"
"Hebrew","HSH[","piel","eoe","Judices","3","19"
"Hebrew","HTK/","NA","evk","Esther","4","5"
"Hebrew","HTLJM/","NA","evljm","Iob","17","2"
"Hebrew","HTL[","piel","evl","Reges_I","18","27"
"Hebrew","HTT[","piel","evv","Psalmi","62","4"
"Hebrew","HTWK/","NA","evfk","Ezechiel","22","22"
"Hebrew","HW","NA","ef","Amos","5","16"
"Hebrew","HW>","NA","efa","Genesis","2","11"
"Hebrew","HWC</","NA","efup","Numeri","13","8"
"Hebrew","HWC<JH/","NA","efupje","Jeremia","42","1"
"Hebrew","HWCM</","NA","efump","Chronica_I","3","18"
"Hebrew","HWD/","NA","efd","Numeri","27","20"
"Hebrew","HWD=/","NA","efd","Chronica_I","7","37"
"Hebrew","HWDJH/","NA","efdje","Nehemia","8","7"
"Hebrew","HWDWH/","NA","efdfe","Nehemia","7","43"
"Hebrew","HWDWJH/","NA","efdfje","Esra","2","40"
"Hebrew","HWDWJHW/","NA","efdfjef","Chronica_I","3","24"
"Hebrew","HWH/","NA","efe","Jesaia","47","11"
"Hebrew","HWH=/","NA","efe","Micha","7","3"
"Hebrew","HWH==/","NA","efe","Psalmi","5","10"
"Hebrew","HWH=[","qal","efe","Iob","37","6"
"Hebrew","HWHM/","NA","efem","Josua","10","3"
"Hebrew","HWH[","qal","efe","Genesis","27","29"
"Hebrew","HWJ","NA","efj","Reges_I","13","30"
"Hebrew","HWLLH/","NA","eflle","Ecclesiastes","1","17"
"Hebrew","HWLLWT/","NA","efllfv","Ecclesiastes","10","13"
"Hebrew","HWMM/","NA","efmm","Chronica_I","1","39"
"Hebrew","HWM[","qal","efm","Deuteronomium","7","23"
"Hebrew","HWN/","NA","efn","Ezechiel","27","12"
"Hebrew","HWN[","hif","efn","Deuteronomium","1","41"
"Hebrew","HWTJR/","NA","efvjt","Chronica_I","25","4"
"Hebrew","HXJRWT/","NA","ehjtfv","Numeri","33","8"
"Hebrew","HYBBH/","NA","erbbe","Chronica_I","4","8"
"Hebrew","HYLH/","NA","erle","Esther","4","14"
"Hebrew","HYLLPWNJ/","NA","erllqfnj","Chronica_I","4","3"
"Hebrew","HYN/","NA","ern","Ezechiel","23","24"
"Hebrew","HZH[","qal","ege","Jesaia","56","10"
"Hebrew","J<BY/","NA","jpbr","Chronica_I","2","55"
"Hebrew","J<DW/","NA","jpdf","Chronica_II","9","29"
"Hebrew","J<D[","qal","jpd","Exodus","21","8"
"Hebrew","J<FJ/","NA","jpuj","Esra","10","37"
"Hebrew","J<FJ>L/","NA","jpujal","Chronica_I","11","47"
"Hebrew","J<H/","NA","jpe","Exodus","27","3"
"Hebrew","J<H[","qal","jpe","Jesaia","28","17"
"Hebrew","J<J>L/","NA","jpjal","Esra","8","13"
"Hebrew","J<JR/","NA","jpjt","Chronica_I","20","5"
"Hebrew","J<KN/","NA","jpkn","Chronica_I","5","13"
"Hebrew","J<L/","NA","jpl","Samuel_I","24","3"
"Hebrew","J<L=/","NA","jpl","Judices","4","17"
"Hebrew","J<LH/","NA","jple","Proverbia","5","19"
"Hebrew","J<LH=/","NA","jple","Esra","2","56"
"Hebrew","J<LM/","NA","jplm","Genesis","36","5"
"Hebrew","J<L[","hif","jpl","Samuel_I","12","21"
"Hebrew","J<N/","NA","jpn","Genesis","22","16"
"Hebrew","J<N=/","NA","jpn","Threni","4","3"
"Hebrew","J<NH/","NA","jpne","Leviticus","11","16"
"Hebrew","J<NJ/","NA","jpnj","Chronica_I","5","12"
"Hebrew","J<P/","NA","jpq","Judices","8","15"
"Hebrew","J<P=/","NA","jpq","Daniel","9","21"
"Hebrew","J<P[","qal","jpq","Jesaia","40","28"
"Hebrew","J<QB/","NA","jpsb","Genesis","25","26"
"Hebrew","J<QBH/","NA","jpsbe","Chronica_I","4","36"
"Hebrew","J<QN/","NA","jpsn","Chronica_I","1","42"
"Hebrew","J<R/","NA","jpt","Deuteronomium","19","5"
"Hebrew","J<R=/","NA","jpt","Samuel_I","14","26"
"Hebrew","J<R==/","NA","jpt","Psalmi","132","6"
"Hebrew","J<RCJH/","NA","jptuje","Chronica_I","8","27"
"Hebrew","J<RH/","NA","jpte","Psalmi","29","9"
"Hebrew","J<RH=/","NA","jpte","Samuel_I","14","27"
"Hebrew","J<RH==/","NA","jpte","Chronica_I","9","42"
"Hebrew","J<RJ/","NA","jptj","Samuel_II","21","19"
"Hebrew","J<RJM/","NA","jptjm","Josua","15","10"
"Hebrew","J<V[","qal","jpi","Jesaia","61","10"
"Hebrew","J<W>L/","NA","jpfal","Chronica_I","9","6"
"Hebrew","J<WC/","NA","jpfu","Genesis","36","5"
"Hebrew","J<WY/","NA","jpfr","Chronica_I","8","10"
"Hebrew","J<Y[","qal","jpr","Exodus","18","19"
"Hebrew","J<ZJ>L/","NA","jpgjal","Chronica_I","15","18"
"Hebrew","J<ZJHW/","NA","jpgjef","Chronica_I","24","26"
"Hebrew","J<ZR/","NA","jpgt","Numeri","21","32"
"Hebrew","J<Z[","nif","jpg","Jesaia","33","19"
"Hebrew","J>B[","qal","jab","Psalmi","119","131"
"Hebrew","J>CJH/","NA","jauje","Sacharia","6","10"
"Hebrew","J>CJHW/","NA","jaujef","Reges_I","13","2"
"Hebrew","J>C[","nif","jau","Samuel_I","27","1"
"Hebrew","J>H[","qal","jae","Jeremia","10","7"
"Hebrew","J>JR/","NA","jajt","Numeri","32","41"
"Hebrew","J>JRJ/","NA","jajtj","Samuel_II","20","26"
"Hebrew","J>L=[","nif","jal","Numeri","12","11"
"Hebrew","J>L[","hif","jal","Genesis","18","27"
"Hebrew","J>R/","NA","jat","Exodus","7","19"
"Hebrew","J>R=/","NA","jat","Genesis","41","1"
"Hebrew","J>TRJ/","NA","javtj","Chronica_I","6","6"
"Hebrew","J>ZNJH/","NA","jagnje","Jeremia","35","3"
"Hebrew","J>ZNJHW/","NA","jagnjef","Reges_II","25","23"
"Hebrew","JBB[","piel","jbb","Judices","5","28"
"Hebrew","JBC/","NA","jbu","Numeri","6","3"
"Hebrew","JBJC=/","NA","jbju","Judices","21","8"
"Hebrew","JBJC==/","NA","jbju","Reges_II","15","10"
"Hebrew","JBCH/","NA","jbue","Genesis","1","9"
"Hebrew","JBCT/","NA","jbuv","Exodus","4","9"
"Hebrew","JBC[","qal","jbu","Genesis","8","7"
"Hebrew","JBFM/","NA","jbum","Chronica_I","7","2"
"Hebrew","JBJN/","NA","jbjn","Josua","11","1"
"Hebrew","JBL/","NA","jbl","Jesaia","30","25"
"Hebrew","JBL<M/","NA","jblpm","Josua","17","11"
"Hebrew","JBL=/","NA","jbl","Genesis","4","20"
"Hebrew","JBLT/","NA","jblv","Leviticus","22","22"
"Hebrew","JBL[","hif","jbl","Jesaia","23","7"
"Hebrew","JBM/","NA","jbm","Deuteronomium","25","5"
"Hebrew","JBMT/","NA","jbmv","Deuteronomium","25","7"
"Hebrew","JBM[","piel","jbm","Genesis","38","8"
"Hebrew","JBN>L/","NA","jbnal","Josua","15","11"
"Hebrew","JBNH/","NA","jbne","Chronica_II","26","6"
"Hebrew","JBNJH/","NA","jbnje","Chronica_I","9","8"
"Hebrew","JBNJH=/","NA","jbnje","Chronica_I","9","8"
"Hebrew","JBQ/","NA","jbs","Genesis","32","23"
"Hebrew","JBRKJHW/","NA","jbtkjef","Jesaia","8","2"
"Hebrew","JBWL/","NA","jbfl","Leviticus","26","4"
"Hebrew","JBWS/","NA","jbfo","Judices","19","10"
"Hebrew","JBWSJ/","NA","jbfoj","Genesis","10","16"
"Hebrew","JBXR/","NA","jbht","Samuel_II","5","15"
"Hebrew","JC/","NA","ju","Genesis","18","24"
"Hebrew","JC</","NA","jup","Samuel_II","22","3"
"Hebrew","JC<J/","NA","jupj","Chronica_I","2","31"
"Hebrew","JC<JH/","NA","jupje","Esra","8","7"
"Hebrew","JC<JHW/","NA","jupjef","Reges_II","19","2"
"Hebrew","JC<[","nif","jup","Numeri","10","9"
"Hebrew","JCB<M/","NA","jubpm","Chronica_I","11","11"
"Hebrew","JCB>B/","NA","jubab","Chronica_I","24","13"
"Hebrew","JCBJ/","NA","jubj","Numeri","26","24"
"Hebrew","JCBJ=/","NA","jubj","Samuel_II","21","16"
"Hebrew","JCBJ_LXM/","NA","jubj lhm","Chronica_I","4","22"
"Hebrew","JCBQ/","NA","jubs","Genesis","25","2"
"Hebrew","JCBQCH/","NA","jubsue","Chronica_I","25","4"
"Hebrew","JCBX/","NA","jubh","Chronica_I","4","17"
"Hebrew","JCB[","qal","jub","Genesis","4","16"
"Hebrew","JCC/","NA","juu","Chronica_II","36","17"
"Hebrew","JCJ/","NA","juj","Samuel_I","16","1"
"Hebrew","JCJC/","NA","juju","Iob","12","12"
"Hebrew","JCJCJ/","NA","jujuj","Chronica_I","5","14"
"Hebrew","JCJH/","NA","juje","Esra","10","31"
"Hebrew","JCJHW/","NA","jujef","Chronica_I","12","7"
"Hebrew","JCJMWN/","NA","jujmfn","Deuteronomium","32","10"
"Hebrew","JCJMN/","NA","jujmn","Numeri","21","20"
"Hebrew","JCM<>L/","NA","jumpal","Genesis","16","11"
"Hebrew","JCM<>LJ/","NA","jumpalj","Genesis","37","25"
"Hebrew","JCM<JH/","NA","jumpje","Chronica_I","12","4"
"Hebrew","JCM<JHW/","NA","jumpjef","Chronica_I","27","19"
"Hebrew","JCM>/","NA","juma","Chronica_I","4","3"
"Hebrew","JCMRJ/","NA","jumtj","Chronica_I","8","18"
"Hebrew","JCM[","qal","jum","Genesis","47","19"
"Hebrew","JCN/","NA","jun","Samuel_I","26","7"
"Hebrew","JCN=/","NA","jun","Leviticus","25","22"
"Hebrew","JCN==/","NA","jun","Samuel_II","23","32"
"Hebrew","JCN=[","qal","jun","Genesis","2","21"
"Hebrew","JCNH/","NA","june","Chronica_II","13","19"
"Hebrew","JCN[","nif","jun","Leviticus","13","11"
"Hebrew","JCPH/","NA","juqe","Exodus","28","20"
"Hebrew","JCPH=/","NA","juqe","Chronica_I","8","16"
"Hebrew","JCPN/","NA","juqn","Chronica_I","8","22"
"Hebrew","JCR/","NA","jut","Exodus","15","26"
"Hebrew","JCR=/","NA","jut","Deuteronomium","9","5"
"Hebrew","JCR==/","NA","jut","Chronica_I","2","18"
"Hebrew","JCRH/","NA","jute","Reges_I","3","6"
"Hebrew","JCRWN/","NA","jutfn","Deuteronomium","32","15"
"Hebrew","JCR[","qal","jut","Numeri","23","27"
"Hebrew","JCV[","hif","jui","Esther","4","11"
"Hebrew","JCW</","NA","jufp","Esra","2","2"
"Hebrew","JCW<=/","NA","jufp","Nehemia","11","26"
"Hebrew","JCW<H/","NA","jufpe","Genesis","49","18"
"Hebrew","JCWB/","NA","jufb","Numeri","26","24"
"Hebrew","JCWH/","NA","jufe","Genesis","46","17"
"Hebrew","JCWJ/","NA","jufj","Numeri","26","44"
"Hebrew","JCWJ=/","NA","jufj","Genesis","46","17"
"Hebrew","JCWXJH/","NA","jufhje","Chronica_I","4","36"
"Hebrew","JCX/","NA","juh","Micha","6","14"
"Hebrew","JD/","NA","jd","Genesis","3","22"
"Hebrew","JD</","NA","jdp","Chronica_I","2","28"
"Hebrew","JD<JH/","NA","jdpje","Sacharia","6","10"
"Hebrew","JD<NJ/","NA","jdpnj","Leviticus","19","31"
"Hebrew","JD<[","qal","jdp","Genesis","3","5"
"Hebrew","JD>LH/","NA","jdale","Josua","19","15"
"Hebrew","JDBC/","NA","jdbu","Chronica_I","4","3"
"Hebrew","JDDWT/","NA","jddfv","Jeremia","12","7"
"Hebrew","JDD[","qal","jdd","Joel","4","3"
"Hebrew","JDH=[","qal","jde","Jeremia","50","14"
"Hebrew","JDH[","hit","jde","Leviticus","5","5"
"Hebrew","JDJ/","NA","jdj","Esra","10","43"
"Hebrew","JDJ<>L/","NA","jdjpal","Chronica_I","7","6"
"Hebrew","JDJD/","NA","jdjd","Deuteronomium","33","12"
"Hebrew","JDJDH/","NA","jdjde","Reges_II","22","1"
"Hebrew","JDJDJH/","NA","jdjdje","Samuel_II","12","25"
"Hebrew","JDJDT/","NA","jdjdv","Psalmi","45","1"
"Hebrew","JDJH/","NA","jdje","Nehemia","3","10"
"Hebrew","JDLP/","NA","jdlq","Genesis","22","22"
"Hebrew","JDW/","NA","jdf","Chronica_I","27","21"
"Hebrew","JDW</","NA","jdfp","Nehemia","10","22"
"Hebrew","JDWN/","NA","jdfn","Nehemia","3","7"
"Hebrew","JDWTWN/","NA","jdfvfn","Psalmi","39","1"
"Hebrew","JDWTWN=/","NA","jdfvfn","Nehemia","11","17"
"Hebrew","JFFKR/","NA","juukt","Genesis","30","18"
"Hebrew","JFJM>L/","NA","jujmal","Chronica_I","4","36"
"Hebrew","JFM[","qal","jum","Genesis","50","26"
"Hebrew","JFR>L/","NA","jutal","Genesis","32","29"
"Hebrew","JFR>LH/","NA","jutale","Chronica_I","25","14"
"Hebrew","JFR>LJ/","NA","jutalj","Leviticus","24","10"
"Hebrew","JFXQ/","NA","juhs","Jeremia","33","26"
"Hebrew","JG</","NA","jcp","Deuteronomium","25","18"
"Hebrew","JG<=/","NA","jcp","Iob","20","18"
"Hebrew","JG<H/","NA","jcpe","Ecclesiastes","12","12"
"Hebrew","JG<[","qal","jcp","Josua","24","13"
"Hebrew","JG>L/","NA","jcal","Numeri","13","7"
"Hebrew","JGB/","NA","jcb","Jeremia","39","10"
"Hebrew","JGBHH/","NA","jcbee","Numeri","32","35"
"Hebrew","JGB[","qal","jcb","Reges_II","25","12"
"Hebrew","JGDLJHW/","NA","jcdljef","Jeremia","35","4"
"Hebrew","JGH=[","hif","jce","Samuel_II","20","13"
"Hebrew","JGH[","nif","jce","Zephania","3","18"
"Hebrew","JGJ</","NA","jcjp","Genesis","31","42"
"Hebrew","JGJ<=/","NA","jcjp","Iob","3","17"
"Hebrew","JGLJ/","NA","jclj","Numeri","34","22"
"Hebrew","JGR[","qal","jct","Deuteronomium","9","19"
"Hebrew","JGWN/","NA","jcfn","Genesis","42","38"
"Hebrew","JGWR/","NA","jcft","Jeremia","22","25"
"Hebrew","JGWR=/","NA","jcft","Josua","15","21"
"Hebrew","JH/","NA","je","Exodus","15","2"
"Hebrew","JHB/","NA","jeb","Psalmi","55","23"
"Hebrew","JHB[","qal","jeb","Genesis","11","3"
"Hebrew","JHDJ/","NA","jedj","Chronica_I","2","47"
"Hebrew","JHD[","hit","jed","Esther","8","17"
"Hebrew","JHJR/","NA","jejt","Habakuk","2","5"
"Hebrew","JHLL>L/","NA","jellal","Chronica_I","4","16"
"Hebrew","JHLM/","NA","jelm","Exodus","28","18"
"Hebrew","JHW<DH/","NA","jefpde","Chronica_I","8","36"
"Hebrew","JHW<DN/","NA","jefpdn","Reges_II","14","2"
"Hebrew","JHW>/","NA","jefa","Reges_I","16","1"
"Hebrew","JHW>C/","NA","jefau","Reges_II","12","1"
"Hebrew","JHW>XZ/","NA","jefahg","Reges_II","10","35"
"Hebrew","JHWCB</","NA","jefubp","Reges_II","11","2"
"Hebrew","JHWCB<T/","NA","jefubpv","Chronica_II","22","11"
"Hebrew","JHWCPV/","NA","jefuqi","Samuel_II","8","16"
"Hebrew","JHWC</","NA","jefup","Exodus","17","9"
"Hebrew","JHD/","NA","jed","Josua","19","45"
"Hebrew","JHWDH/","NA","jefde","Genesis","29","35"
"Hebrew","JHWDJ/","NA","jefdj","Reges_II","16","6"
"Hebrew","JHWDJ=/","NA","jefdj","Jeremia","36","14"
"Hebrew","JHWDJT/","NA","jefdjv","Genesis","26","34"
"Hebrew","JHWH/","NA","jefe","Genesis","2","4"
"Hebrew","JHWJD</","NA","jefjdp","Samuel_II","8","18"
"Hebrew","JHWJKJN/","NA","jefjkjn","Reges_II","24","6"
"Hebrew","JHWJQJM/","NA","jefjsjm","Reges_II","23","34"
"Hebrew","JHWJRJB/","NA","jefjtjb","Chronica_I","9","10"
"Hebrew","JHWKL/","NA","jefkl","Jeremia","37","3"
"Hebrew","JHWNDB/","NA","jefndb","Samuel_II","13","5"
"Hebrew","JHWNTN/","NA","jefnvn","Judices","18","30"
"Hebrew","JHWRM/","NA","jeftm","Reges_I","22","51"
"Hebrew","JHWSP/","NA","jefoq","Psalmi","81","6"
"Hebrew","JHWXNN/","NA","jefhnn","Esra","10","6"
"Hebrew","JHWYDQ/","NA","jefrds","Haggai","1","1"
"Hebrew","JHWZBD/","NA","jefgbd","Reges_II","12","22"
"Hebrew","JHY/","NA","jer","Jesaia","15","4"
"Hebrew","JHYH/","NA","jere","Numeri","21","23"
"Hebrew","JJN/","NA","jjn","Genesis","9","21"
"Hebrew","JKJN/","NA","jkjn","Genesis","46","10"
"Hebrew","JKJNJ/","NA","jkjnj","Numeri","26","12"
"Hebrew","JKLJHW/","NA","jkljef","Reges_II","15","2"
"Hebrew","JKL[","qal","jkl","Genesis","13","6"
"Hebrew","JKNJH/","NA","jknje","Jeremia","28","4"
"Hebrew","JKNJHW/","NA","jknjef","Jeremia","24","1"
"Hebrew","JKWNJH/","NA","jkfnje","Jeremia","27","20"
"Hebrew","JKX[","nif","jkh","Genesis","20","16"
"Hebrew","JLD/","NA","jld","Genesis","4","23"
"Hebrew","JLDH/","NA","jlde","Genesis","34","4"
"Hebrew","JLDWT/","NA","jldfv","Psalmi","110","3"
"Hebrew","JLD[","qal","jld","Genesis","3","16"
"Hebrew","JLH[","qal","jle","Genesis","47","13"
"Hebrew","JLJD/","NA","jljd","Genesis","14","14"
"Hebrew","JLL/","NA","jll","Deuteronomium","32","10"
"Hebrew","JLLH/","NA","jlle","Jesaia","15","8"
"Hebrew","JLL[","hif","jll","Jesaia","13","6"
"Hebrew","JLPT/","NA","jlqv","Leviticus","21","20"
"Hebrew","JLQ/","NA","jls","Jeremia","51","14"
"Hebrew","JLQWV/","NA","jlsfi","Samuel_I","17","40"
"Hebrew","JLWD/","NA","jlfd","Exodus","1","22"
"Hebrew","JLWN/","NA","jlfn","Chronica_I","4","17"
"Hebrew","JM/","NA","jm","Genesis","1","10"
"Hebrew","JMJMH/","NA","jmjme","Iob","42","14"
"Hebrew","JMJN/","NA","jmjn","Genesis","13","9"
"Hebrew","JMJN=/","NA","jmjn","Genesis","46","10"
"Hebrew","JMJNJ/","NA","jmjnj","Judices","3","15"
"Hebrew","JMJNJ=/","NA","jmjnj","Numeri","26","12"
"Hebrew","JML>/","NA","jmla","Reges_I","22","8"
"Hebrew","JMLK/","NA","jmlk","Chronica_I","4","34"
"Hebrew","JMM/","NA","jmm","Genesis","36","24"
"Hebrew","JMN</","NA","jmnp","Chronica_I","7","35"
"Hebrew","JMNH/","NA","jmne","Genesis","46","17"
"Hebrew","JMNJ/","NA","jmnj","Exodus","29","20"
"Hebrew","JMN[","hif","jmn","Genesis","13","9"
"Hebrew","JMRH/","NA","jmte","Chronica_I","7","36"
"Hebrew","JMR[","hit","jmt","Jesaia","61","6"
"Hebrew","JMW>L/","NA","jmfal","Genesis","46","10"
"Hebrew","JNCWP/","NA","jnufq","Leviticus","11","17"
"Hebrew","JNH[","qal","jne","Jeremia","25","38"
"Hebrew","JNJQH/","NA","jnjse","Ezechiel","17","4"
"Hebrew","JNQ[","qal","jns","Numeri","11","12"
"Hebrew","JNWM/","NA","jnfm","Josua","15","53"
"Hebrew","JNWX/","NA","jnfh","Reges_II","15","29"
"Hebrew","JNWXH/","NA","jnfhe","Josua","16","6"
"Hebrew","JP<H/","NA","jqpe","Ezechiel","28","7"
"Hebrew","JP<[","hif","jqp","Deuteronomium","33","2"
"Hebrew","JPDJH/","NA","jqdje","Chronica_I","8","25"
"Hebrew","JPH/","NA","jqe","Genesis","12","11"
"Hebrew","JPH[","qal","jqe","Ezechiel","16","13"
"Hebrew","JPJ/","NA","jqj","Jesaia","3","24"
"Hebrew","JPJ</","NA","jqjp","Josua","10","3"
"Hebrew","JPJ<=/","NA","jqjp","Josua","19","12"
"Hebrew","JPLV/","NA","jqli","Chronica_I","7","32"
"Hebrew","JPLVJ/","NA","jqlij","Josua","16","3"
"Hebrew","JPNH/","NA","jqne","Numeri","13","6"
"Hebrew","JPT/","NA","jqv","Genesis","5","32"
"Hebrew","JPTX/","NA","jqvh","Judices","11","1"
"Hebrew","JPTX=/","NA","jqvh","Josua","15","43"
"Hebrew","JPTX_>L/","NA","jqvh al","Josua","19","14"
"Hebrew","JPW/","NA","jqf","Josua","19","46"
"Hebrew","JPX/","NA","jqh","Psalmi","27","12"
"Hebrew","JPX[","hit","jqh","Jeremia","4","31"
"Hebrew","JQ<[","qal","jsp","Genesis","32","26"
"Hebrew","JQB/","NA","jsb","Numeri","18","27"
"Hebrew","JQBY>L/","NA","jsbral","Nehemia","11","25"
"Hebrew","JQCN/","NA","jsun","Genesis","25","2"
"Hebrew","JQC[","qal","jsu","Jeremia","50","24"
"Hebrew","JQD/","NA","jsd","Jesaia","10","16"
"Hebrew","JQD<M/","NA","jsdpm","Josua","15","56"
"Hebrew","JQD[","qal","jsd","Deuteronomium","32","22"
"Hebrew","JQH/","NA","jse","Proverbia","30","1"
"Hebrew","JQHH/","NA","jsee","Genesis","49","10"
"Hebrew","JQJM/","NA","jsjm","Chronica_I","8","19"
"Hebrew","JQJR/","NA","jsjt","Jeremia","31","20"
"Hebrew","JQM<M/","NA","jsmpm","Reges_I","4","12"
"Hebrew","JQM<M=/","NA","jsmpm","Chronica_I","23","19"
"Hebrew","JQMJH/","NA","jsmje","Chronica_I","2","41"
"Hebrew","JQN<M/","NA","jsnpm","Josua","12","22"
"Hebrew","JQR/","NA","jst","Samuel_I","3","1"
"Hebrew","JQR=/","NA","jst","Jeremia","20","5"
"Hebrew","JQRH/","NA","jste","Jesaia","28","16"
"Hebrew","JQR[","qal","jst","Samuel_I","18","30"
"Hebrew","JQT>L/","NA","jsval","Josua","15","38"
"Hebrew","JQVN/","NA","jsin","Genesis","10","25"
"Hebrew","JQWC/","NA","jsfu","Jeremia","5","26"
"Hebrew","JQWD/","NA","jsfd","Jesaia","30","14"
"Hebrew","JQWM/","NA","jsfm","Genesis","7","4"
"Hebrew","JQWTJ>L/","NA","jsfvjal","Chronica_I","4","18"
"Hebrew","JQWV/","NA","jsfi","Iob","8","14"
"Hebrew","JQY[","qal","jsr","Genesis","9","24"
"Hebrew","JR<[","qal","jtp","Jesaia","15","4"
"Hebrew","JR>/","NA","jta","Genesis","22","12"
"Hebrew","JR>H/","NA","jtae","Genesis","20","11"
"Hebrew","JR>JJH/","NA","jtajje","Jeremia","37","13"
"Hebrew","JR>WN/","NA","jtafn","Josua","19","38"
"Hebrew","JR>[","qal","jta","Genesis","3","10"
"Hebrew","JRB/","NA","jtb","Hosea","5","13"
"Hebrew","JRB<L/","NA","jtbpl","Judices","6","32"
"Hebrew","JRB<M/","NA","jtbpm","Reges_I","11","26"
"Hebrew","JRBCT/","NA","jtbuv","Samuel_II","11","21"
"Hebrew","JRCH/","NA","jtue","Deuteronomium","2","5"
"Hebrew","JRCH=/","NA","jtue","Numeri","24","18"
"Hebrew","JRC[","qal","jtu","Genesis","15","3"
"Hebrew","JRD/","NA","jtd","Genesis","5","15"
"Hebrew","JRDN/","NA","jtdn","Genesis","13","10"
"Hebrew","JRD[","qal","jtd","Genesis","11","5"
"Hebrew","JRH===[","hif","jte","Hosea","6","3"
"Hebrew","JRH==[","qal","jte","Jesaia","44","8"
"Hebrew","JRH=[","qal","jte","Genesis","31","51"
"Hebrew","JRH[","hif","jte","Genesis","46","28"
"Hebrew","JRJ<H/","NA","jtjpe","Exodus","26","1"
"Hebrew","JRJ<WT/","NA","jtjpfv","Chronica_I","2","18"
"Hebrew","JRJ>L/","NA","jtjal","Chronica_I","7","2"
"Hebrew","JRJB/","NA","jtjb","Jesaia","49","25"
"Hebrew","JRJB=/","NA","jtjb","Esra","8","16"
"Hebrew","JRJBJ/","NA","jtjbj","Chronica_I","11","46"
"Hebrew","JRJH/","NA","jtje","Chronica_I","26","31"
"Hebrew","JRJHW/","NA","jtjef","Chronica_I","23","19"
"Hebrew","JRJMWT/","NA","jtjmfv","Chronica_I","7","7"
"Hebrew","JRJXW/","NA","jtjhf","Numeri","22","1"
"Hebrew","JRK/","NA","jtk","Genesis","24","2"
"Hebrew","JRKH/","NA","jtke","Genesis","49","13"
"Hebrew","JRMJ/","NA","jtmj","Esra","10","33"
"Hebrew","JRMJH/","NA","jtmje","Jeremia","27","1"
"Hebrew","JRMJHW/","NA","jtmjef","Reges_II","23","31"
"Hebrew","JRMWT/","NA","jtmfv","Josua","10","3"
"Hebrew","JRMWT=/","NA","jtmfv","Esra","10","26"
"Hebrew","JRP>L/","NA","jtqal","Josua","18","27"
"Hebrew","JRQ/","NA","jts","Genesis","1","30"
"Hebrew","JRQ<M/","NA","jtspm","Chronica_I","2","44"
"Hebrew","JRQ=/","NA","jts","Deuteronomium","11","10"
"Hebrew","JRQRQ/","NA","jtsts","Leviticus","13","49"
"Hebrew","JRQWN/","NA","jtsfn","Deuteronomium","28","22"
"Hebrew","JRQWN=/","NA","jtsfn","Josua","19","46"
"Hebrew","JRQ[","qal","jts","Numeri","12","14"
"Hebrew","JRV[","qal","jti","Numeri","22","32"
"Hebrew","JRW>L/","NA","jtfal","Chronica_II","20","16"
"Hebrew","JRWC>/","NA","jtfua","Reges_II","15","33"
"Hebrew","JRWCLM/","NA","jtfulm","Josua","10","1"
"Hebrew","JRWQ/","NA","jtfs","Iob","39","8"
"Hebrew","JRWX/","NA","jtfh","Chronica_I","5","14"
"Hebrew","JRX/","NA","jth","Exodus","2","2"
"Hebrew","JRX</","NA","jthp","Chronica_I","2","34"
"Hebrew","JRX=/","NA","jth","Genesis","37","9"
"Hebrew","JRX==/","NA","jth","Genesis","10","26"
"Hebrew","JRXM/","NA","jthm","Samuel_I","1","1"
"Hebrew","JRXM>L/","NA","jthmal","Jeremia","36","26"
"Hebrew","JRXM>LJ/","NA","jthmalj","Samuel_I","27","10"
"Hebrew","JSD/","NA","jod","Esra","7","9"
"Hebrew","JSD=[","nif","jod","Psalmi","2","2"
"Hebrew","JSDWT/","NA","jodfv","Ezechiel","30","4"
"Hebrew","JSD[","qal","jod","Jesaia","23","13"
"Hebrew","JSKH/","NA","joke","Genesis","11","29"
"Hebrew","JSK[","qal","jok","Exodus","30","32"
"Hebrew","JSMKJHW/","NA","jomkjef","Chronica_II","31","13"
"Hebrew","JSP[","qal","joq","Genesis","8","12"
"Hebrew","JSR[","qal","jot","Jesaia","8","11"
"Hebrew","JSWD/","NA","jofd","Exodus","29","12"
"Hebrew","JSWDH/","NA","jofde","Psalmi","87","1"
"Hebrew","JSWR/","NA","joft","Iob","40","2"
"Hebrew","JTD/","NA","jvd","Exodus","27","19"
"Hebrew","JTR===/","NA","jvt","Josua","15","48"
"Hebrew","JTLH/","NA","jvle","Josua","19","42"
"Hebrew","JTMH/","NA","jvme","Chronica_I","11","46"
"Hebrew","JTNJ>L/","NA","jvnjal","Chronica_I","26","2"
"Hebrew","JTNN/","NA","jvnn","Josua","15","23"
"Hebrew","JTR/","NA","jvt","Genesis","49","3"
"Hebrew","JTR<M/","NA","jvtpm","Samuel_II","3","5"
"Hebrew","JTR=/","NA","jvt","Judices","16","7"
"Hebrew","JTR==/","NA","jvt","Exodus","4","18"
"Hebrew","JTR>/","NA","jvta","Samuel_II","17","25"
"Hebrew","JTRH/","NA","jvte","Jesaia","15","7"
"Hebrew","JTRJ/","NA","jvtj","Samuel_II","23","38"
"Hebrew","JTRN/","NA","jvtn","Genesis","36","26"
"Hebrew","JTRT/","NA","jvtv","Exodus","29","13"
"Hebrew","JTRW/","NA","jvtf","Exodus","3","1"
"Hebrew","JTRWN/","NA","jvtfn","Ecclesiastes","1","3"
"Hebrew","JTR[","nif","jvt","Genesis","30","36"
"Hebrew","JTT/","NA","jvv","Genesis","36","40"
"Hebrew","JTWM/","NA","jvfm","Exodus","22","21"
"Hebrew","JVBH/","NA","jibe","Reges_II","21","19"
"Hebrew","JVBTH/","NA","jibve","Numeri","33","33"
"Hebrew","JVB[","qal","jib","Genesis","12","13"
"Hebrew","JVWR/","NA","jift","Genesis","25","15"
"Hebrew","JW<>LH/","NA","jfpale","Chronica_I","12","8"
"Hebrew","JW<C/","NA","jfpu","Chronica_I","7","8"
"Hebrew","JW<D/","NA","jfpd","Nehemia","11","7"
"Hebrew","JW<ZR/","NA","jfpgt","Chronica_I","12","7"
"Hebrew","JW>B/","NA","jfab","Samuel_I","26","6"
"Hebrew","JW>C/","NA","jfau","Judices","6","11"
"Hebrew","JW>L/","NA","jfal","Samuel_I","8","2"
"Hebrew","JW>X/","NA","jfah","Reges_II","18","18"
"Hebrew","JW>XZ/","NA","jfahg","Reges_II","14","1"
"Hebrew","JWB/","NA","jfb","Genesis","46","13"
"Hebrew","JWBB/","NA","jfbb","Genesis","10","29"
"Hebrew","JWBB=/","NA","jfbb","Genesis","36","33"
"Hebrew","JWBL/","NA","jfbl","Exodus","19","13"
"Hebrew","JWBL=/","NA","jfbl","Jeremia","17","8"
"Hebrew","JWBL==/","NA","jfbl","Genesis","4","21"
"Hebrew","JWCBJH/","NA","jfubje","Chronica_I","4","35"
"Hebrew","JWCB_XSD/","NA","jfub hod","Chronica_I","3","20"
"Hebrew","JWCH/","NA","jfue","Chronica_I","4","34"
"Hebrew","JWCPV/","NA","jfuqi","Chronica_I","11","43"
"Hebrew","JWCWJH/","NA","jfufje","Chronica_I","11","46"
"Hebrew","JWJD</","NA","jfjdp","Nehemia","3","6"
"Hebrew","JWJKJN/","NA","jfjkjn","Ezechiel","1","2"
"Hebrew","JWJQJM/","NA","jfjsjm","Nehemia","12","10"
"Hebrew","JWJRJB/","NA","jfjtjb","Esra","8","16"
"Hebrew","JWKBD/","NA","jfkbd","Exodus","6","20"
"Hebrew","JWKL/","NA","jfkl","Jeremia","38","1"
"Hebrew","JWM/","NA","jfm","Genesis","1","5"
"Hebrew","JWMM","NA","jfmm","Exodus","13","21"
"Hebrew","JWN/","NA","jfn","Psalmi","40","3"
"Hebrew","JWN=/","NA","jfn","Genesis","10","2"
"Hebrew","JWNDB/","NA","jfndb","Samuel_II","13","3"
"Hebrew","JWNH/","NA","jfne","Genesis","8","8"
"Hebrew","JWNH=/","NA","jfne","Reges_II","14","25"
"Hebrew","JWNJ/","NA","jfnj","Joel","4","6"
"Hebrew","JWNQ/","NA","jfns","Jesaia","53","2"
"Hebrew","JWNQT/","NA","jfnsv","Ezechiel","17","22"
"Hebrew","JWNTN/","NA","jfnvn","Samuel_I","13","2"
"Hebrew","JWQJM/","NA","jfsjm","Chronica_I","4","22"
"Hebrew","JWRH/","NA","jfte","Deuteronomium","11","14"
"Hebrew","JWRH=/","NA","jfte","Esra","2","18"
"Hebrew","JWRJ/","NA","jftj","Chronica_I","5","13"
"Hebrew","JWRM/","NA","jftm","Samuel_II","8","10"
"Hebrew","JWSP/","NA","jfoq","Genesis","30","24"
"Hebrew","JWSPJH/","NA","jfoqje","Esra","8","10"
"Hebrew","JWTM/","NA","jfvm","Judices","9","5"
"Hebrew","JWTR/","NA","jfvt","Samuel_I","15","15"
"Hebrew","JWVH/","NA","jfie","Josua","15","55"
"Hebrew","JWX>/","NA","jfha","Chronica_I","8","16"
"Hebrew","JWXNN/","NA","jfhnn","Reges_II","25","23"
"Hebrew","JWY>T/","NA","jfrav","Psalmi","144","14"
"Hebrew","JWYDQ/","NA","jfrds","Esra","3","2"
"Hebrew","JWYR/","NA","jfrt","Samuel_II","17","28"
"Hebrew","JWZBD/","NA","jfgbd","Reges_II","12","22"
"Hebrew","JXD/","NA","jhd","Deuteronomium","33","5"
"Hebrew","JXDJ>L/","NA","jhdjal","Chronica_I","5","24"
"Hebrew","JXDJHW/","NA","jhdjef","Chronica_I","24","20"
"Hebrew","JXDW","NA","jhdf","Genesis","13","6"
"Hebrew","JXDW/","NA","jhdf","Chronica_I","5","14"
"Hebrew","JXD[","qal","jhd","Genesis","49","6"
"Hebrew","JXF/","NA","jhu","Nehemia","7","5"
"Hebrew","JXF[","hit","jhu","Esra","2","62"
"Hebrew","JXJ>L/","NA","jhjal","Esra","8","9"
"Hebrew","JXJ>LJ/","NA","jhjalj","Chronica_I","26","21"
"Hebrew","JXJD/","NA","jhjd","Genesis","22","2"
"Hebrew","JXJH/","NA","jhje","Chronica_I","15","24"
"Hebrew","JXJL/","NA","jhjl","Threni","3","26"
"Hebrew","JXL>L/","NA","jhlal","Genesis","46","14"
"Hebrew","JXL>LJ/","NA","jhlalj","Numeri","26","26"
"Hebrew","JXL[","nif","jhl","Genesis","8","10"
"Hebrew","JXMJ/","NA","jhmj","Chronica_I","7","2"
"Hebrew","JXMWR/","NA","jhmft","Deuteronomium","14","5"
"Hebrew","JXM[","qal","jhm","Genesis","30","38"
"Hebrew","JXP/","NA","jhq","Samuel_II","15","30"
"Hebrew","JXT/","NA","jhv","Chronica_I","4","2"
"Hebrew","JXY>L/","NA","jhral","Genesis","46","24"
"Hebrew","JXY>LJ/","NA","jhralj","Numeri","26","48"
"Hebrew","JXYJ>L/","NA","jhrjal","Chronica_I","7","13"
"Hebrew","JXZJ>L/","NA","jhgjal","Esra","8","5"
"Hebrew","JXZJH/","NA","jhgje","Esra","10","15"
"Hebrew","JXZQ>L/","NA","jhgsal","Ezechiel","1","3"
"Hebrew","JXZQJH/","NA","jhgsje","Hosea","1","1"
"Hebrew","JXZQJHW/","NA","jhgsjef","Reges_II","20","10"
"Hebrew","JXZRH/","NA","jhgte","Chronica_I","9","12"
"Hebrew","JY<[","hif","jrp","Jesaia","58","5"
"Hebrew","JY>[","qal","jra","Genesis","2","10"
"Hebrew","JYB[","hit","jrb","Exodus","2","4"
"Hebrew","JYG[","hif","jrc","Genesis","30","38"
"Hebrew","JYHR/","NA","jret","Numeri","18","12"
"Hebrew","JYHR=/","NA","jret","Exodus","6","18"
"Hebrew","JYHRJ/","NA","jretj","Numeri","3","27"
"Hebrew","JYJ</","NA","jrjp","Reges_I","6","5"
"Hebrew","JYQH/","NA","jrse","Reges_I","7","24"
"Hebrew","JYQ[","qal","jrs","Genesis","28","18"
"Hebrew","JYR/","NA","jrt","Genesis","6","5"
"Hebrew","JYR=/","NA","jrt","Genesis","46","24"
"Hebrew","JYRJ/","NA","jrtj","Numeri","26","49"
"Hebrew","JYRJM/","NA","jrtjm","Iob","17","7"
"Hebrew","JYR[","qal","jrt","Genesis","2","7"
"Hebrew","JYT[","qal","jrv","Jesaia","9","17"
"Hebrew","JYW</","NA","jrfp","Genesis","49","4"
"Hebrew","JYXQ/","NA","jrhs","Genesis","17","19"
"Hebrew","JZ</","NA","jgp","Ezechiel","44","18"
"Hebrew","JZJ>L/","NA","jgjal","Chronica_I","12","3"
"Hebrew","JZJH/","NA","jgje","Esra","10","25"
"Hebrew","JZJZ/","NA","jgjg","Chronica_I","27","31"
"Hebrew","JZLJ>H/","NA","jgljae","Chronica_I","8","18"
"Hebrew","JZNJH/","NA","jgnje","Jeremia","42","1"
"Hebrew","JZNJHW/","NA","jgnjef","Jeremia","40","8"
"Hebrew","JZN[","pual","jgn","Jeremia","5","8"
"Hebrew","JZR<>L/","NA","jgtpal","Josua","15","56"
"Hebrew","JZR<>L=/","NA","jgtpal","Hosea","1","4"
"Hebrew","JZR<>LJ/","NA","jgtpalj","Samuel_I","27","3"
"Hebrew","JZRX/","NA","jgth","Chronica_I","27","8"
"Hebrew","JZRXJH/","NA","jgthje","Nehemia","12","42"
"Hebrew","K","NA","k","Genesis","1","26"
"Hebrew","K<S/","NA","kpo","Deuteronomium","32","19"
"Hebrew","K<S[","qal","kpo","Ezechiel","16","42"
"Hebrew","K>B/","NA","kab","Jesaia","17","11"
"Hebrew","K>B[","qal","kab","Genesis","34","25"
"Hebrew","K>H/","NA","kae","Psalmi","10","10"
"Hebrew","K>H[","nif","kae","Psalmi","109","16"
"Hebrew","KBC/","NA","kbu","Chronica_II","9","18"
"Hebrew","KBCN/","NA","kbun","Genesis","19","28"
"Hebrew","KBC[","qal","kbu","Genesis","1","28"
"Hebrew","KBD/","NA","kbd","Genesis","12","10"
"Hebrew","KBD=/","NA","kbd","Exodus","29","13"
"Hebrew","KBD==/","NA","kbd","Jesaia","21","15"
"Hebrew","KBDT/","NA","kbdv","Exodus","14","25"
"Hebrew","KBD[","qal","kbd","Genesis","18","20"
"Hebrew","KBF/","NA","kbu","Exodus","12","5"
"Hebrew","KBFH/","NA","kbue","Genesis","21","28"
"Hebrew","KBH[","qal","kbe","Leviticus","6","5"
"Hebrew","KBJR/","NA","kbjt","Jesaia","10","13"
"Hebrew","KBJR=/","NA","kbjt","Samuel_I","19","13"
"Hebrew","KBL/","NA","kbl","Psalmi","105","18"
"Hebrew","KBR/","NA","kbt","Ecclesiastes","1","10"
"Hebrew","KBR=/","NA","kbt","Ezechiel","1","1"
"Hebrew","KBRH/","NA","kbte","Amos","9","9"
"Hebrew","KBRH=/","NA","kbte","Genesis","35","16"
"Hebrew","KBR[","hif","kbt","Iob","35","16"
"Hebrew","KBS[","qal","kbo","Reges_II","18","17"
"Hebrew","KBWD/","NA","kbfd","Genesis","31","1"
"Hebrew","KBWDH/","NA","kbfde","Judices","18","21"
"Hebrew","KBWL/","NA","kbfl","Josua","19","27"
"Hebrew","KBWN/","NA","kbfn","Josua","15","40"
"Hebrew","KCJ/","NA","kuj","Numeri","12","1"
"Hebrew","KCJL/","NA","kujl","Psalmi","74","6"
"Hebrew","KCLWN/","NA","kulfn","Proverbia","16","18"
"Hebrew","KCL[","qal","kul","Leviticus","26","37"
"Hebrew","KCP/","NA","kuq","Reges_II","9","22"
"Hebrew","KCP=/","NA","kuq","Jeremia","27","9"
"Hebrew","KCP[","piel","kuq","Exodus","7","11"
"Hebrew","KCRWN/","NA","kutfn","Ecclesiastes","2","21"
"Hebrew","KCR[","qal","kut","Ecclesiastes","11","6"
"Hebrew","KD/","NA","kd","Genesis","24","14"
"Hebrew","KDKD/","NA","kdkd","Jesaia","54","12"
"Hebrew","KDRL<MR/","NA","kdtlpmt","Genesis","14","1"
"Hebrew","KFB/","NA","kub","Genesis","30","32"
"Hebrew","KFBH/","NA","kube","Leviticus","5","6"
"Hebrew","KFD/","NA","kud","Genesis","22","22"
"Hebrew","KFDJM/","NA","kudjm","Genesis","11","28"
"Hebrew","KFH[","qal","kue","Deuteronomium","32","15"
"Hebrew","KH","NA","ke","Genesis","15","5"
"Hebrew","KHH/","NA","kee","Leviticus","13","21"
"Hebrew","KHH=/","NA","kee","Nahum","3","19"
"Hebrew","KHH=[","piel","kee","Samuel_I","3","13"
"Hebrew","KHH[","qal","kee","Genesis","27","1"
"Hebrew","KHN/","NA","ken","Genesis","14","18"
"Hebrew","KHNH/","NA","kene","Exodus","29","9"
"Hebrew","KHN[","piel","ken","Exodus","28","1"
"Hebrew","KJ","NA","kj","Genesis","1","4"
"Hebrew","KJ/","NA","kj","Jesaia","3","24"
"Hebrew","KJCWR/","NA","kjuft","Proverbia","31","19"
"Hebrew","KJD/","NA","kjd","Iob","21","20"
"Hebrew","KJDN/","NA","kjdn","Chronica_I","13","9"
"Hebrew","KJDWD/","NA","kjdfd","Iob","41","11"
"Hebrew","KJDWN/","NA","kjdfn","Josua","8","18"
"Hebrew","KJDWR/","NA","kjdft","Iob","15","24"
"Hebrew","KJLJ/","NA","kjlj","Jesaia","32","5"
"Hebrew","KJLP/","NA","kjlq","Psalmi","74","6"
"Hebrew","KJMH/","NA","kjme","Amos","5","8"
"Hebrew","KJR/","NA","kjt","Leviticus","11","35"
"Hebrew","KJS/","NA","kjo","Deuteronomium","25","13"
"Hebrew","KJWN/","NA","kjfn","Amos","5","26"
"Hebrew","KJWR/","NA","kjft","Exodus","30","18"
"Hebrew","KKH","NA","kke","Exodus","12","11"
"Hebrew","KKR/","NA","kkt","Genesis","13","10"
"Hebrew","KL/","NA","kl","Genesis","1","21"
"Hebrew","KL>/","NA","kla","Reges_I","22","27"
"Hebrew","KL>B/","NA","klab","Samuel_II","3","3"
"Hebrew","KL>JM/","NA","klajm","Leviticus","19","19"
"Hebrew","KL>[","qal","kla","Genesis","23","6"
"Hebrew","KLB/","NA","klb","Exodus","11","7"
"Hebrew","KLB=/","NA","klb","Numeri","13","6"
"Hebrew","KLBJ/","NA","klbj","Samuel_I","25","3"
"Hebrew","KLH/","NA","kle","Genesis","11","31"
"Hebrew","KLH=/","NA","kle","Genesis","18","21"
"Hebrew","KLH==/","NA","kle","Deuteronomium","28","32"
"Hebrew","KLHW/","NA","klef","Esra","10","35"
"Hebrew","KLH[","qal","kle","Genesis","21","15"
"Hebrew","KLJ/","NA","klj","Genesis","24","53"
"Hebrew","KLJH/","NA","klje","Exodus","29","13"
"Hebrew","KLJL/","NA","kljl","Exodus","28","31"
"Hebrew","KLJWN/","NA","kljfn","Deuteronomium","28","65"
"Hebrew","KLJWN=/","NA","kljfn","Ruth","1","2"
"Hebrew","KLKL/","NA","klkl","Reges_I","5","11"
"Hebrew","KLL/","NA","kll","Esra","10","30"
"Hebrew","KLL[","qal","kll","Ezechiel","27","4"
"Hebrew","KLMD/","NA","klmd","Ezechiel","27","23"
"Hebrew","KLMH/","NA","klme","Jesaia","30","3"
"Hebrew","KLMWT/","NA","klmfv","Jeremia","23","40"
"Hebrew","KLM[","nif","klm","Numeri","12","14"
"Hebrew","KLNH/","NA","klne","Amos","6","2"
"Hebrew","KLNW/","NA","klnf","Jesaia","10","9"
"Hebrew","KLW>/","NA","klfa","Jeremia","37","4"
"Hebrew","KLWB/","NA","klfb","Jeremia","5","27"
"Hebrew","KLWB=/","NA","klfb","Chronica_I","4","11"
"Hebrew","KLWBJ/","NA","klfbj","Chronica_I","2","9"
"Hebrew","KLWLT/","NA","klflv","Jeremia","2","2"
"Hebrew","KLX/","NA","klh","Iob","5","26"
"Hebrew","KLX=/","NA","klh","Genesis","10","11"
"Hebrew","KL_XZH/","NA","kl hge","Nehemia","3","15"
"Hebrew","KMHM/","NA","kmem","Samuel_II","19","38"
"Hebrew","KMHN/","NA","kmen","Samuel_II","19","41"
"Hebrew","KMH[","qal","kme","Psalmi","63","2"
"Hebrew","KMN/","NA","kmn","Jesaia","28","25"
"Hebrew","KMR/","NA","kmt","Reges_II","23","5"
"Hebrew","KMRJR/","NA","kmtjt","Iob","3","5"
"Hebrew","KMR[","nif","kmt","Genesis","43","30"
"Hebrew","KMS[","qal","kmo","Deuteronomium","32","34"
"Hebrew","KMW","NA","kmf","Genesis","19","15"
"Hebrew","KMWC/","NA","kmfu","Numeri","21","29"
"Hebrew","KN","NA","kn","Genesis","1","7"
"Hebrew","KN/","NA","kn","Genesis","42","11"
"Hebrew","KN<H/","NA","knpe","Jeremia","10","17"
"Hebrew","KN<N/","NA","knpn","Genesis","9","18"
"Hebrew","KN<NH/","NA","knpne","Reges_I","22","11"
"Hebrew","KN<NJ/","NA","knpnj","Genesis","10","18"
"Hebrew","KN<NJ=/","NA","knpnj","Jesaia","23","8"
"Hebrew","KN<[","nif","knp","Leviticus","26","41"
"Hebrew","KN=/","NA","kn","Genesis","40","13"
"Hebrew","KN==/","NA","kn","Exodus","8","12"
"Hebrew","KNH/","NA","kne","Psalmi","80","16"
"Hebrew","KNH=/","NA","kne","Ezechiel","27","23"
"Hebrew","KNH[","piel","kne","Jesaia","44","5"
"Hebrew","KNJHW/","NA","knjef","Jeremia","22","24"
"Hebrew","KNM/","NA","knm","Exodus","8","13"
"Hebrew","KNNJ/","NA","knnj","Nehemia","9","4"
"Hebrew","KNNJH/","NA","knnje","Chronica_I","15","27"
"Hebrew","KNNJHW/","NA","knnjef","Chronica_II","31","12"
"Hebrew","KNNJHW=/","NA","knnjef","Chronica_I","15","22"
"Hebrew","KNP/","NA","knq","Genesis","1","21"
"Hebrew","KNP[","nif","knq","Jesaia","30","20"
"Hebrew","KNRT/","NA","kntv","Numeri","34","11"
"Hebrew","KNS[","qal","kno","Psalmi","33","7"
"Hebrew","KNT/","NA","knv","Esra","4","7"
"Hebrew","KNWR/","NA","knft","Genesis","4","21"
"Hebrew","KP/","NA","kq","Genesis","8","9"
"Hebrew","KP=/","NA","kq","Jeremia","4","29"
"Hebrew","KPC[","hif","kqu","Threni","3","16"
"Hebrew","KPH/","NA","kqe","Leviticus","23","40"
"Hebrew","KPH[","qal","kqe","Proverbia","21","14"
"Hebrew","KPJR/","NA","kqjt","Judices","14","5"
"Hebrew","KPJRH/","NA","kqjte","Josua","9","17"
"Hebrew","KPJS/","NA","kqjo","Habakuk","2","11"
"Hebrew","KPL/","NA","kql","Jesaia","40","2"
"Hebrew","KPL[","qal","kql","Exodus","26","9"
"Hebrew","KPN/","NA","kqn","Iob","5","22"
"Hebrew","KPN[","qal","kqn","Ezechiel","17","7"
"Hebrew","KPP[","qal","kqq","Jesaia","58","5"
"Hebrew","KPR/","NA","kqt","Exodus","21","30"
"Hebrew","KPR=/","NA","kqt","Genesis","6","14"
"Hebrew","KPR==/","NA","kqt","Josua","18","24"
"Hebrew","KPR===/","NA","kqt","Samuel_I","6","18"
"Hebrew","KPR====/","NA","kqt","Canticum","1","14"
"Hebrew","KPRJM/","NA","kqtjm","Exodus","29","36"
"Hebrew","KPJRJM=/","NA","kqjtjm","Nehemia","6","2"
"Hebrew","KPRT/","NA","kqtv","Exodus","25","17"
"Hebrew","KPR[","qal","kqt","Genesis","6","14"
"Hebrew","KPTRJ/","NA","kqvtj","Genesis","10","14"
"Hebrew","KPTWR/","NA","kqvft","Exodus","25","31"
"Hebrew","KPTWR=/","NA","kqvft","Deuteronomium","2","23"
"Hebrew","KPWR/","NA","kqft","Exodus","16","14"
"Hebrew","KPWR=/","NA","kqft","Esra","1","10"
"Hebrew","KR/","NA","kt","Deuteronomium","32","14"
"Hebrew","KR<JM/","NA","ktpjm","Exodus","12","9"
"Hebrew","KR<[","qal","ktp","Genesis","49","9"
"Hebrew","KR=/","NA","kt","Reges_I","5","2"
"Hebrew","KR==/","NA","kt","Jesaia","30","23"
"Hebrew","KR===/","NA","kt","Genesis","31","34"
"Hebrew","KRBL[","pual","ktbl","Chronica_I","15","27"
"Hebrew","KRCN>/","NA","ktuna","Esther","1","14"
"Hebrew","KRF/","NA","ktu","Jeremia","51","34"
"Hebrew","KRH/","NA","kte","Reges_II","6","23"
"Hebrew","KRH=/","NA","kte","Zephania","2","6"
"Hebrew","KRH==[","qal","kte","Reges_II","6","23"
"Hebrew","KRH=[","qal","kte","Deuteronomium","2","6"
"Hebrew","KRH[","qal","kte","Genesis","26","25"
"Hebrew","KRJ/","NA","ktj","Reges_II","11","4"
"Hebrew","KRJT/","NA","ktjv","Reges_I","17","3"
"Hebrew","KRJTWT/","NA","ktjvfv","Deuteronomium","24","1"
"Hebrew","KRKB/","NA","ktkb","Exodus","27","5"
"Hebrew","KRKMJC/","NA","ktkmju","Jesaia","10","9"
"Hebrew","KRKRH/","NA","ktkte","Jesaia","66","20"
"Hebrew","KRKS/","NA","ktko","Esther","1","10"
"Hebrew","KRKWM/","NA","ktkfm","Canticum","4","14"
"Hebrew","KRM/","NA","ktm","Genesis","9","20"
"Hebrew","KRM=/","NA","ktm","Reges_II","25","12"
"Hebrew","KRMJ/","NA","ktmj","Numeri","26","6"
"Hebrew","KRMJ=/","NA","ktmj","Genesis","46","9"
"Hebrew","KRMJL/","NA","ktmjl","Chronica_II","2","6"
"Hebrew","KRML/","NA","ktml","Reges_II","19","23"
"Hebrew","KRML=/","NA","ktml","Leviticus","2","14"
"Hebrew","KRML==/","NA","ktml","Josua","12","22"
"Hebrew","KRMLJ/","NA","ktmlj","Samuel_I","27","3"
"Hebrew","KRN/","NA","ktn","Genesis","36","26"
"Hebrew","KRPS/","NA","ktqo","Esther","1","6"
"Hebrew","KRR[","piel","ktt","Samuel_II","6","14"
"Hebrew","KRSM[","piel","ktom","Psalmi","80","14"
"Hebrew","KRTJ/","NA","ktvj","Samuel_I","30","14"
"Hebrew","KRT[","qal","ktv","Genesis","15","18"
"Hebrew","KRWB/","NA","ktfb","Genesis","3","24"
"Hebrew","KRWB=/","NA","ktfb","Esra","2","59"
"Hebrew","KRWTH/","NA","ktfve","Reges_I","6","36"
"Hebrew","KS>/","NA","koa","Genesis","41","40"
"Hebrew","KS>=/","NA","koa","Psalmi","81","4"
"Hebrew","KSH[","qal","koe","Psalmi","32","1"
"Hebrew","KSJL/","NA","kojl","Psalmi","49","11"
"Hebrew","KSJL=/","NA","kojl","Jesaia","13","10"
"Hebrew","KSJL==/","NA","kojl","Josua","15","30"
"Hebrew","KSJLWT/","NA","kojlfv","Proverbia","9","13"
"Hebrew","KSL/","NA","kol","Psalmi","49","14"
"Hebrew","KSL=/","NA","kol","Leviticus","3","4"
"Hebrew","KSLH/","NA","kole","Psalmi","85","9"
"Hebrew","KSLT_TBR/","NA","kolv vbt","Josua","19","12"
"Hebrew","KSLW/","NA","kolf","Sacharia","7","1"
"Hebrew","KSLWN/","NA","kolfn","Josua","15","10"
"Hebrew","KSLWN=/","NA","kolfn","Numeri","34","21"
"Hebrew","KSWLT/","NA","koflv","Josua","19","18"
"Hebrew","KSLXJM/","NA","kolhjm","Genesis","10","14"
"Hebrew","KSL[","qal","kol","Jeremia","10","8"
"Hebrew","KSMJM/","NA","komjm","Ezechiel","4","9"
"Hebrew","KSMT/","NA","komv","Exodus","9","32"
"Hebrew","KSM[","qal","kom","Ezechiel","44","20"
"Hebrew","KSP/","NA","koq","Genesis","13","2"
"Hebrew","KSPJ>/","NA","koqja","Esra","8","17"
"Hebrew","KSP[","qal","koq","Psalmi","17","12"
"Hebrew","KSS[","qal","koo","Exodus","12","4"
"Hebrew","KST/","NA","kov","Ezechiel","13","18"
"Hebrew","KSWJ/","NA","kofj","Numeri","4","6"
"Hebrew","KSWT/","NA","kofv","Genesis","20","16"
"Hebrew","KSX[","qal","koh","Jesaia","33","12"
"Hebrew","KTB/","NA","kvb","Ezechiel","13","9"
"Hebrew","KTBT/","NA","kvbv","Leviticus","19","28"
"Hebrew","KTB[","qal","kvb","Exodus","17","14"
"Hebrew","KTC[","qal","kvu","Proverbia","27","22"
"Hebrew","KTJJM/","NA","kvjjm","Genesis","10","4"
"Hebrew","KTJT/","NA","kvjv","Exodus","27","20"
"Hebrew","KTL/","NA","kvl","Canticum","2","9"
"Hebrew","KTLJC/","NA","kvlju","Josua","15","40"
"Hebrew","KTM/","NA","kvm","Jesaia","13","12"
"Hebrew","KTM[","nif","kvm","Jeremia","2","22"
"Hebrew","KTNT/","NA","kvnv","Genesis","3","21"
"Hebrew","KTP/","NA","kvq","Exodus","27","14"
"Hebrew","KTR/","NA","kvt","Esther","1","11"
"Hebrew","KTRT/","NA","kvtv","Reges_I","7","16"
"Hebrew","KTR[","piel","kvt","Judices","20","43"
"Hebrew","KTT[","qal","kvv","Leviticus","22","24"
"Hebrew","KWB/","NA","kfb","Ezechiel","30","5"
"Hebrew","KWB</","NA","kfbp","Samuel_I","17","5"
"Hebrew","KWC/","NA","kfu","Genesis","2","13"
"Hebrew","KWC=/","NA","kfu","Genesis","10","7"
"Hebrew","KWCJ/","NA","kfuj","Jeremia","36","14"
"Hebrew","KWCN/","NA","kfun","Habakuk","3","7"
"Hebrew","KWCN_RC<TJM/","NA","kfun tupvjm","Judices","3","8"
"Hebrew","KWCRH/","NA","kfute","Psalmi","68","7"
"Hebrew","KWH[","nif","kfe","Jesaia","43","2"
"Hebrew","KWJH/","NA","kfje","Exodus","21","25"
"Hebrew","KWKB/","NA","kfkb","Genesis","1","16"
"Hebrew","KWL[","qal","kfl","Jesaia","40","12"
"Hebrew","KWMZ/","NA","kfmg","Exodus","35","22"
"Hebrew","KWN/","NA","kfn","Jeremia","7","18"
"Hebrew","KWN=/","NA","kfn","Chronica_I","18","8"
"Hebrew","KWN[","nif","kfn","Genesis","41","32"
"Hebrew","KWR/","NA","kft","Deuteronomium","4","20"
"Hebrew","KWRC/","NA","kftu","Jesaia","44","28"
"Hebrew","KWS/","NA","kfo","Genesis","40","11"
"Hebrew","KWS=/","NA","kfo","Leviticus","11","17"
"Hebrew","KWT/","NA","kfv","Reges_II","17","24"
"Hebrew","KX/","NA","kh","Genesis","4","12"
"Hebrew","KX=/","NA","kh","Leviticus","11","30"
"Hebrew","KXC/","NA","khu","Hosea","7","3"
"Hebrew","KXC=/","NA","khu","Jesaia","30","9"
"Hebrew","KXC[","qal","khu","Psalmi","109","24"
"Hebrew","KXD[","nif","khd","Exodus","9","15"
"Hebrew","KXL[","qal","khl","Ezechiel","23","40"
"Hebrew","KZB/","NA","kgb","Judices","16","10"
"Hebrew","KZB>/","NA","kgba","Chronica_I","4","22"
"Hebrew","KZBJ/","NA","kgbj","Numeri","25","15"
"Hebrew","KZB[","qal","kgb","Psalmi","116","11"
"Hebrew","KZJB/","NA","kgjb","Genesis","38","5"
"Hebrew","L","NA","l","Genesis","1","5"
"Hebrew","L</","NA","lp","Proverbia","23","2"
"Hebrew","L<<=[","qal","lpp","Obadia","1","16"
"Hebrew","L<<[","qal","lpp","Iob","6","3"
"Hebrew","L<B[","hif","lpb","Chronica_II","36","16"
"Hebrew","L<DH/","NA","lpde","Chronica_I","4","21"
"Hebrew","L<DN/","NA","lpdn","Chronica_I","7","26"
"Hebrew","L<G/","NA","lpc","Ezechiel","23","32"
"Hebrew","L<G=/","NA","lpc","Jesaia","28","11"
"Hebrew","L<G[","qal","lpc","Reges_II","19","21"
"Hebrew","L<NH/","NA","lpne","Deuteronomium","29","17"
"Hebrew","L<V[","hif","lpi","Genesis","25","30"
"Hebrew","L<Z[","qal","lpg","Psalmi","114","1"
"Hebrew","L>","NA","la","Genesis","2","5"
"Hebrew","L>H/","NA","lae","Genesis","29","16"
"Hebrew","L>H[","qal","lae","Genesis","19","11"
"Hebrew","L>L/","NA","lal","Numeri","3","24"
"Hebrew","L>M/","NA","lam","Genesis","25","23"
"Hebrew","L>MJM/","NA","lamjm","Genesis","25","3"
"Hebrew","L>_<MJ/","NA","la pmj","Hosea","1","9"
"Hebrew","L>_DBR/","NA","la dbt","Samuel_II","9","4"
"Hebrew","L>_RXMH/","NA","la thme","Hosea","1","6"
"Hebrew","LB/","NA","lb","Genesis","6","5"
"Hebrew","LB>/","NA","lba","Psalmi","57","5"
"Hebrew","LB>H/","NA","lbae","Nahum","2","13"
"Hebrew","LB>WT/","NA","lbafv","Josua","15","32"
"Hebrew","LBB/","NA","lbb","Genesis","20","5"
"Hebrew","LBB=[","piel","lbb","Samuel_II","13","6"
"Hebrew","LBBH/","NA","lbbe","Samuel_II","13","6"
"Hebrew","LBB[","nif","lbb","Iob","11","12"
"Hebrew","LBC[","qal","lbu","Genesis","28","20"
"Hebrew","LBH/","NA","lbe","Exodus","3","2"
"Hebrew","LBH=/","NA","lbe","Ezechiel","16","30"
"Hebrew","LBJ>/","NA","lbja","Genesis","49","9"
"Hebrew","LBJ>=/","NA","lbja","Ezechiel","19","2"
"Hebrew","LBN/","NA","lbn","Genesis","30","35"
"Hebrew","LBN=/","NA","lbn","Genesis","24","29"
"Hebrew","LBN==/","NA","lbn","Deuteronomium","1","1"
"Hebrew","LBN=[","qal","lbn","Genesis","11","3"
"Hebrew","LBNH/","NA","lbne","Genesis","11","3"
"Hebrew","LBNH=/","NA","lbne","Exodus","30","34"
"Hebrew","LBNH==/","NA","lbne","Genesis","30","37"
"Hebrew","LBNH===/","NA","lbne","Jesaia","24","23"
"Hebrew","LBNH====/","NA","lbne","Numeri","33","20"
"Hebrew","LBNH=====/","NA","lbne","Esra","2","45"
"Hebrew","LBNJ/","NA","lbnj","Numeri","3","21"
"Hebrew","LBNJ=/","NA","lbnj","Exodus","6","17"
"Hebrew","LBNWN/","NA","lbnfn","Deuteronomium","1","7"
"Hebrew","LBN[","hit","lbn","Daniel","12","10"
"Hebrew","LBV[","nif","lbi","Hosea","4","14"
"Hebrew","LBWC/","NA","lbfu","Genesis","49","11"
"Hebrew","LBWC=/","NA","lbfu","Ezechiel","9","2"
"Hebrew","LBWNH/","NA","lbfne","Judices","21","19"
"Hebrew","LC</","NA","lup","Genesis","10","19"
"Hebrew","LCD/","NA","lud","Numeri","11","8"
"Hebrew","LCKH/","NA","luke","Samuel_I","9","22"
"Hebrew","LCM/","NA","lum","Exodus","28","19"
"Hebrew","LCM=/","NA","lum","Josua","19","47"
"Hebrew","LCN[","piel","lun","Psalmi","101","5"
"Hebrew","LCWN/","NA","lufn","Genesis","10","5"
"Hebrew","LD/","NA","ld","Esra","2","33"
"Hebrew","LDBR/","NA","ldbt","Josua","13","26"
"Hebrew","LDH/","NA","lde","Reges_II","19","3"
"Hebrew","LG/","NA","lc","Leviticus","14","10"
"Hebrew","LHB/","NA","leb","Judices","3","22"
"Hebrew","LHBH/","NA","lebe","Numeri","21","28"
"Hebrew","LHBJM/","NA","lebjm","Genesis","10","13"
"Hebrew","LHBT/","NA","lebv","Samuel_I","17","7"
"Hebrew","LHD/","NA","led","Chronica_I","4","2"
"Hebrew","LHG/","NA","lec","Ecclesiastes","12","12"
"Hebrew","LHH[","hit","lee","Proverbia","26","18"
"Hebrew","LHM[","hit","lem","Proverbia","18","8"
"Hebrew","LHN","NA","len","Ruth","1","13"
"Hebrew","LHQH/","NA","lese","Samuel_I","19","20"
"Hebrew","LHV/","NA","lei","Genesis","3","24"
"Hebrew","LHVJM/","NA","leijm","Exodus","7","11"
"Hebrew","LHV[","qal","lei","Psalmi","57","5"
"Hebrew","LJC/","NA","lju","Jesaia","30","6"
"Hebrew","LJC=/","NA","lju","Judices","18","7"
"Hebrew","LJC==/","NA","lju","Samuel_I","25","44"
"Hebrew","LJCH/","NA","ljue","Jesaia","10","30"
"Hebrew","LJH/","NA","lje","Reges_I","7","29"
"Hebrew","LJL/","NA","ljl","Exodus","12","42"
"Hebrew","LJLH/","NA","ljle","Genesis","1","5"
"Hebrew","LJLJT/","NA","ljljv","Jesaia","34","14"
"Hebrew","LJN[","qal","ljn","Genesis","19","2"
"Hebrew","LJY[","qal","ljr","Proverbia","9","12"
"Hebrew","LKD/","NA","lkd","Proverbia","3","26"
"Hebrew","LKD[","qal","lkd","Numeri","21","32"
"Hebrew","LKH/","NA","lke","Chronica_I","4","21"
"Hebrew","LKJC/","NA","lkju","Josua","10","3"
"Hebrew","LKN","NA","lkn","Genesis","4","15"
"Hebrew","LL>T/","NA","llav","Exodus","26","4"
"Hebrew","LM<N","NA","lmpn","Genesis","12","13"
"Hebrew","LMD/","NA","lmd","Jesaia","8","16"
"Hebrew","LMD[","qal","lmd","Deuteronomium","4","10"
"Hebrew","LMH","NA","lme","Genesis","4","6"
"Hebrew","LMK/","NA","lmk","Genesis","4","18"
"Hebrew","LMW","NA","lmf","Iob","27","14"
"Hebrew","LMW>L/","NA","lmfal","Proverbia","31","1"
"Hebrew","LN/","NA","ln","Nehemia","13","21"
"Hebrew","LPJD/","NA","lqjd","Genesis","15","17"
"Hebrew","LPJDWT/","NA","lqjdfv","Judices","4","4"
"Hebrew","LPT[","qal","lqv","Judices","16","29"
"Hebrew","LQC/","NA","lsu","Amos","7","1"
"Hebrew","LQC[","piel","lsu","Iob","24","6"
"Hebrew","LQQ[","qal","lss","Judices","7","5"
"Hebrew","LQV/","NA","lsi","Leviticus","19","9"
"Hebrew","LQV[","qal","lsi","Genesis","31","46"
"Hebrew","LQWM/","NA","lsfm","Josua","19","33"
"Hebrew","LQX/","NA","lsh","Deuteronomium","32","2"
"Hebrew","LQXJ/","NA","lshj","Chronica_I","7","19"
"Hebrew","LQX[","qal","lsh","Genesis","2","15"
"Hebrew","LTK/","NA","lvk","Hosea","3","2"
"Hebrew","LV/","NA","li","Exodus","7","22"
"Hebrew","LV=/","NA","li","Genesis","37","25"
"Hebrew","LV>H/","NA","liae","Leviticus","11","30"
"Hebrew","LVC[","qal","liu","Genesis","4","22"
"Hebrew","LVWCJM/","NA","lifujm","Genesis","25","3"
"Hebrew","LW","NA","lf","Genesis","17","18"
"Hebrew","LWBJ/","NA","lfbj","Nahum","3","9"
"Hebrew","LWC[","qal","lfu","Genesis","18","6"
"Hebrew","LWD/","NA","lfd","Genesis","10","22"
"Hebrew","LWDJM/","NA","lfdjm","Genesis","10","13"
"Hebrew","LWH=[","qal","lfe","Deuteronomium","28","12"
"Hebrew","LWH[","qal","lfe","Ecclesiastes","8","15"
"Hebrew","LWJ/","NA","lfj","Exodus","4","14"
"Hebrew","LWJ=/","NA","lfj","Genesis","29","34"
"Hebrew","LWJH/","NA","lfje","Proverbia","1","9"
"Hebrew","LWJTN/","NA","lfjvn","Jesaia","27","1"
"Hebrew","LWL/","NA","lfl","Reges_I","6","8"
"Hebrew","LWL>","NA","lfla","Genesis","31","42"
"Hebrew","LWN[","nif","lfn","Exodus","15","24"
"Hebrew","LWV=/","NA","lfi","Genesis","11","27"
"Hebrew","LWVN/","NA","lfin","Genesis","36","20"
"Hebrew","LWV[","qal","lfi","Samuel_I","21","10"
"Hebrew","LWX/","NA","lfh","Exodus","24","12"
"Hebrew","LWXC/","NA","lfhu","Nehemia","3","12"
"Hebrew","LWXJT/","NA","lfhjv","Jesaia","15","5"
"Hebrew","LWZ/","NA","lfg","Genesis","30","37"
"Hebrew","LWZ=/","NA","lfg","Genesis","28","19"
"Hebrew","LWZ[","qal","lfg","Proverbia","3","21"
"Hebrew","LX/","NA","lh","Deuteronomium","34","7"
"Hebrew","LX=/","NA","lh","Genesis","30","37"
"Hebrew","LXC/","NA","lhu","Jesaia","3","3"
"Hebrew","LXC[","piel","lhu","Psalmi","58","6"
"Hebrew","LXJ/","NA","lhj","Deuteronomium","18","3"
"Hebrew","LXJ=/","NA","lhj","Judices","15","9"
"Hebrew","LXJ_R>J/","NA","lhj taj","Genesis","16","14"
"Hebrew","LXK[","qal","lhk","Numeri","22","4"
"Hebrew","LXM/","NA","lhm","Genesis","3","19"
"Hebrew","LXM=/","NA","lhm","Judices","5","8"
"Hebrew","LXM=[","qal","lhm","Deuteronomium","32","24"
"Hebrew","LXMJ/","NA","lhmj","Samuel_I","16","1"
"Hebrew","LXMJ=/","NA","lhmj","Chronica_I","20","5"
"Hebrew","LXMS/","NA","lhmo","Josua","15","40"
"Hebrew","LXM[","qal","lhm","Psalmi","35","1"
"Hebrew","LXWM/","NA","lhfm","Zephania","1","17"
"Hebrew","LXY/","NA","lhr","Exodus","3","9"
"Hebrew","LXY[","qal","lhr","Exodus","3","9"
"Hebrew","LY/","NA","lr","Jesaia","29","20"
"Hebrew","LYWN/","NA","lrfn","Jesaia","28","14"
"Hebrew","LZ","NA","lg","Judices","6","20"
"Hebrew","LZH","NA","lge","Genesis","24","65"
"Hebrew","LZW","NA","lgf","Ezechiel","36","35"
"Hebrew","LZWT/","NA","lgfv","Proverbia","4","24"
"Hebrew","M<BD/","NA","mpbd","Iob","34","25"
"Hebrew","M<BH/","NA","mpbe","Reges_I","7","46"
"Hebrew","M<BR/","NA","mpbt","Genesis","32","23"
"Hebrew","M<BRH/","NA","mpbte","Josua","2","7"
"Hebrew","M<CQWT/","NA","mpusfv","Jesaia","33","15"
"Hebrew","M<DJ/","NA","mpdj","Esra","10","34"
"Hebrew","M<DJH/","NA","mpdje","Nehemia","12","5"
"Hebrew","M<DN/","NA","mpdn","Genesis","49","20"
"Hebrew","M<DNT/","NA","mpdnv","Samuel_I","15","32"
"Hebrew","M<DR/","NA","mpdt","Jesaia","7","25"
"Hebrew","M<D[","qal","mpd","Samuel_II","22","37"
"Hebrew","M<FH/","NA","mpue","Genesis","5","29"
"Hebrew","M<FJ/","NA","mpuj","Chronica_I","9","12"
"Hebrew","M<FJH/","NA","mpuje","Jeremia","21","1"
"Hebrew","M<FJHW/","NA","mpujef","Jeremia","35","4"
"Hebrew","M<FR/","NA","mput","Genesis","14","20"
"Hebrew","M<GL/","NA","mpcl","Jesaia","26","7"
"Hebrew","M<GL=/","NA","mpcl","Samuel_I","17","20"
"Hebrew","M<H/","NA","mpe","Jesaia","48","19"
"Hebrew","M<J/","NA","mpj","Jesaia","17","1"
"Hebrew","M<J=/","NA","mpj","Nehemia","12","36"
"Hebrew","M<JL/","NA","mpjl","Exodus","28","4"
"Hebrew","M<JM/","NA","mpjm","Genesis","15","4"
"Hebrew","M<JN/","NA","mpjn","Genesis","7","11"
"Hebrew","M<KH/","NA","mpke","Genesis","22","24"
"Hebrew","M<KH=/","NA","mpke","Samuel_II","10","6"
"Hebrew","M<KT/","NA","mpkv","Josua","13","13"
"Hebrew","M<KTJ/","NA","mpkvj","Deuteronomium","3","14"
"Hebrew","M<K[","qal","mpk","Leviticus","22","24"
"Hebrew","M<L/","NA","mpl","Genesis","6","16"
"Hebrew","M<L=/","NA","mpl","Leviticus","5","15"
"Hebrew","M<L==/","NA","mpl","Nehemia","8","6"
"Hebrew","M<LH/","NA","mple","Josua","10","10"
"Hebrew","M<LH=/","NA","mple","Exodus","20","26"
"Hebrew","M<LH_<QRBJM/","NA","mple pstbjm","Numeri","34","4"
"Hebrew","M<LH_>DMJM/","NA","mple admjm","Josua","15","7"
"Hebrew","M<LH_GWR/","NA","mple cft","Reges_II","9","27"
"Hebrew","M<LH_HXRS/","NA","mple ehto","Judices","8","13"
"Hebrew","M<LL/","NA","mpll","Deuteronomium","28","20"
"Hebrew","M<L[","qal","mpl","Leviticus","5","15"
"Hebrew","M<MD/","NA","mpmd","Reges_I","10","5"
"Hebrew","M<MD=/","NA","mpmd","Psalmi","69","3"
"Hebrew","M<MQJM/","NA","mpmsjm","Jesaia","51","10"
"Hebrew","M<MSH/","NA","mpmoe","Sacharia","12","3"
"Hebrew","M<NH/","NA","mpne","Deuteronomium","33","27"
"Hebrew","M<NH=/","NA","mpne","Micha","3","7"
"Hebrew","M<NH==/","NA","mpne","Samuel_I","14","14"
"Hebrew","M<NH===/","NA","mpne","Proverbia","16","4"
"Hebrew","M<NJT/","NA","mpnjv","Psalmi","129","3"
"Hebrew","M<QCJM/","NA","mpsujm","Jesaia","42","16"
"Hebrew","M<QH/","NA","mpse","Deuteronomium","22","8"
"Hebrew","M<R/","NA","mpt","Reges_I","7","36"
"Hebrew","M<RB/","NA","mptb","Jesaia","43","5"
"Hebrew","M<RB=/","NA","mptb","Ezechiel","27","9"
"Hebrew","M<RBH/","NA","mptbe","Jesaia","45","6"
"Hebrew","M<RH/","NA","mpte","Genesis","19","30"
"Hebrew","M<RH=/","NA","mpte","Judices","20","33"
"Hebrew","M<RH==/","NA","mpte","Jesaia","32","14"
"Hebrew","M<RH===/","NA","mpte","Josua","13","4"
"Hebrew","M<RK/","NA","mptk","Proverbia","16","1"
"Hebrew","M<RKH/","NA","mptke","Exodus","39","37"
"Hebrew","M<RKT/","NA","mptkv","Leviticus","24","6"
"Hebrew","M<RMJM/","NA","mptmjm","Chronica_II","28","15"
"Hebrew","M<RT/","NA","mptv","Josua","15","59"
"Hebrew","M<RYH/","NA","mptre","Jesaia","10","33"
"Hebrew","M<V/","NA","mpi","Genesis","18","4"
"Hebrew","M<VH/","NA","mpie","Jesaia","61","3"
"Hebrew","M<VH=/","NA","mpie","Ezechiel","21","20"
"Hebrew","M<VPT/","NA","mpiqv","Jesaia","3","22"
"Hebrew","M<V[","qal","mpi","Exodus","12","4"
"Hebrew","M<WG/","NA","mpfc","Reges_I","17","12"
"Hebrew","M<WK/","NA","mpfk","Samuel_I","27","2"
"Hebrew","M<WN/","NA","mpfn","Deuteronomium","26","15"
"Hebrew","M<WN=/","NA","mpfn","Josua","15","55"
"Hebrew","M<WN==/","NA","mpfn","Chronica_I","2","45"
"Hebrew","M<WNJM/","NA","mpfnjm","Esra","2","50"
"Hebrew","M<WNTJ/","NA","mpfnvj","Chronica_I","4","14"
"Hebrew","M<WP/","NA","mpfq","Jesaia","8","22"
"Hebrew","M<WR/","NA","mpft","Habakuk","2","15"
"Hebrew","M<WZ/","NA","mpfg","Judices","6","26"
"Hebrew","M<Y/","NA","mpr","Chronica_I","2","27"
"Hebrew","M<YBH/","NA","mprbe","Jesaia","50","11"
"Hebrew","M<YD/","NA","mprd","Jesaia","44","12"
"Hebrew","M<YWR/","NA","mprft","Samuel_I","14","6"
"Hebrew","M<ZJH/","NA","mpgje","Nehemia","10","9"
"Hebrew","M<ZJHW/","NA","mpgjef","Chronica_I","24","18"
"Hebrew","M<ZN/","NA","mpgn","Jesaia","23","11"
"Hebrew","M>BWS/","NA","mabfo","Jeremia","50","26"
"Hebrew","M>D/","NA","mad","Genesis","1","31"
"Hebrew","M>H/","NA","mae","Genesis","5","3"
"Hebrew","M>H=/","NA","mae","Nehemia","3","1"
"Hebrew","M>KL/","NA","makl","Genesis","2","9"
"Hebrew","M>KLT/","NA","maklv","Genesis","22","6"
"Hebrew","M>KLT=/","NA","maklv","Jesaia","9","4"
"Hebrew","M>MR/","NA","mamt","Esther","1","15"
"Hebrew","M>MY/","NA","mamr","Iob","36","19"
"Hebrew","M>N[","piel","man","Genesis","37","35"
"Hebrew","M>PH/","NA","maqe","Leviticus","2","4"
"Hebrew","M>PL/","NA","maql","Josua","24","7"
"Hebrew","M>PLJH/","NA","maqlje","Jeremia","2","31"
"Hebrew","M>RB/","NA","matb","Josua","8","9"
"Hebrew","M>RH/","NA","mate","Deuteronomium","28","20"
"Hebrew","M>R[","hif","mat","Leviticus","13","51"
"Hebrew","M>S=[","nif","mao","Psalmi","58","8"
"Hebrew","M>S[","qal","mao","Leviticus","26","15"
"Hebrew","M>WJJM/","NA","mafjjm","Psalmi","140","9"
"Hebrew","M>WM/","NA","mafm","Leviticus","21","17"
"Hebrew","M>WMH/","NA","mafme","Genesis","22","12"
"Hebrew","M>WR/","NA","maft","Genesis","1","14"
"Hebrew","M>WRH/","NA","mafte","Jesaia","11","8"
"Hebrew","M>ZNJM/","NA","magnjm","Leviticus","19","36"
"Hebrew","MBCLWT/","NA","mbulfv","Ezechiel","46","23"
"Hebrew","MBDLH/","NA","mbdle","Josua","16","9"
"Hebrew","MBFM/","NA","mbum","Genesis","25","13"
"Hebrew","MBLJGJT/","NA","mbljcjv","Jeremia","8","18"
"Hebrew","MBNH/","NA","mbne","Ezechiel","40","2"
"Hebrew","MBNJ/","NA","mbnj","Samuel_II","23","27"
"Hebrew","MBRX/","NA","mbth","Ezechiel","17","21"
"Hebrew","MBV/","NA","mbi","Jesaia","20","5"
"Hebrew","MBV>/","NA","mbia","Numeri","30","7"
"Hebrew","MBVX/","NA","mbih","Jesaia","32","18"
"Hebrew","MBW</","NA","mbfp","Jesaia","35","7"
"Hebrew","MBW>/","NA","mbfa","Deuteronomium","11","30"
"Hebrew","MBWCJM/","NA","mbfujm","Deuteronomium","25","11"
"Hebrew","MBWKH/","NA","mbfke","Jesaia","22","5"
"Hebrew","MBWL/","NA","mbfl","Genesis","6","17"
"Hebrew","MBWQH/","NA","mbfse","Nahum","2","11"
"Hebrew","MBWSH/","NA","mbfoe","Jesaia","18","2"
"Hebrew","MBXR/","NA","mbht","Genesis","23","6"
"Hebrew","MBXR=/","NA","mbht","Chronica_I","11","38"
"Hebrew","MBXWR/","NA","mbhft","Reges_II","3","19"
"Hebrew","MBYR/","NA","mbrt","Numeri","13","19"
"Hebrew","MBYR=/","NA","mbrt","Genesis","36","42"
"Hebrew","MC/","NA","mu","Genesis","10","23"
"Hebrew","MC<J/","NA","mupj","Ezechiel","16","4"
"Hebrew","MC<M/","NA","mupm","Chronica_I","8","12"
"Hebrew","MC<N/","NA","mupn","Jesaia","3","1"
"Hebrew","MC<N=/","NA","mupn","Samuel_II","22","19"
"Hebrew","MC<NH/","NA","mupne","Jesaia","3","1"
"Hebrew","MC<NT/","NA","mupnv","Exodus","21","19"
"Hebrew","MC<WL/","NA","mupfl","Numeri","22","24"
"Hebrew","MC>/","NA","mua","Nehemia","5","7"
"Hebrew","MC>=/","NA","mua","Genesis","10","30"
"Hebrew","MC>B/","NA","muab","Judices","5","11"
"Hebrew","MC>H/","NA","muae","Deuteronomium","24","10"
"Hebrew","MC>L/","NA","mual","Josua","19","26"
"Hebrew","MC>LH/","NA","muale","Psalmi","20","6"
"Hebrew","MC>RT/","NA","muatv","Exodus","7","28"
"Hebrew","MC>WN/","NA","muafn","Proverbia","26","26"
"Hebrew","MCBR/","NA","mubt","Samuel_II","22","5"
"Hebrew","MCBR=/","NA","mubt","Reges_II","19","3"
"Hebrew","MCBT/","NA","mubv","Threni","1","7"
"Hebrew","MCBYWT/","NA","mubrfv","Exodus","28","11"
"Hebrew","MCC[","qal","muu","Genesis","27","12"
"Hebrew","MCGH/","NA","muce","Genesis","43","12"
"Hebrew","MCH/","NA","mue","Deuteronomium","15","2"
"Hebrew","MCH=/","NA","mue","Exodus","2","10"
"Hebrew","MCH[","qal","mue","Exodus","2","10"
"Hebrew","MCJ/","NA","muj","Ezechiel","16","10"
"Hebrew","MCJX/","NA","mujh","Leviticus","4","3"
"Hebrew","MCJZB>L/","NA","mujgbal","Nehemia","3","4"
"Hebrew","MCK/","NA","muk","Psalmi","126","6"
"Hebrew","MCK=/","NA","muk","Genesis","10","2"
"Hebrew","MCKB/","NA","mukb","Genesis","49","4"
"Hebrew","MCKN/","NA","mukn","Exodus","25","9"
"Hebrew","MCKWT/","NA","mukfv","Iob","38","31"
"Hebrew","MCK[","qal","muk","Genesis","37","28"
"Hebrew","MCL/","NA","mul","Numeri","23","7"
"Hebrew","MCL=/","NA","mul","Sacharia","9","10"
"Hebrew","MCL==/","NA","mul","Iob","41","25"
"Hebrew","MCL===/","NA","mul","Chronica_I","6","59"
"Hebrew","MCL=[","qal","mul","Numeri","21","27"
"Hebrew","MCLM/","NA","mulm","Reges_II","22","3"
"Hebrew","MCLMJH/","NA","mulmje","Chronica_I","9","21"
"Hebrew","MCLMJHW/","NA","mulmjef","Chronica_I","26","1"
"Hebrew","MCLMJT/","NA","mulmjv","Chronica_I","9","12"
"Hebrew","MCLMT/","NA","mulmv","Reges_II","21","19"
"Hebrew","MCLMWT/","NA","mulmfv","Nehemia","11","13"
"Hebrew","MCLWX/","NA","mulfh","Jesaia","11","14"
"Hebrew","MCLX/","NA","mulh","Deuteronomium","12","7"
"Hebrew","MCLXT/","NA","mulhv","Psalmi","78","49"
"Hebrew","MCL[","qal","mul","Genesis","1","18"
"Hebrew","MCM</","NA","mump","Jesaia","11","3"
"Hebrew","MCM<=/","NA","mump","Genesis","25","14"
"Hebrew","MCM<T/","NA","mumpv","Samuel_I","22","14"
"Hebrew","MCMH/","NA","mume","Jesaia","15","6"
"Hebrew","MCMN/","NA","mumn","Jesaia","10","16"
"Hebrew","MCMNH/","NA","mumne","Chronica_I","12","11"
"Hebrew","MCMNJM/","NA","mumnjm","Nehemia","8","10"
"Hebrew","MCMR/","NA","mumt","Genesis","40","3"
"Hebrew","MCMRT/","NA","mumtv","Genesis","26","5"
"Hebrew","MCNH/","NA","mune","Genesis","41","43"
"Hebrew","MCPTJM/","NA","muqvjm","Genesis","49","14"
"Hebrew","MCPV/","NA","muqi","Genesis","18","19"
"Hebrew","MCPXH/","NA","muqhe","Genesis","8","19"
"Hebrew","MCPXT/","NA","muqhv","Genesis","24","38"
"Hebrew","MCQ/","NA","mus","Genesis","15","2"
"Hebrew","MCQ</","NA","musp","Ezechiel","34","18"
"Hebrew","MCQ=/","NA","mus","Jesaia","33","4"
"Hebrew","MCQD/","NA","musd","Exodus","25","33"
"Hebrew","MCQH/","NA","muse","Genesis","13","10"
"Hebrew","MCQL/","NA","musl","Genesis","24","22"
"Hebrew","MCQLT/","NA","muslv","Reges_II","21","13"
"Hebrew","MCQWL/","NA","musfl","Ezechiel","4","10"
"Hebrew","MCQWP/","NA","musfq","Exodus","12","7"
"Hebrew","MCR<J/","NA","mutpj","Chronica_I","2","53"
"Hebrew","MCRH/","NA","mute","Numeri","6","3"
"Hebrew","MCSH/","NA","muoe","Reges_II","21","14"
"Hebrew","MCTH/","NA","muve","Genesis","19","3"
"Hebrew","MCVR/","NA","muit","Iob","38","33"
"Hebrew","MCVWX/","NA","muifh","Ezechiel","47","10"
"Hebrew","MCVX/","NA","muih","Ezechiel","26","5"
"Hebrew","MCW>H/","NA","mufae","Zephania","1","15"
"Hebrew","MCW>WT/","NA","mufafv","Psalmi","73","18"
"Hebrew","MCWBB/","NA","mufbb","Chronica_I","4","34"
"Hebrew","MCWBH/","NA","mufbe","Jeremia","2","19"
"Hebrew","MCWGH/","NA","mufce","Iob","19","4"
"Hebrew","MCWV/","NA","mufi","Ezechiel","27","6"
"Hebrew","MCXH/","NA","muhe","Exodus","25","6"
"Hebrew","MCXH=/","NA","muhe","Exodus","29","29"
"Hebrew","MCXH==/","NA","muhe","Leviticus","7","35"
"Hebrew","MCXH===/","NA","muhe","Numeri","18","8"
"Hebrew","MCXJT/","NA","muhjv","Exodus","12","13"
"Hebrew","MCXR/","NA","muht","Psalmi","110","3"
"Hebrew","MCXT/","NA","muhv","Ezechiel","9","1"
"Hebrew","MCXT=/","NA","muhv","Jesaia","52","14"
"Hebrew","MCXT==/","NA","muhv","Leviticus","22","25"
"Hebrew","MCX[","qal","muh","Genesis","31","13"
"Hebrew","MD/","NA","md","Leviticus","6","3"
"Hebrew","MD</","NA","mdp","Ecclesiastes","10","20"
"Hebrew","MD<=/","NA","mdp","Proverbia","7","4"
"Hebrew","MD<T/","NA","mdpv","Ruth","3","2"
"Hebrew","MDBR/","NA","mdbt","Genesis","14","6"
"Hebrew","MDBR=/","NA","mdbt","Canticum","4","3"
"Hebrew","MDCH/","NA","mdue","Jesaia","21","10"
"Hebrew","MDD[","qal","mdd","Exodus","16","18"
"Hebrew","MDH/","NA","mde","Exodus","26","2"
"Hebrew","MDH=/","NA","mde","Nehemia","5","4"
"Hebrew","MDHBH/","NA","mdebe","Jesaia","14","4"
"Hebrew","MDJ/","NA","mdj","Genesis","10","2"
"Hebrew","MDJ=/","NA","mdj","Daniel","11","1"
"Hebrew","MDJN/","NA","mdjn","Proverbia","6","14"
"Hebrew","MDJN=/","NA","mdjn","Genesis","25","2"
"Hebrew","MDJN==/","NA","mdjn","Josua","15","61"
"Hebrew","MDJNH/","NA","mdjne","Reges_I","20","14"
"Hebrew","MDJNJ/","NA","mdjnj","Genesis","37","28"
"Hebrew","MDKH/","NA","mdke","Numeri","11","8"
"Hebrew","MDMN/","NA","mdmn","Jeremia","48","2"
"Hebrew","MDMNH/","NA","mdmne","Jesaia","25","10"
"Hebrew","MDMNH=/","NA","mdmne","Jesaia","10","31"
"Hebrew","MDMNH==/","NA","mdmne","Chronica_I","2","49"
"Hebrew","MDMNH===/","NA","mdmne","Josua","15","31"
"Hebrew","MDN/","NA","mdn","Genesis","25","2"
"Hebrew","MDNJ/","NA","mdnj","Genesis","37","36"
"Hebrew","MDQRH/","NA","mdste","Proverbia","12","18"
"Hebrew","MDRC/","NA","mdtu","Chronica_II","13","22"
"Hebrew","MDRGH/","NA","mdtce","Ezechiel","38","20"
"Hebrew","MDRK/","NA","mdtk","Deuteronomium","2","5"
"Hebrew","MDW/","NA","mdf","Samuel_II","10","4"
"Hebrew","MDW<","NA","mdfp","Genesis","26","27"
"Hebrew","MDWH/","NA","mdfe","Deuteronomium","7","15"
"Hebrew","MDWN/","NA","mdfn","Samuel_II","21","20"
"Hebrew","MDWN=/","NA","mdfn","Josua","11","1"
"Hebrew","MDWRH/","NA","mdfte","Jesaia","30","33"
"Hebrew","MDWXJM/","NA","mdfhjm","Threni","2","14"
"Hebrew","MDXH/","NA","mdhe","Proverbia","26","28"
"Hebrew","MDXPH/","NA","mdhqe","Psalmi","140","12"
"Hebrew","MF>/","NA","mua","Exodus","23","5"
"Hebrew","MF>=/","NA","mua","Reges_II","9","25"
"Hebrew","MF>==/","NA","mua","Chronica_II","19","7"
"Hebrew","MF>===/","NA","mua","Genesis","25","14"
"Hebrew","MF>H/","NA","muae","Jesaia","30","27"
"Hebrew","MF>T/","NA","muav","Genesis","43","34"
"Hebrew","MFGB/","NA","mucb","Samuel_II","22","3"
"Hebrew","MFKH/","NA","muke","Proverbia","15","19"
"Hebrew","MFKJL/","NA","mukjl","Psalmi","32","1"
"Hebrew","MFKJT/","NA","mukjv","Leviticus","26","1"
"Hebrew","MFKRT/","NA","muktv","Genesis","29","15"
"Hebrew","MFMRH/","NA","mumte","Jeremia","10","4"
"Hebrew","MFPX/","NA","muqh","Jesaia","5","7"
"Hebrew","MFRH/","NA","mute","Jesaia","9","5"
"Hebrew","MFRPWT/","NA","mutqfv","Jesaia","33","12"
"Hebrew","MFRPWT_MJM/","NA","mutqfv mjm","Josua","11","8"
"Hebrew","MFRQH/","NA","mutse","Genesis","36","36"
"Hebrew","MFRT/","NA","mutv","Samuel_II","13","9"
"Hebrew","MFVMH/","NA","muime","Hosea","9","7"
"Hebrew","MFWF/","NA","mufu","Jesaia","8","6"
"Hebrew","MFWKH/","NA","mufke","Jesaia","5","5"
"Hebrew","MFWR/","NA","muft","Jesaia","10","15"
"Hebrew","MFWRH/","NA","mufte","Leviticus","19","35"
"Hebrew","MFXQ/","NA","muhs","Habakuk","1","10"
"Hebrew","MG/","NA","mc","Jeremia","39","3"
"Hebrew","MG<RT/","NA","mcptv","Deuteronomium","28","20"
"Hebrew","MGB<H/","NA","mcbpe","Exodus","28","40"
"Hebrew","MGBJC/","NA","mcbju","Esra","2","30"
"Hebrew","MGBLT/","NA","mcblv","Exodus","28","14"
"Hebrew","MGD/","NA","mcd","Deuteronomium","33","13"
"Hebrew","MGDJ>L/","NA","mcdjal","Genesis","36","43"
"Hebrew","MGDL/","NA","mcdl","Genesis","11","4"
"Hebrew","MGDL=/","NA","mcdl","Exodus","14","2"
"Hebrew","MGDL_<DR/","NA","mcdl pdt","Genesis","35","21"
"Hebrew","MGDL_>L/","NA","mcdl al","Josua","19","38"
"Hebrew","MGDL_GD/","NA","mcdl cd","Josua","15","37"
"Hebrew","MGDL_SWNH/","NA","mcdl ofne","Ezechiel","29","10"
"Hebrew","MGDNWT/","NA","mcdnfv","Genesis","24","53"
"Hebrew","MGDW/","NA","mcdf","Josua","12","21"
"Hebrew","MGDWL/","NA","mcdfl","Samuel_II","22","51"
"Hebrew","MGL/","NA","mcl","Jeremia","50","16"
"Hebrew","MGLH/","NA","mcle","Jeremia","36","2"
"Hebrew","MGMT/","NA","mcmv","Habakuk","1","9"
"Hebrew","MGN/","NA","mcn","Genesis","15","1"
"Hebrew","MGN=/","NA","mcn","Hosea","4","18"
"Hebrew","MGNH/","NA","mcne","Threni","3","65"
"Hebrew","MGN[","piel","mcn","Genesis","14","20"
"Hebrew","MGPH/","NA","mcqe","Exodus","9","14"
"Hebrew","MGPJ<C/","NA","mcqjpu","Nehemia","10","21"
"Hebrew","MGR<WT/","NA","mctpfv","Reges_I","6","6"
"Hebrew","MGRC/","NA","mctu","Leviticus","25","34"
"Hebrew","MGRCWT/","NA","mctufv","Ezechiel","27","28"
"Hebrew","MGRH/","NA","mcte","Samuel_II","12","31"
"Hebrew","MGRPH/","NA","mctqe","Joel","1","17"
"Hebrew","MGRWN/","NA","mctfn","Samuel_I","14","2"
"Hebrew","MGR[","qal","mct","Ezechiel","21","17"
"Hebrew","MGWG/","NA","mcfc","Genesis","10","2"
"Hebrew","MGWR/","NA","mcft","Jesaia","31","9"
"Hebrew","MGWRH/","NA","mcfte","Jesaia","66","4"
"Hebrew","MGWRH=/","NA","mcfte","Haggai","2","19"
"Hebrew","MGWRJM/","NA","mcftjm","Genesis","17","8"
"Hebrew","MGWRM/","NA","mcftm","Psalmi","55","16"
"Hebrew","MGZRH/","NA","mcgte","Samuel_II","12","31"
"Hebrew","MH","NA","me","Genesis","2","19"
"Hebrew","MHH[","hit","mee","Genesis","19","16"
"Hebrew","MHJR/","NA","mejt","Jesaia","16","5"
"Hebrew","MHJVB>L/","NA","mejibal","Genesis","36","39"
"Hebrew","MHLK/","NA","melk","Ezechiel","42","4"
"Hebrew","MHLL/","NA","mell","Proverbia","27","21"
"Hebrew","MHLL>L/","NA","mellal","Genesis","5","12"
"Hebrew","MHLMWT/","NA","melmfv","Proverbia","18","6"
"Hebrew","MHL[","qal","mel","Jesaia","1","22"
"Hebrew","MHMRWT/","NA","memtfv","Psalmi","140","11"
"Hebrew","MHPKH/","NA","meqke","Deuteronomium","29","22"
"Hebrew","MHPKT/","NA","meqkv","Jeremia","20","2"
"Hebrew","MHR/","NA","met","Genesis","34","12"
"Hebrew","MHR=[","qal","met","Exodus","22","15"
"Hebrew","MHRH/","NA","mete","Numeri","17","11"
"Hebrew","MHRJ/","NA","metj","Samuel_II","23","28"
"Hebrew","MHR[","nif","met","Jesaia","32","4"
"Hebrew","MHR_CLL_XC_BZ/","NA","met ull hu bg","Jesaia","8","1"
"Hebrew","MHTLWT/","NA","mevlfv","Jesaia","30","10"
"Hebrew","MHWMH/","NA","mefme","Deuteronomium","7","23"
"Hebrew","MHWMN/","NA","mefmn","Esther","1","10"
"Hebrew","MJ","NA","mj","Genesis","3","11"
"Hebrew","MJC</","NA","mjup","Reges_II","3","4"
"Hebrew","MJC<=/","NA","mjup","Chronica_I","2","42"
"Hebrew","MJC>/","NA","mjua","Chronica_I","8","9"
"Hebrew","MJC>L/","NA","mjual","Exodus","6","22"
"Hebrew","MJCK/","NA","mjuk","Daniel","1","7"
"Hebrew","MJCRJM/","NA","mjutjm","Jesaia","26","7"
"Hebrew","MJCWR/","NA","mjuft","Deuteronomium","3","10"
"Hebrew","MJDB>/","NA","mjdba","Numeri","21","30"
"Hebrew","MJDD/","NA","mjdd","Numeri","11","26"
"Hebrew","MJK>/","NA","mjka","Samuel_II","9","12"
"Hebrew","MJK>L/","NA","mjkal","Numeri","13","13"
"Hebrew","MJKH/","NA","mjke","Judices","17","5"
"Hebrew","MJKJH/","NA","mjkje","Reges_II","22","12"
"Hebrew","MJKJHW/","NA","mjkjef","Judices","17","1"
"Hebrew","MJKJHW=/","NA","mjkjef","Chronica_II","13","2"
"Hebrew","MJKL/","NA","mjkl","Samuel_II","17","20"
"Hebrew","MJKL=/","NA","mjkl","Samuel_I","14","49"
"Hebrew","MJM/","NA","mjm","Genesis","1","2"
"Hebrew","MJMN/","NA","mjmn","Esra","10","25"
"Hebrew","MJN/","NA","mjn","Genesis","1","11"
"Hebrew","MJNQT/","NA","mjnsv","Genesis","24","59"
"Hebrew","MJP<T/","NA","mjqpv","Josua","13","18"
"Hebrew","MJTR/","NA","mjvt","Exodus","35","18"
"Hebrew","MJVB/","NA","mjib","Genesis","47","6"
"Hebrew","MJY/","NA","mjr","Proverbia","30","33"
"Hebrew","MJYJ>JM/","NA","mjrjajm","Chronica_II","32","21"
"Hebrew","MJ_ZHB/","NA","mj geb","Genesis","36","39"
"Hebrew","MK>WB/","NA","mkafb","Exodus","3","7"
"Hebrew","MKBNH/","NA","mkbne","Chronica_I","2","49"
"Hebrew","MKBNJ/","NA","mkbnj","Chronica_I","12","14"
"Hebrew","MKBR/","NA","mkbt","Exodus","27","4"
"Hebrew","MKBR=/","NA","mkbt","Reges_II","8","15"
"Hebrew","MKCLH/","NA","mkule","Jesaia","3","6"
"Hebrew","MKCWL/","NA","mkufl","Leviticus","19","14"
"Hebrew","MKH/","NA","mke","Leviticus","26","21"
"Hebrew","MKJ/","NA","mkj","Numeri","13","15"
"Hebrew","MKJR/","NA","mkjt","Genesis","50","23"
"Hebrew","MKJRJ/","NA","mkjtj","Numeri","26","29"
"Hebrew","MKK[","qal","mkk","Psalmi","106","43"
"Hebrew","MKL>/","NA","mkla","Habakuk","3","17"
"Hebrew","MKLL/","NA","mkll","Psalmi","50","2"
"Hebrew","MKLLJM/","NA","mklljm","Ezechiel","27","24"
"Hebrew","MKLT/","NA","mklv","Reges_I","5","25"
"Hebrew","MKLWL/","NA","mklfl","Ezechiel","23","12"
"Hebrew","MKLWT/","NA","mklfv","Chronica_II","4","21"
"Hebrew","MKMF/","NA","mkmu","Samuel_I","13","2"
"Hebrew","MKMNJM/","NA","mkmnjm","Daniel","11","43"
"Hebrew","MKMR/","NA","mkmt","Jesaia","51","20"
"Hebrew","MKMRT/","NA","mkmtv","Jesaia","19","8"
"Hebrew","MKMS/","NA","mkmo","Esra","2","27"
"Hebrew","MKMTT/","NA","mkmvv","Josua","16","6"
"Hebrew","MKNDBJ/","NA","mkndbj","Esra","10","40"
"Hebrew","MKNH/","NA","mkne","Nehemia","11","28"
"Hebrew","MKNS/","NA","mkno","Exodus","28","42"
"Hebrew","MKPLH/","NA","mkqle","Genesis","23","9"
"Hebrew","MKR/","NA","mkt","Numeri","20","19"
"Hebrew","MKR=/","NA","mkt","Reges_II","12","6"
"Hebrew","MKRH/","NA","mkte","Genesis","49","5"
"Hebrew","MKRH=/","NA","mkte","Zephania","2","9"
"Hebrew","MKRJ/","NA","mktj","Chronica_I","9","8"
"Hebrew","MKRTJ/","NA","mktvj","Chronica_I","11","36"
"Hebrew","MKR[","qal","mkt","Genesis","25","31"
"Hebrew","MKS/","NA","mko","Numeri","31","28"
"Hebrew","MKSH/","NA","mkoe","Genesis","8","13"
"Hebrew","MKSH=/","NA","mkoe","Leviticus","9","19"
"Hebrew","MKSH==/","NA","mkoe","Exodus","12","4"
"Hebrew","MKTB/","NA","mkvb","Exodus","32","16"
"Hebrew","MKTC/","NA","mkvu","Judices","15","19"
"Hebrew","MKTH/","NA","mkve","Jesaia","30","14"
"Hebrew","MKTM/","NA","mkvm","Psalmi","16","1"
"Hebrew","MKWH/","NA","mkfe","Leviticus","13","24"
"Hebrew","MKWN/","NA","mkfn","Exodus","15","17"
"Hebrew","MKWNH/","NA","mkfne","Reges_I","7","27"
"Hebrew","MKWRH/","NA","mkfte","Ezechiel","16","3"
"Hebrew","ML>/","NA","mla","Genesis","23","9"
"Hebrew","ML>=/","NA","mla","Genesis","48","19"
"Hebrew","ML>H/","NA","mlae","Exodus","22","28"
"Hebrew","ML>H=/","NA","mlae","Exodus","28","17"
"Hebrew","ML>JM/","NA","mlajm","Exodus","25","7"
"Hebrew","ML>K/","NA","mlak","Genesis","16","7"
"Hebrew","ML>KH/","NA","mlake","Genesis","33","14"
"Hebrew","ML>KJ/","NA","mlakj","Maleachi","1","1"
"Hebrew","ML>KT/","NA","mlakv","Genesis","2","2"
"Hebrew","ML>KWT/","NA","mlakfv","Haggai","1","13"
"Hebrew","ML>T/","NA","mlav","Canticum","5","12"
"Hebrew","ML>[","qal","mla","Genesis","1","22"
"Hebrew","MLBN/","NA","mlbn","Samuel_II","12","31"
"Hebrew","MLBWC/","NA","mlbfu","Reges_I","10","5"
"Hebrew","MLH/","NA","mle","Samuel_II","23","2"
"Hebrew","MLJKW/","NA","mljkf","Nehemia","12","14"
"Hebrew","MLJLH/","NA","mljle","Deuteronomium","23","26"
"Hebrew","MLJYH/","NA","mljre","Habakuk","2","6"
"Hebrew","MLK/","NA","mlk","Genesis","14","1"
"Hebrew","MLK=/","NA","mlk","Leviticus","18","21"
"Hebrew","MLK==/","NA","mlk","Chronica_I","8","35"
"Hebrew","MLK=[","nif","mlk","Nehemia","5","7"
"Hebrew","MLKDT/","NA","mlkdv","Iob","18","10"
"Hebrew","MLKH/","NA","mlke","Reges_I","10","1"
"Hebrew","MLKH=/","NA","mlke","Genesis","11","29"
"Hebrew","MLKJ>L/","NA","mlkjal","Genesis","46","17"
"Hebrew","MLKJ>LJ/","NA","mlkjalj","Numeri","26","45"
"Hebrew","MLKJH/","NA","mlkje","Jeremia","21","1"
"Hebrew","MLKJHW/","NA","mlkjef","Jeremia","38","6"
"Hebrew","MLKJRM/","NA","mlkjtm","Chronica_I","3","18"
"Hebrew","MLKJ_CW</","NA","mlkj ufp","Samuel_I","14","49"
"Hebrew","MLKJ_YDQ/","NA","mlkj rds","Genesis","14","18"
"Hebrew","MLKM/","NA","mlkm","Reges_I","11","5"
"Hebrew","MLKM=/","NA","mlkm","Jeremia","49","1"
"Hebrew","MLKT/","NA","mlkv","Jeremia","7","18"
"Hebrew","MLKT=/","NA","mlkv","Chronica_I","7","18"
"Hebrew","MLKWT/","NA","mlkfv","Numeri","24","7"
"Hebrew","MLK[","qal","mlk","Genesis","36","31"
"Hebrew","MLL==[","qal","mll","Psalmi","37","2"
"Hebrew","MLL=[","qal","mll","Josua","5","2"
"Hebrew","MLLJ/","NA","mllj","Nehemia","12","36"
"Hebrew","MLL[","qal","mll","Proverbia","6","13"
"Hebrew","MLMD/","NA","mlmd","Judices","3","31"
"Hebrew","MLQWC/","NA","mlsfu","Deuteronomium","11","14"
"Hebrew","MLQWX/","NA","mlsfh","Numeri","31","11"
"Hebrew","MLQXJM/","NA","mlshjm","Exodus","25","38"
"Hebrew","MLQXJM=/","NA","mlshjm","Psalmi","22","16"
"Hebrew","MLQ[","qal","mls","Leviticus","1","15"
"Hebrew","MLTXH/","NA","mlvhe","Reges_II","10","22"
"Hebrew","MLV/","NA","mli","Jeremia","43","9"
"Hebrew","MLV=[","hit","mli","Iob","19","20"
"Hebrew","MLVJH/","NA","mlije","Nehemia","3","7"
"Hebrew","MLV[","nif","mli","Genesis","19","17"
"Hebrew","MLW>/","NA","mlfa","Judices","9","6"
"Hebrew","MLWK/","NA","mlfk","Esra","10","29"
"Hebrew","MLWKH/","NA","mlfke","Samuel_I","10","16"
"Hebrew","MLWN/","NA","mlfn","Genesis","42","27"
"Hebrew","MLWNH/","NA","mlfne","Jesaia","1","8"
"Hebrew","MLWTJ/","NA","mlfvj","Chronica_I","25","4"
"Hebrew","MLWX/","NA","mlfh","Iob","30","4"
"Hebrew","MLX/","NA","mlh","Genesis","14","3"
"Hebrew","MLX=/","NA","mlh","Ezechiel","27","9"
"Hebrew","MLX==/","NA","mlh","Jeremia","38","11"
"Hebrew","MLX=[","nif","mlh","Jesaia","51","6"
"Hebrew","MLXH/","NA","mlhe","Jeremia","17","6"
"Hebrew","MLXMH/","NA","mlhme","Genesis","14","2"
"Hebrew","MLXMT/","NA","mlhmv","Deuteronomium","1","41"
"Hebrew","MLX[","qal","mlh","Leviticus","2","13"
"Hebrew","MLYR/","NA","mlrt","Daniel","1","11"
"Hebrew","MLY[","nif","mlr","Psalmi","119","103"
"Hebrew","MMCL/","NA","mmul","Daniel","11","3"
"Hebrew","MMCLH/","NA","mmule","Micha","4","8"
"Hebrew","MMCLT/","NA","mmulv","Genesis","1","16"
"Hebrew","MMCQ/","NA","mmus","Zephania","2","9"
"Hebrew","MMCX/","NA","mmuh","Ezechiel","28","14"
"Hebrew","MMD/","NA","mmd","Iob","38","5"
"Hebrew","MMGRH/","NA","mmcte","Joel","1","17"
"Hebrew","MMKR/","NA","mmkt","Leviticus","25","14"
"Hebrew","MMKRT/","NA","mmktv","Leviticus","25","42"
"Hebrew","MMLKH/","NA","mmlke","Deuteronomium","3","21"
"Hebrew","MMLKT/","NA","mmlkv","Genesis","10","10"
"Hebrew","MMLKWT/","NA","mmlkfv","Josua","13","12"
"Hebrew","MMR/","NA","mmt","Proverbia","17","25"
"Hebrew","MMR>/","NA","mmta","Genesis","14","13"
"Hebrew","MMR>=/","NA","mmta","Genesis","13","18"
"Hebrew","MMRWRJM/","NA","mmtftjm","Iob","9","18"
"Hebrew","MMSK/","NA","mmok","Jesaia","65","11"
"Hebrew","MMTQJM/","NA","mmvsjm","Canticum","5","16"
"Hebrew","MMWKN/","NA","mmfkn","Esther","1","14"
"Hebrew","MMWTJM/","NA","mmfvjm","Jeremia","16","4"
"Hebrew","MMZR/","NA","mmgt","Deuteronomium","23","3"
"Hebrew","MN","NA","mn","Genesis","1","7"
"Hebrew","MN/","NA","mn","Exodus","16","31"
"Hebrew","MN<L/","NA","mnpl","Deuteronomium","33","25"
"Hebrew","MN<MJM/","NA","mnpmjm","Psalmi","141","4"
"Hebrew","MN<N<JM/","NA","mnpnpjm","Samuel_II","6","5"
"Hebrew","MN<WL/","NA","mnpfl","Canticum","5","5"
"Hebrew","MN<[","qal","mnp","Genesis","30","2"
"Hebrew","MN=","NA","mn","Exodus","16","15"
"Hebrew","MN=/","NA","mn","Psalmi","150","4"
"Hebrew","MN==/","NA","mn","Psalmi","68","24"
"Hebrew","MNCH/","NA","mnue","Genesis","41","51"
"Hebrew","MNCJ/","NA","mnuj","Deuteronomium","4","43"
"Hebrew","MNGJNH/","NA","mncjne","Threni","3","63"
"Hebrew","MNH/","NA","mne","Exodus","29","26"
"Hebrew","MNH=/","NA","mne","Reges_I","10","17"
"Hebrew","MNH==/","NA","mne","Genesis","31","7"
"Hebrew","MNHG/","NA","mnec","Reges_II","9","20"
"Hebrew","MNHRH/","NA","mnete","Judices","6","2"
"Hebrew","MNH[","qal","mne","Genesis","13","16"
"Hebrew","MNJ/","NA","mnj","Jesaia","65","11"
"Hebrew","MNJ=/","NA","mnj","Jeremia","51","27"
"Hebrew","MNJMJN/","NA","mnjmjn","Nehemia","12","17"
"Hebrew","MNJT/","NA","mnjv","Judices","11","33"
"Hebrew","MNLM/","NA","mnlm","Iob","15","29"
"Hebrew","MNQJT/","NA","mnsjv","Exodus","25","29"
"Hebrew","MNT/","NA","mnv","Jeremia","13","25"
"Hebrew","MNWD/","NA","mnfd","Psalmi","44","15"
"Hebrew","MNWN/","NA","mnfn","Proverbia","29","21"
"Hebrew","MNWR/","NA","mnft","Samuel_I","17","7"
"Hebrew","MNWRH/","NA","mnfte","Exodus","25","31"
"Hebrew","MNWS/","NA","mnfo","Samuel_II","22","3"
"Hebrew","MNWSH/","NA","mnfoe","Leviticus","26","36"
"Hebrew","MNWX/","NA","mnfh","Genesis","8","9"
"Hebrew","MNWX=/","NA","mnfh","Judices","13","2"
"Hebrew","MNWXH/","NA","mnfhe","Genesis","49","15"
"Hebrew","MNXH/","NA","mnhe","Genesis","4","3"
"Hebrew","MNXM/","NA","mnhm","Reges_II","15","14"
"Hebrew","MNXT/","NA","mnhv","Genesis","36","23"
"Hebrew","MNXT=/","NA","mnhv","Chronica_I","8","6"
"Hebrew","MNXTJ/","NA","mnhvj","Chronica_I","2","54"
"Hebrew","MNZRJM/","NA","mngtjm","Nahum","3","17"
"Hebrew","MP/","NA","mq","Hosea","9","6"
"Hebrew","MP<L/","NA","mqpl","Psalmi","46","9"
"Hebrew","MPF<H/","NA","mqupe","Chronica_I","19","4"
"Hebrew","MPG</","NA","mqcp","Iob","7","20"
"Hebrew","MPJBCT/","NA","mqjbuv","Samuel_II","4","4"
"Hebrew","MPJM/","NA","mqjm","Genesis","46","21"
"Hebrew","MPJY/","NA","mqjr","Proverbia","25","18"
"Hebrew","MPL/","NA","mql","Amos","8","6"
"Hebrew","MPL>WT/","NA","mqlafv","Iob","37","16"
"Hebrew","MPLF/","NA","mqlu","Iob","37","16"
"Hebrew","MPLGH/","NA","mqlce","Chronica_II","35","12"
"Hebrew","MPLH/","NA","mqle","Jesaia","17","1"
"Hebrew","MPLT/","NA","mqlv","Judices","14","8"
"Hebrew","MPLV/","NA","mqli","Psalmi","55","9"
"Hebrew","MPLYT/","NA","mqlrv","Reges_I","15","13"
"Hebrew","MPQD/","NA","mqsd","Samuel_II","24","9"
"Hebrew","MPRF/","NA","mqtu","Ezechiel","27","7"
"Hebrew","MPRQT/","NA","mqtsv","Samuel_I","4","18"
"Hebrew","MPRY/","NA","mqtr","Judices","5","17"
"Hebrew","MPTN/","NA","mqvn","Samuel_I","5","4"
"Hebrew","MPTX/","NA","mqvh","Judices","3","25"
"Hebrew","MPTX=/","NA","mqvh","Proverbia","8","6"
"Hebrew","MPX/","NA","mqh","Jeremia","6","29"
"Hebrew","MPX=/","NA","mqh","Iob","11","20"
"Hebrew","MPY/","NA","mqr","Ezechiel","9","2"
"Hebrew","MPY=/","NA","mqr","Jeremia","51","20"
"Hebrew","MQ/","NA","ms","Jesaia","3","24"
"Hebrew","MQBT/","NA","msbv","Judices","4","21"
"Hebrew","MQBT=/","NA","msbv","Jesaia","51","1"
"Hebrew","MQCH/","NA","msue","Exodus","25","18"
"Hebrew","MQCH=/","NA","msue","Jesaia","1","8"
"Hebrew","MQCH==/","NA","msue","Jesaia","3","24"
"Hebrew","MQDC/","NA","msdu","Exodus","15","17"
"Hebrew","MQDH/","NA","msde","Josua","10","10"
"Hebrew","MQHL/","NA","msel","Psalmi","26","12"
"Hebrew","MQHLT/","NA","mselv","Numeri","33","25"
"Hebrew","MQL/","NA","msl","Genesis","30","37"
"Hebrew","MQL<T/","NA","mslpv","Reges_I","6","18"
"Hebrew","MQLV/","NA","msli","Numeri","35","6"
"Hebrew","MQLWT/","NA","mslfv","Chronica_I","8","32"
"Hebrew","MQNH/","NA","msne","Genesis","4","20"
"Hebrew","MQNH=/","NA","msne","Genesis","17","12"
"Hebrew","MQNJHW/","NA","msnjef","Chronica_I","15","18"
"Hebrew","MQQ[","nif","mss","Leviticus","26","39"
"Hebrew","MQR>/","NA","msta","Exodus","12","16"
"Hebrew","MQRH/","NA","mste","Samuel_I","6","9"
"Hebrew","MQRH=/","NA","mste","Ecclesiastes","10","18"
"Hebrew","MQRH==/","NA","mste","Judices","3","20"
"Hebrew","MQSM/","NA","msom","Ezechiel","12","24"
"Hebrew","MQVR/","NA","msit","Exodus","30","1"
"Hebrew","MQVRT/","NA","msitv","Ezechiel","8","11"
"Hebrew","MQVRWT/","NA","msitfv","Chronica_II","30","14"
"Hebrew","MQWH/","NA","msfe","Genesis","1","10"
"Hebrew","MQWH=/","NA","msfe","Jesaia","22","11"
"Hebrew","MQWH==/","NA","msfe","Jeremia","14","8"
"Hebrew","MQWM/","NA","msfm","Genesis","1","9"
"Hebrew","MQWR/","NA","msft","Leviticus","12","7"
"Hebrew","MQX/","NA","msh","Chronica_II","19","7"
"Hebrew","MQXWT/","NA","mshfv","Nehemia","10","32"
"Hebrew","MQY/","NA","msr","Reges_I","4","9"
"Hebrew","MQY<H/","NA","msrpe","Jesaia","44","13"
"Hebrew","MQYW</","NA","msrfp","Exodus","26","24"
"Hebrew","MR/","NA","mt","Genesis","27","34"
"Hebrew","MR</","NA","mtp","Genesis","26","26"
"Hebrew","MR<=/","NA","mtp","Daniel","11","27"
"Hebrew","MR<H/","NA","mtpe","Genesis","47","4"
"Hebrew","MR<JT/","NA","mtpjv","Jesaia","49","9"
"Hebrew","MR<LH/","NA","mtple","Josua","19","11"
"Hebrew","MR=/","NA","mt","Jesaia","40","15"
"Hebrew","MR==/","NA","mt","Exodus","30","23"
"Hebrew","MR>=[","qal","mta","Zephania","3","1"
"Hebrew","MRCH=/","NA","mtue","Josua","15","44"
"Hebrew","MR>CWT/","NA","mtaufv","Genesis","28","11"
"Hebrew","MR>H/","NA","mtae","Genesis","2","9"
"Hebrew","MR>H=/","NA","mtae","Genesis","46","2"
"Hebrew","MR>H==/","NA","mtae","Leviticus","1","16"
"Hebrew","MR>[","hif","mta","Iob","39","18"
"Hebrew","MRB/","NA","mtb","Samuel_I","14","49"
"Hebrew","MRBDJM/","NA","mtbdjm","Proverbia","7","16"
"Hebrew","MRBH/","NA","mtbe","Jesaia","9","6"
"Hebrew","MRBH=/","NA","mtbe","Ezechiel","23","32"
"Hebrew","MRBJT/","NA","mtbjv","Leviticus","25","37"
"Hebrew","MRBQ/","NA","mtbs","Samuel_I","28","24"
"Hebrew","MRBY/","NA","mtbr","Ezechiel","25","5"
"Hebrew","MRBY=/","NA","mtbr","Zephania","2","15"
"Hebrew","MRC<T/","NA","mtupv","Chronica_II","24","7"
"Hebrew","MRCH/","NA","mtue","Chronica_I","2","42"
"Hebrew","MRD/","NA","mtd","Josua","22","22"
"Hebrew","MRD=/","NA","mtd","Chronica_I","4","17"
"Hebrew","MRDK/","NA","mtdk","Jeremia","50","2"
"Hebrew","MRDKJ/","NA","mtdkj","Esther","2","5"
"Hebrew","MRDK_BL>DN/","NA","mtdk bladn","Jesaia","39","1"
"Hebrew","MRDP/","NA","mtdq","Jesaia","14","6"
"Hebrew","MRDWT/","NA","mtdfv","Samuel_I","20","30"
"Hebrew","MRD[","qal","mtd","Genesis","14","4"
"Hebrew","MRG<H/","NA","mtcpe","Jesaia","28","12"
"Hebrew","MRGLT/","NA","mtclv","Ruth","3","4"
"Hebrew","MRGMH/","NA","mtcme","Proverbia","26","8"
"Hebrew","MRGW</","NA","mtcfp","Jeremia","6","16"
"Hebrew","MRH/","NA","mte","Genesis","26","35"
"Hebrew","MRH=/","NA","mte","Exodus","15","23"
"Hebrew","MRH[","qal","mte","Numeri","20","10"
"Hebrew","MRJ/","NA","mtj","Numeri","17","25"
"Hebrew","MRJ>/","NA","mtja","Samuel_II","6","13"
"Hebrew","MRJBH/","NA","mtjbe","Genesis","13","8"
"Hebrew","MRJBH=/","NA","mtjbe","Exodus","17","7"
"Hebrew","MRJB_B<L/","NA","mtjb bpl","Chronica_I","8","34"
"Hebrew","MRJH/","NA","mtje","Genesis","22","2"
"Hebrew","MRJH=/","NA","mtje","Nehemia","12","12"
"Hebrew","MRJM/","NA","mtjm","Exodus","15","20"
"Hebrew","MRJRJ/","NA","mtjtj","Deuteronomium","32","24"
"Hebrew","MRJRWT/","NA","mtjtfv","Ezechiel","21","11"
"Hebrew","MRJWT/","NA","mtjfv","Esra","7","3"
"Hebrew","MRK/","NA","mtk","Leviticus","26","36"
"Hebrew","MRKB/","NA","mtkb","Leviticus","15","9"
"Hebrew","MRKBH/","NA","mtkbe","Exodus","14","25"
"Hebrew","MRKBT/","NA","mtkbv","Genesis","41","43"
"Hebrew","MRKLT/","NA","mtklv","Ezechiel","27","24"
"Hebrew","MRMH/","NA","mtme","Genesis","27","35"
"Hebrew","MRMH=/","NA","mtme","Chronica_I","8","10"
"Hebrew","MRMS/","NA","mtmo","Jesaia","5","5"
"Hebrew","MRMWT/","NA","mtmfv","Esra","8","33"
"Hebrew","MRNTJ/","NA","mtnvj","Nehemia","3","7"
"Hebrew","MRP>/","NA","mtqa","Jeremia","8","15"
"Hebrew","MRP>=/","NA","mtqa","Proverbia","14","30"
"Hebrew","MRPF/","NA","mtqu","Ezechiel","34","19"
"Hebrew","MRQ/","NA","mts","Judices","6","19"
"Hebrew","MRQX/","NA","mtsh","Canticum","5","13"
"Hebrew","MRQXH/","NA","mtshe","Ezechiel","24","10"
"Hebrew","MRQXT/","NA","mtshv","Exodus","30","25"
"Hebrew","MRQ[","qal","mts","Jeremia","46","4"
"Hebrew","MRR/","NA","mtt","Exodus","12","8"
"Hebrew","MRRH/","NA","mtte","Iob","16","13"
"Hebrew","MRRH=/","NA","mtte","Iob","20","14"
"Hebrew","MRRJ/","NA","mttj","Numeri","26","57"
"Hebrew","MRRJ=/","NA","mttj","Genesis","46","11"
"Hebrew","MRR[","qal","mtt","Samuel_I","30","6"
"Hebrew","MRS/","NA","mto","Esther","1","14"
"Hebrew","MRSN>/","NA","mtona","Esther","1","14"
"Hebrew","MRTJM/","NA","mtvjm","Jeremia","50","21"
"Hebrew","MRV[","qal","mti","Jesaia","50","6"
"Hebrew","MRWD/","NA","mtfd","Jesaia","58","7"
"Hebrew","MRWM/","NA","mtfm","Judices","5","18"
"Hebrew","MRWM=/","NA","mtfm","Josua","11","5"
"Hebrew","MRWQJM/","NA","mtfsjm","Esther","2","12"
"Hebrew","MRWT/","NA","mtfv","Micha","1","12"
"Hebrew","MRWX/","NA","mtfh","Leviticus","21","20"
"Hebrew","MRWY/","NA","mtfr","Ecclesiastes","9","11"
"Hebrew","MRWYH/","NA","mtfre","Samuel_II","18","27"
"Hebrew","MRWYH=/","NA","mtfre","Jeremia","22","17"
"Hebrew","MRWZ/","NA","mtfg","Judices","5","23"
"Hebrew","MRXB/","NA","mthb","Samuel_II","22","20"
"Hebrew","MRXCT/","NA","mthuv","Leviticus","2","7"
"Hebrew","MRXQ/","NA","mths","Samuel_II","15","17"
"Hebrew","MRX[","qal","mth","Jesaia","38","21"
"Hebrew","MRY</","NA","mtrp","Exodus","21","6"
"Hebrew","MRYPT/","NA","mtrqv","Reges_II","16","17"
"Hebrew","MRY[","nif","mtr","Reges_I","2","8"
"Hebrew","MRZX/","NA","mtgh","Jeremia","16","5"
"Hebrew","MS/","NA","mo","Genesis","49","15"
"Hebrew","MS</","NA","mop","Genesis","13","3"
"Hebrew","MS<=/","NA","mop","Reges_I","6","7"
"Hebrew","MS<D/","NA","mopd","Reges_I","10","12"
"Hebrew","MS=/","NA","mo","Iob","6","14"
"Hebrew","MSB/","NA","mob","Reges_I","6","29"
"Hebrew","MSBH/","NA","mobe","Iob","37","12"
"Hebrew","MSD/","NA","mod","Reges_I","7","9"
"Hebrew","MSDRWN/","NA","modtfn","Judices","3","23"
"Hebrew","MSGR/","NA","moct","Jesaia","24","22"
"Hebrew","MSGR=/","NA","moct","Reges_II","24","14"
"Hebrew","MSGRT/","NA","moctv","Exodus","25","25"
"Hebrew","MSH/","NA","moe","Deuteronomium","4","34"
"Hebrew","MSH=/","NA","moe","Deuteronomium","16","10"
"Hebrew","MSH==/","NA","moe","Iob","9","23"
"Hebrew","MSH===/","NA","moe","Exodus","17","7"
"Hebrew","MSH[","hif","moe","Josua","14","8"
"Hebrew","MSK/","NA","mok","Exodus","26","36"
"Hebrew","MSK=/","NA","mok","Psalmi","75","9"
"Hebrew","MSKH/","NA","moke","Exodus","32","4"
"Hebrew","MSKH=/","NA","moke","Jesaia","25","7"
"Hebrew","MSKH==/","NA","moke","Jesaia","30","1"
"Hebrew","MSKH===/","NA","moke","Ezechiel","28","13"
"Hebrew","MSKN/","NA","mokn","Ecclesiastes","4","13"
"Hebrew","MSKNT/","NA","moknv","Deuteronomium","8","9"
"Hebrew","MSKNWT/","NA","moknfv","Exodus","1","11"
"Hebrew","MSKT/","NA","mokv","Judices","16","13"
"Hebrew","MSK[","qal","mok","Jesaia","5","22"
"Hebrew","MSLH/","NA","mole","Numeri","20","19"
"Hebrew","MSLWL/","NA","molfl","Jesaia","35","8"
"Hebrew","MSMR/","NA","momt","Jesaia","41","7"
"Hebrew","MSPD/","NA","moqd","Genesis","50","10"
"Hebrew","MSPR/","NA","moqt","Genesis","34","30"
"Hebrew","MSPR=/","NA","moqt","Esra","2","2"
"Hebrew","MSPRT/","NA","moqtv","Nehemia","7","7"
"Hebrew","MSPW>/","NA","moqfa","Genesis","24","25"
"Hebrew","MSPXT/","NA","moqhv","Leviticus","13","6"
"Hebrew","MSPXWT/","NA","moqhfv","Ezechiel","13","18"
"Hebrew","MSRT/","NA","motv","Ezechiel","20","37"
"Hebrew","MSRWT/","NA","motfv","Numeri","33","30"
"Hebrew","MSR[","qal","mot","Numeri","31","16"
"Hebrew","MSS[","qal","moo","Jesaia","10","18"
"Hebrew","MSTR/","NA","movt","Jesaia","45","3"
"Hebrew","MSTR=/","NA","movt","Jesaia","53","3"
"Hebrew","MSTWR/","NA","movft","Jesaia","4","6"
"Hebrew","MSWH/","NA","mofe","Exodus","34","33"
"Hebrew","MSWKH/","NA","mofke","Micha","7","4"
"Hebrew","MSX","NA","moh","Reges_II","11","6"
"Hebrew","MSXR/","NA","moht","Reges_I","10","15"
"Hebrew","MT/","NA","mv","Genesis","34","30"
"Hebrew","MTBN/","NA","mvbn","Jesaia","25","10"
"Hebrew","MTG/","NA","mvc","Samuel_II","8","1"
"Hebrew","MTJ","NA","mvj","Genesis","30","30"
"Hebrew","MTKNT/","NA","mvknv","Exodus","5","8"
"Hebrew","MTL<WT/","NA","mvlpfv","Joel","1","6"
"Hebrew","MTM/","NA","mvm","Judices","20","48"
"Hebrew","MTN/","NA","mvn","Genesis","34","12"
"Hebrew","MTN=/","NA","mvn","Reges_II","11","18"
"Hebrew","MTNH/","NA","mvne","Genesis","25","6"
"Hebrew","MTNH=/","NA","mvne","Numeri","21","18"
"Hebrew","MTNJ/","NA","mvnj","Chronica_I","11","43"
"Hebrew","MTNJ=/","NA","mvnj","Esra","10","33"
"Hebrew","MTNJH/","NA","mvnje","Reges_II","24","17"
"Hebrew","MTNJHW/","NA","mvnjef","Chronica_I","25","4"
"Hebrew","MTNJM/","NA","mvnjm","Genesis","37","34"
"Hebrew","MTQ/","NA","mvs","Judices","9","11"
"Hebrew","MTQ=/","NA","mvs","Proverbia","16","21"
"Hebrew","MTQH/","NA","mvse","Numeri","33","28"
"Hebrew","MTQ[","qal","mvs","Exodus","15","25"
"Hebrew","MTRDT/","NA","mvtdv","Esra","1","8"
"Hebrew","MTT/","NA","mvv","Reges_I","13","7"
"Hebrew","MTTH/","NA","mvve","Esra","10","33"
"Hebrew","MTTJH/","NA","mvvje","Esra","10","43"
"Hebrew","MTTJHW/","NA","mvvjef","Chronica_I","15","18"
"Hebrew","MTWC>L/","NA","mvfual","Genesis","4","18"
"Hebrew","MTWCLX/","NA","mvfulh","Genesis","5","21"
"Hebrew","MTWQ/","NA","mvfs","Judices","14","14"
"Hebrew","MTX[","qal","mvh","Jesaia","40","22"
"Hebrew","MV</","NA","mip","Jesaia","60","21"
"Hebrew","MV<MJM/","NA","mipmjm","Genesis","27","4"
"Hebrew","MV>V>/","NA","miaia","Jesaia","14","23"
"Hebrew","MVBX/","NA","mibh","Jesaia","14","21"
"Hebrew","MVH/","NA","mie","Genesis","38","18"
"Hebrew","MVH=/","NA","mie","Genesis","47","31"
"Hebrew","MVH==/","NA","mie","Exodus","26","24"
"Hebrew","MVH===/","NA","mie","Jesaia","8","8"
"Hebrew","MVH====/","NA","mie","Ezechiel","9","9"
"Hebrew","MVH=====/","NA","mie","Proverbia","24","11"
"Hebrew","MVJL/","NA","mijl","Iob","40","18"
"Hebrew","MVMN/","NA","mimn","Genesis","43","23"
"Hebrew","MVPXT/","NA","miqhv","Jesaia","3","22"
"Hebrew","MVR/","NA","mit","Exodus","9","33"
"Hebrew","MVRD/","NA","mitd","Genesis","36","39"
"Hebrew","MVRH/","NA","mite","Samuel_I","20","20"
"Hebrew","MVRJ/","NA","mitj","Samuel_I","10","21"
"Hebrew","MVR[","nif","mit","Amos","4","7"
"Hebrew","MVWH/","NA","mife","Exodus","35","25"
"Hebrew","MW<D/","NA","mfpd","Genesis","1","14"
"Hebrew","MW<D=/","NA","mfpd","Jesaia","14","31"
"Hebrew","MW<DH/","NA","mfpde","Josua","20","9"
"Hebrew","MW<DJH/","NA","mfpdje","Nehemia","12","17"
"Hebrew","MW<P/","NA","mfpq","Jesaia","8","23"
"Hebrew","MW<QH/","NA","mfpse","Psalmi","66","11"
"Hebrew","MW<YH/","NA","mfpre","Jeremia","7","24"
"Hebrew","MW>B/","NA","mfab","Genesis","19","37"
"Hebrew","MW>BJ/","NA","mfabj","Deuteronomium","2","11"
"Hebrew","MWB>/","NA","mfba","Samuel_II","3","25"
"Hebrew","MWC<WT/","NA","mfupfv","Psalmi","68","21"
"Hebrew","MWC=[","qal","mfu","Genesis","27","21"
"Hebrew","MWCB/","NA","mfub","Genesis","10","30"
"Hebrew","MWCJ/","NA","mfuj","Numeri","3","33"
"Hebrew","MWCJ=/","NA","mfuj","Exodus","6","19"
"Hebrew","MWC[","qal","mfu","Exodus","13","22"
"Hebrew","MWG[","qal","mfc","Jesaia","64","6"
"Hebrew","MWK[","qal","mfk","Leviticus","25","25"
"Hebrew","MWL/","NA","mfl","Exodus","18","19"
"Hebrew","MWL=[","hif","mfl","Psalmi","118","10"
"Hebrew","MWLDH/","NA","mflde","Josua","15","26"
"Hebrew","MWLDT/","NA","mfldv","Genesis","11","28"
"Hebrew","MWLH/","NA","mfle","Exodus","4","26"
"Hebrew","MWLJD/","NA","mfljd","Chronica_I","2","29"
"Hebrew","MWL[","qal","mfl","Genesis","17","23"
"Hebrew","MWPT/","NA","mfqv","Exodus","4","21"
"Hebrew","MWQC/","NA","mfsu","Exodus","10","7"
"Hebrew","MWQD/","NA","mfsd","Jesaia","33","14"
"Hebrew","MWQDH/","NA","mfsde","Leviticus","6","2"
"Hebrew","MWQ[","hif","mfs","Psalmi","73","8"
"Hebrew","MWR>/","NA","mfta","Genesis","9","2"
"Hebrew","MWRC/","NA","mftu","Jesaia","14","23"
"Hebrew","MWRC=/","NA","mftu","Iob","17","11"
"Hebrew","MWRCH/","NA","mftue","Exodus","6","8"
"Hebrew","MWRCTJ/","NA","mftuvj","Jeremia","26","18"
"Hebrew","MWRCT_GT/","NA","mftuv cv","Micha","1","14"
"Hebrew","MWRD/","NA","mftd","Josua","7","5"
"Hebrew","MWRG/","NA","mftc","Samuel_II","24","22"
"Hebrew","MWRH/","NA","mfte","Jesaia","30","20"
"Hebrew","MWRH=/","NA","mfte","Judices","13","5"
"Hebrew","MWRH==/","NA","mfte","Psalmi","9","21"
"Hebrew","MWRH===/","NA","mfte","Genesis","12","6"
"Hebrew","MWR[","nif","mft","Jeremia","48","11"
"Hebrew","MWSB/","NA","mfob","Ezechiel","41","7"
"Hebrew","MWSD/","NA","mfod","Deuteronomium","32","22"
"Hebrew","MWSD=/","NA","mfod","Jesaia","28","16"
"Hebrew","MWSDH/","NA","mfode","Jesaia","30","32"
"Hebrew","MWSDH=/","NA","mfode","Samuel_II","22","8"
"Hebrew","MWSK/","NA","mfok","Reges_II","16","18"
"Hebrew","MWSR/","NA","mfot","Deuteronomium","11","2"
"Hebrew","MWSR=/","NA","mfot","Jesaia","28","22"
"Hebrew","MWSRH/","NA","mfote","Jeremia","2","20"
"Hebrew","MWSRH=/","NA","mfote","Deuteronomium","10","6"
"Hebrew","MWT/","NA","mfv","Genesis","21","16"
"Hebrew","MWTR/","NA","mfvt","Proverbia","14","23"
"Hebrew","MWT[","qal","mfv","Genesis","2","17"
"Hebrew","MWV/","NA","mfi","Numeri","4","10"
"Hebrew","MWVH/","NA","mfie","Leviticus","26","13"
"Hebrew","MWV[","qal","mfi","Leviticus","25","35"
"Hebrew","MWY>/","NA","mfra","Numeri","30","13"
"Hebrew","MWY>=/","NA","mfra","Chronica_I","2","46"
"Hebrew","MWY>H/","NA","mfrae","Reges_II","10","27"
"Hebrew","MWYQ/","NA","mfrs","Reges_I","7","37"
"Hebrew","MWYQ=/","NA","mfrs","Jesaia","8","23"
"Hebrew","MWYQT/","NA","mfrsv","Sacharia","4","2"
"Hebrew","MX/","NA","mh","Jesaia","5","17"
"Hebrew","MX=/","NA","mh","Iob","21","24"
"Hebrew","MX>[","qal","mha","Jesaia","55","12"
"Hebrew","MXB>/","NA","mhba","Jesaia","32","2"
"Hebrew","MXB>JM/","NA","mhbajm","Samuel_I","23","23"
"Hebrew","MXBRT/","NA","mhbtv","Exodus","26","4"
"Hebrew","MXBRWT/","NA","mhbtfv","Chronica_I","22","3"
"Hebrew","MXBT/","NA","mhbv","Leviticus","2","5"
"Hebrew","MXCBH/","NA","mhube","Genesis","6","5"
"Hebrew","MXCBT/","NA","mhubv","Exodus","35","33"
"Hebrew","MXCK/","NA","mhuk","Jesaia","29","15"
"Hebrew","MXFP/","NA","mhuq","Genesis","30","37"
"Hebrew","MXGRT/","NA","mhctv","Jesaia","3","24"
"Hebrew","MXH==[","pual","mhe","Jesaia","25","6"
"Hebrew","MXH=[","qal","mhe","Numeri","34","11"
"Hebrew","MXH[","qal","mhe","Genesis","6","7"
"Hebrew","MXJ/","NA","mhj","Ezechiel","26","9"
"Hebrew","MXJD>/","NA","mhjda","Esra","2","52"
"Hebrew","MXJH/","NA","mhje","Genesis","45","5"
"Hebrew","MXJJ>L/","NA","mhjjal","Genesis","4","18"
"Hebrew","MXJR/","NA","mhjt","Deuteronomium","23","19"
"Hebrew","MXJR=/","NA","mhjt","Chronica_I","4","11"
"Hebrew","MXLH/","NA","mhle","Exodus","15","26"
"Hebrew","MXLH=/","NA","mhle","Exodus","15","20"
"Hebrew","MXLH==/","NA","mhle","Jesaia","2","19"
"Hebrew","MXLH===/","NA","mhle","Proverbia","18","14"
"Hebrew","MXLH====/","NA","mhle","Numeri","26","33"
"Hebrew","MXLJ/","NA","mhlj","Numeri","3","33"
"Hebrew","MXLJ=/","NA","mhlj","Exodus","6","19"
"Hebrew","MXLP/","NA","mhlq","Esra","1","9"
"Hebrew","MXLPWT/","NA","mhlqfv","Judices","16","13"
"Hebrew","MXLQT/","NA","mhlsv","Josua","11","23"
"Hebrew","MXLT/","NA","mhlv","Psalmi","53","1"
"Hebrew","MXLT=/","NA","mhlv","Genesis","28","9"
"Hebrew","MXLTJ/","NA","mhlvj","Samuel_I","18","19"
"Hebrew","MXLWJM/","NA","mhlfjm","Chronica_II","24","25"
"Hebrew","MXLWN/","NA","mhlfn","Ruth","1","2"
"Hebrew","MXLYWT/","NA","mhlrfv","Jesaia","3","22"
"Hebrew","MXM>T/","NA","mhmav","Psalmi","55","22"
"Hebrew","MXMD/","NA","mhmd","Reges_I","20","6"
"Hebrew","MXMD=/","NA","mhmd","Threni","1","7"
"Hebrew","MXML/","NA","mhml","Ezechiel","24","21"
"Hebrew","MXNH/","NA","mhne","Genesis","32","3"
"Hebrew","MXNH_DN/","NA","mhne dn","Judices","13","25"
"Hebrew","MXNJM/","NA","mhnjm","Genesis","32","3"
"Hebrew","MXNQ/","NA","mhns","Iob","7","15"
"Hebrew","MXQR/","NA","mhst","Psalmi","95","4"
"Hebrew","MXQ[","qal","mhs","Judices","5","26"
"Hebrew","MXR/","NA","mht","Genesis","30","33"
"Hebrew","MXRCH/","NA","mhtue","Samuel_I","13","20"
"Hebrew","MXRCT/","NA","mhtuv","Samuel_I","13","20"
"Hebrew","MXRT/","NA","mhtv","Genesis","19","34"
"Hebrew","MXSH/","NA","mhoe","Jesaia","4","6"
"Hebrew","MXSJH/","NA","mhoje","Jeremia","32","12"
"Hebrew","MXSWM/","NA","mhofm","Psalmi","39","2"
"Hebrew","MXSWR/","NA","mhoft","Deuteronomium","15","8"
"Hebrew","MXT/","NA","mhv","Chronica_I","6","20"
"Hebrew","MXTH/","NA","mhve","Exodus","25","38"
"Hebrew","MXTH=/","NA","mhve","Jesaia","54","14"
"Hebrew","MXTRT/","NA","mhvtv","Exodus","22","1"
"Hebrew","MXWGH/","NA","mhfce","Jesaia","44","13"
"Hebrew","MXWJ>L/","NA","mhfjal","Genesis","4","18"
"Hebrew","MXWJM/","NA","mhfjm","Chronica_I","11","46"
"Hebrew","MXWL/","NA","mhfl","Jeremia","31","4"
"Hebrew","MXWL=/","NA","mhfl","Reges_I","5","11"
"Hebrew","MXWZ/","NA","mhfg","Psalmi","107","30"
"Hebrew","MXY/","NA","mhr","Jesaia","30","26"
"Hebrew","MXYB/","NA","mhrb","Reges_II","12","13"
"Hebrew","MXYH/","NA","mhre","Numeri","31","36"
"Hebrew","MXYJT/","NA","mhrjv","Exodus","30","13"
"Hebrew","MXY[","qal","mhr","Numeri","24","8"
"Hebrew","MXZH/","NA","mhge","Genesis","15","1"
"Hebrew","MXZH=/","NA","mhge","Reges_I","7","4"
"Hebrew","MXZJ>WT/","NA","mhgjafv","Chronica_I","25","4"
"Hebrew","MY/","NA","mr","Jesaia","17","13"
"Hebrew","MY</","NA","mrp","Jesaia","28","20"
"Hebrew","MY<D/","NA","mrpd","Psalmi","37","23"
"Hebrew","MY<R/","NA","mrpt","Genesis","19","20"
"Hebrew","MY=/","NA","mr","Jesaia","16","4"
"Hebrew","MY>[","qal","mra","Genesis","2","20"
"Hebrew","MYB/","NA","mrb","Josua","4","3"
"Hebrew","MYB=/","NA","mrb","Judices","9","6"
"Hebrew","MYBH/","NA","mrbe","Genesis","28","18"
"Hebrew","MYBH=/","NA","mrbe","Samuel_I","14","12"
"Hebrew","MYBJH/","NA","mrbje","Chronica_I","11","47"
"Hebrew","MYBT/","NA","mrbv","Genesis","35","14"
"Hebrew","MYD/","NA","mrd","Judices","6","2"
"Hebrew","MYH/","NA","mre","Genesis","19","3"
"Hebrew","MYH=/","NA","mre","Jesaia","58","4"
"Hebrew","MYH==/","NA","mre","Josua","18","26"
"Hebrew","MYHLWT/","NA","mrelfv","Jeremia","8","16"
"Hebrew","MYH[","qal","mre","Judices","6","38"
"Hebrew","MYLH/","NA","mrle","Sacharia","14","20"
"Hebrew","MYLTJM/","NA","mrlvjm","Esra","3","10"
"Hebrew","MYNPT/","NA","mrnqv","Exodus","28","4"
"Hebrew","MYPH/","NA","mrqe","Josua","13","26"
"Hebrew","MYPH=/","NA","mrqe","Genesis","31","49"
"Hebrew","MYPH==/","NA","mrqe","Josua","11","8"
"Hebrew","MYPWNJM/","NA","mrqfnjm","Obadia","1","6"
"Hebrew","MYR/","NA","mrt","Psalmi","116","3"
"Hebrew","MYRJ/","NA","mrtj","Genesis","12","12"
"Hebrew","MYRJM/","NA","mrtjm","Genesis","10","6"
"Hebrew","MYRP/","NA","mrtq","Proverbia","17","3"
"Hebrew","MYT/","NA","mrv","Jesaia","41","12"
"Hebrew","MYWD/","NA","mrfd","Iob","19","6"
"Hebrew","MYWDH/","NA","mrfde","Samuel_I","22","4"
"Hebrew","MYWDH=/","NA","mrfde","Ezechiel","12","13"
"Hebrew","MYWDH==/","NA","mrfde","Jesaia","29","7"
"Hebrew","MYWH/","NA","mrfe","Genesis","26","5"
"Hebrew","MYWLH/","NA","mrfle","Exodus","15","5"
"Hebrew","MYWQ/","NA","mrfs","Deuteronomium","28","53"
"Hebrew","MYWQ=/","NA","mrfs","Samuel_I","2","8"
"Hebrew","MYWQH/","NA","mrfse","Zephania","1","15"
"Hebrew","MYWR/","NA","mrft","Deuteronomium","28","53"
"Hebrew","MYWR=/","NA","mrft","Deuteronomium","20","19"
"Hebrew","MYWR==/","NA","mrft","Reges_II","19","24"
"Hebrew","MYWRH/","NA","mrfte","Jesaia","29","3"
"Hebrew","MYX/","NA","mrh","Exodus","28","38"
"Hebrew","MYXH/","NA","mrhe","Samuel_I","17","6"
"Hebrew","MYY[","qal","mrr","Jesaia","66","11"
"Hebrew","MZ<R/","NA","mgpt","Jesaia","10","25"
"Hebrew","MZBX/","NA","mgbh","Genesis","8","20"
"Hebrew","MZG/","NA","mgc","Canticum","7","3"
"Hebrew","MZH/","NA","mge","Deuteronomium","32","24"
"Hebrew","MZH=/","NA","mge","Genesis","36","13"
"Hebrew","MZJX/","NA","mgjh","Iob","12","21"
"Hebrew","MZLG/","NA","mglc","Exodus","27","3"
"Hebrew","MZLG=/","NA","mglc","Samuel_I","2","13"
"Hebrew","MZLWT/","NA","mglfv","Reges_II","23","5"
"Hebrew","MZMH/","NA","mgme","Jeremia","11","15"
"Hebrew","MZMRH/","NA","mgmte","Jesaia","2","4"
"Hebrew","MZMRT/","NA","mgmtv","Reges_I","7","50"
"Hebrew","MZMWR/","NA","mgmft","Psalmi","3","1"
"Hebrew","MZR</","NA","mgtp","Jesaia","19","7"
"Hebrew","MZRH/","NA","mgte","Jesaia","30","24"
"Hebrew","MZRJM/","NA","mgtjm","Iob","37","9"
"Hebrew","MZRQ/","NA","mgts","Exodus","27","3"
"Hebrew","MZRWT/","NA","mgtfv","Iob","38","32"
"Hebrew","MZRX/","NA","mgth","Exodus","27","13"
"Hebrew","MZW/","NA","mgf","Psalmi","144","13"
"Hebrew","MZWN/","NA","mgfn","Genesis","45","23"
"Hebrew","MZWR/","NA","mgft","Jeremia","30","13"
"Hebrew","MZWR=/","NA","mgft","Obadia","1","7"
"Hebrew","MZWZH/","NA","mgfge","Exodus","12","7"
"Hebrew","MZX/","NA","mgh","Psalmi","109","19"
"Hebrew","MZX=/","NA","mgh","Jesaia","23","10"
"Hebrew","N<H/","NA","npe","Numeri","26","33"
"Hebrew","N<H=/","NA","npe","Josua","19","13"
"Hebrew","N<J>L/","NA","npjal","Josua","19","27"
"Hebrew","N<JM/","NA","npjm","Samuel_II","1","23"
"Hebrew","N<L/","NA","npl","Genesis","14","23"
"Hebrew","N<L[","qal","npl","Judices","3","23"
"Hebrew","N<M/","NA","npm","Sacharia","11","7"
"Hebrew","N<M=/","NA","npm","Chronica_I","4","15"
"Hebrew","N<MH/","NA","npme","Genesis","4","22"
"Hebrew","N<MH=/","NA","npme","Josua","15","41"
"Hebrew","N<MJ/","NA","npmj","Numeri","26","40"
"Hebrew","N<MJ=/","NA","npmj","Ruth","1","2"
"Hebrew","N<MN/","NA","npmn","Genesis","46","21"
"Hebrew","N<MNJM/","NA","npmnjm","Jesaia","17","10"
"Hebrew","N<MTJ/","NA","npmvj","Iob","2","11"
"Hebrew","N<M[","qal","npm","Genesis","49","15"
"Hebrew","N<R/","NA","npt","Genesis","14","24"
"Hebrew","N<R=/","NA","npt","Psalmi","88","16"
"Hebrew","N<R=[","qal","npt","Jeremia","51","38"
"Hebrew","N<RH/","NA","npte","Genesis","24","14"
"Hebrew","N<RH=/","NA","npte","Chronica_I","4","5"
"Hebrew","N<RH==/","NA","npte","Josua","16","7"
"Hebrew","N<RJ/","NA","nptj","Chronica_I","11","37"
"Hebrew","N<RJH/","NA","nptje","Chronica_I","3","22"
"Hebrew","N<RN/","NA","nptn","Chronica_I","7","28"
"Hebrew","N<RT/","NA","nptv","Judices","16","9"
"Hebrew","N<RWT/","NA","nptfv","Jeremia","32","30"
"Hebrew","N<R[","qal","npt","Jesaia","33","9"
"Hebrew","N<WRJM/","NA","npftjm","Genesis","8","21"
"Hebrew","N<YWY/","NA","nprfr","Jesaia","7","19"
"Hebrew","N>","NA","na","Genesis","12","11"
"Hebrew","N>/","NA","na","Exodus","12","9"
"Hebrew","N>=/","NA","na","Jeremia","46","25"
"Hebrew","N>D/","NA","nad","Josua","9","4"
"Hebrew","N>H[","piel","nae","Jesaia","52","7"
"Hebrew","N>M/","NA","nam","Genesis","22","16"
"Hebrew","N>M[","qal","nam","Jeremia","23","31"
"Hebrew","N>PJM/","NA","naqjm","Jeremia","13","27"
"Hebrew","N>PWPJM/","NA","naqfqjm","Hosea","2","4"
"Hebrew","N>P[","qal","naq","Exodus","20","14"
"Hebrew","N>QH/","NA","nase","Exodus","2","24"
"Hebrew","N>Q[","qal","nas","Ezechiel","30","24"
"Hebrew","N>R[","piel","nat","Psalmi","89","40"
"Hebrew","N>WH/","NA","nafe","Psalmi","33","1"
"Hebrew","N>YH/","NA","nare","Reges_II","19","3"
"Hebrew","N>YH=/","NA","nare","Ezechiel","35","12"
"Hebrew","N>Y[","qal","nar","Deuteronomium","32","19"
"Hebrew","N>_>MWN/","NA","na amfn","Nahum","3","8"
"Hebrew","NB/","NA","nb","Samuel_I","21","2"
"Hebrew","NB<[","qal","nbp","Proverbia","18","4"
"Hebrew","NB>[","nif","nba","Samuel_I","10","11"
"Hebrew","NBB[","qal","nbb","Exodus","27","8"
"Hebrew","NBCN/","NA","nbun","Josua","15","62"
"Hebrew","NBJ>/","NA","nbja","Genesis","20","7"
"Hebrew","NBJ>H/","NA","nbjae","Exodus","15","20"
"Hebrew","NBJWT/","NA","nbjfv","Genesis","25","13"
"Hebrew","NBK/","NA","nbk","Iob","38","16"
"Hebrew","NBL/","NA","nbl","Deuteronomium","32","6"
"Hebrew","NBL=/","NA","nbl","Samuel_I","1","24"
"Hebrew","NBL==/","NA","nbl","Samuel_I","10","5"
"Hebrew","NBL===/","NA","nbl","Samuel_I","25","3"
"Hebrew","NBLH/","NA","nble","Genesis","34","7"
"Hebrew","NBLH=/","NA","nble","Leviticus","5","2"
"Hebrew","NBLV/","NA","nbli","Nehemia","11","34"
"Hebrew","NBLWT/","NA","nblfv","Hosea","2","12"
"Hebrew","NBL[","qal","nbl","Exodus","18","18"
"Hebrew","NBV/","NA","nbi","Reges_I","11","26"
"Hebrew","NBV[","piel","nbi","Jesaia","5","30"
"Hebrew","NBW/","NA","nbf","Jesaia","46","1"
"Hebrew","NBW=/","NA","nbf","Numeri","32","3"
"Hebrew","NBW>H/","NA","nbfae","Nehemia","6","12"
"Hebrew","NBWCZBN/","NA","nbfugbn","Jeremia","39","13"
"Hebrew","NBWKDN>YR/","NA","nbfkdnart","Reges_II","24","1"
"Hebrew","NBWKDR>YR/","NA","nbfkdtart","Jeremia","21","2"
"Hebrew","NBWT/","NA","nbfv","Reges_I","21","1"
"Hebrew","NBWZR>DN/","NA","nbfgtadn","Reges_II","25","8"
"Hebrew","NBX/","NA","nbh","Numeri","32","42"
"Hebrew","NBX=/","NA","nbh","Numeri","32","42"
"Hebrew","NBXZ/","NA","nbhg","Reges_II","17","31"
"Hebrew","NBX[","qal","nbh","Jesaia","56","10"
"Hebrew","NC>=[","nif","nua","Jesaia","19","13"
"Hebrew","NC>[","qal","nua","Exodus","22","24"
"Hebrew","NCB[","qal","nub","Jesaia","40","7"
"Hebrew","NCH/","NA","nue","Genesis","32","33"
"Hebrew","NCH[","qal","nue","Threni","3","17"
"Hebrew","NCJ/","NA","nuj","Reges_II","4","7"
"Hebrew","NCJH/","NA","nuje","Psalmi","88","13"
"Hebrew","NCJQH/","NA","nujse","Proverbia","27","6"
"Hebrew","NCK/","NA","nuk","Exodus","22","24"
"Hebrew","NCK=[","qal","nuk","Deuteronomium","23","20"
"Hebrew","NCKH/","NA","nuke","Nehemia","3","30"
"Hebrew","NCK[","qal","nuk","Genesis","49","17"
"Hebrew","NCL[","qal","nul","Exodus","3","5"
"Hebrew","NCMH/","NA","nume","Genesis","2","7"
"Hebrew","NCM[","qal","num","Jesaia","42","14"
"Hebrew","NCP/","NA","nuq","Samuel_I","30","17"
"Hebrew","NCP[","qal","nuq","Exodus","15","10"
"Hebrew","NCQ/","NA","nus","Reges_I","10","25"
"Hebrew","NCQ=[","qal","nus","Psalmi","78","9"
"Hebrew","NCQ[","qal","nus","Genesis","27","26"
"Hebrew","NCR/","NA","nut","Exodus","19","4"
"Hebrew","NCTWN/","NA","nuvfn","Esra","4","7"
"Hebrew","NCT[","qal","nuv","Jesaia","41","17"
"Hebrew","ND/","NA","nd","Exodus","15","8"
"Hebrew","NDB/","NA","ndb","Exodus","6","23"
"Hebrew","NDBH/","NA","ndbe","Exodus","35","29"
"Hebrew","NDBJH/","NA","ndbje","Chronica_I","3","18"
"Hebrew","NDB[","qal","ndb","Exodus","25","2"
"Hebrew","NDDJM/","NA","nddjm","Iob","7","4"
"Hebrew","NDD[","qal","ndd","Genesis","31","40"
"Hebrew","NDH/","NA","nde","Leviticus","12","2"
"Hebrew","NDH=/","NA","nde","Ezechiel","16","33"
"Hebrew","NDH[","piel","nde","Jesaia","66","5"
"Hebrew","NDJ/","NA","ndj","Psalmi","56","9"
"Hebrew","NDJB/","NA","ndjb","Exodus","35","5"
"Hebrew","NDJBH/","NA","ndjbe","Jesaia","32","8"
"Hebrew","NDN/","NA","ndn","Chronica_I","21","27"
"Hebrew","NDN=/","NA","ndn","Ezechiel","16","33"
"Hebrew","NDP[","qal","ndq","Psalmi","1","4"
"Hebrew","NDR/","NA","ndt","Genesis","28","20"
"Hebrew","NDR[","qal","ndt","Genesis","28","20"
"Hebrew","NDX[","qal","ndh","Deuteronomium","20","19"
"Hebrew","NF>[","qal","nua","Genesis","4","13"
"Hebrew","NFG[","hif","nuc","Genesis","31","25"
"Hebrew","NFJ>/","NA","nuja","Genesis","17","20"
"Hebrew","NFJ>=/","NA","nuja","Jeremia","10","13"
"Hebrew","NFQ[","nif","nus","Psalmi","78","21"
"Hebrew","NFW>H/","NA","nufae","Jesaia","46","1"
"Hebrew","NG</","NA","ncp","Genesis","12","17"
"Hebrew","NG<[","qal","ncp","Genesis","3","3"
"Hebrew","NGB/","NA","ncb","Genesis","12","9"
"Hebrew","NGC[","qal","ncu","Genesis","18","23"
"Hebrew","NGD/","NA","ncd","Genesis","2","18"
"Hebrew","NGD[","hif","ncd","Genesis","3","11"
"Hebrew","NGF[","qal","ncu","Exodus","3","7"
"Hebrew","NGH/","NA","nce","Samuel_II","22","13"
"Hebrew","NGH=/","NA","nce","Chronica_I","3","7"
"Hebrew","NGHH/","NA","ncee","Jesaia","59","9"
"Hebrew","NGH[","qal","nce","Jesaia","9","1"
"Hebrew","NGJD/","NA","ncjd","Samuel_I","9","16"
"Hebrew","NGJNH/","NA","ncjne","Jesaia","38","20"
"Hebrew","NGN[","qal","ncn","Psalmi","68","26"
"Hebrew","NGP/","NA","ncq","Exodus","12","13"
"Hebrew","NGP[","qal","ncq","Exodus","7","27"
"Hebrew","NGR[","nif","nct","Samuel_II","14","14"
"Hebrew","NGX/","NA","nch","Exodus","21","29"
"Hebrew","NGX[","qal","nch","Exodus","21","28"
"Hebrew","NH/","NA","ne","Ezechiel","7","11"
"Hebrew","NHG=[","piel","nec","Nahum","2","8"
"Hebrew","NHG[","qal","nec","Genesis","31","18"
"Hebrew","NHH=[","nif","nee","Samuel_I","7","2"
"Hebrew","NHH[","qal","nee","Ezechiel","32","18"
"Hebrew","NHJ/","NA","nej","Jeremia","9","9"
"Hebrew","NHLL/","NA","nell","Jesaia","7","19"
"Hebrew","NHLL=/","NA","nell","Josua","19","15"
"Hebrew","NHLL==/","NA","nell","Judices","1","30"
"Hebrew","NHL[","piel","nel","Genesis","47","17"
"Hebrew","NHM/","NA","nem","Proverbia","19","12"
"Hebrew","NHMH/","NA","neme","Jesaia","5","30"
"Hebrew","NHM[","qal","nem","Jesaia","5","29"
"Hebrew","NHQ[","qal","nes","Iob","6","5"
"Hebrew","NHR/","NA","net","Genesis","2","10"
"Hebrew","NHR=[","qal","net","Jesaia","60","5"
"Hebrew","NHRH/","NA","nete","Iob","3","4"
"Hebrew","NHR[","qal","net","Jesaia","2","2"
"Hebrew","NJ/","NA","nj","Ezechiel","27","32"
"Hebrew","NJB/","NA","njb","Jesaia","57","19"
"Hebrew","NJBJ/","NA","njbj","Nehemia","10","20"
"Hebrew","NJD/","NA","njd","Iob","16","5"
"Hebrew","NJN/","NA","njn","Genesis","21","23"
"Hebrew","NJNWH/","NA","njnfe","Genesis","10","11"
"Hebrew","NJN[","nif","njn","Psalmi","72","17"
"Hebrew","NJR/","NA","njt","Jeremia","4","3"
"Hebrew","NJR=/","NA","njt","Reges_I","11","36"
"Hebrew","NJR[","qal","njt","Jeremia","4","3"
"Hebrew","NJSN/","NA","njon","Esther","3","7"
"Hebrew","NJWT/","NA","njfv","Samuel_I","19","18"
"Hebrew","NJXX/","NA","njhh","Genesis","8","21"
"Hebrew","NJYWY/","NA","njrfr","Jesaia","1","31"
"Hebrew","NK>/","NA","nka","Jesaia","16","7"
"Hebrew","NK>=/","NA","nka","Proverbia","15","13"
"Hebrew","NK>T/","NA","nkav","Genesis","37","25"
"Hebrew","NK>[","nif","nka","Iob","30","8"
"Hebrew","NKD/","NA","nkd","Genesis","21","23"
"Hebrew","NKH/","NA","nke","Samuel_II","4","4"
"Hebrew","NKH=/","NA","nke","Psalmi","35","15"
"Hebrew","NKH==/","NA","nke","Reges_II","23","29"
"Hebrew","NKH[","nif","nke","Samuel_II","11","15"
"Hebrew","NKL/","NA","nkl","Numeri","25","18"
"Hebrew","NKL[","qal","nkl","Maleachi","1","14"
"Hebrew","NKR/","NA","nkt","Genesis","17","12"
"Hebrew","NKR=/","NA","nkt","Obadia","1","12"
"Hebrew","NKRJ/","NA","nktj","Genesis","31","15"
"Hebrew","NKR[","nif","nkt","Proverbia","26","24"
"Hebrew","NKSJM/","NA","nkojm","Josua","22","8"
"Hebrew","NKT/","NA","nkv","Reges_II","20","13"
"Hebrew","NKW/","NA","nkf","Jeremia","46","2"
"Hebrew","NKWN/","NA","nkfn","Iob","12","5"
"Hebrew","NKWN=/","NA","nkfn","Samuel_II","6","6"
"Hebrew","NKX/","NA","nkh","Samuel_II","15","3"
"Hebrew","NKX=/","NA","nkh","Genesis","25","21"
"Hebrew","NLH[","hif","nle","Jesaia","33","1"
"Hebrew","NMCJ/","NA","nmuj","Reges_I","19","16"
"Hebrew","NMLH/","NA","nmle","Proverbia","6","6"
"Hebrew","NMR/","NA","nmt","Jesaia","11","6"
"Hebrew","NMRD/","NA","nmtd","Genesis","10","8"
"Hebrew","NMRH/","NA","nmte","Numeri","32","3"
"Hebrew","NMRJM/","NA","nmtjm","Jesaia","15","6"
"Hebrew","NMW>L/","NA","nmfal","Numeri","26","9"
"Hebrew","NMW>LJ/","NA","nmfalj","Numeri","26","12"
"Hebrew","NP/","NA","nq","Jesaia","19","13"
"Hebrew","NPC/","NA","nqu","Genesis","1","20"
"Hebrew","NPC[","nif","nqu","Exodus","23","12"
"Hebrew","NPG/","NA","nqc","Exodus","6","21"
"Hebrew","NPH/","NA","nqe","Josua","11","2"
"Hebrew","NPJC/","NA","nqju","Genesis","25","15"
"Hebrew","NPJLJM/","NA","nqjljm","Genesis","6","4"
"Hebrew","NPK/","NA","nqk","Exodus","28","18"
"Hebrew","NPL/","NA","nql","Psalmi","58","9"
"Hebrew","NPL[","qal","nql","Genesis","4","5"
"Hebrew","NPT/","NA","nqv","Psalmi","19","11"
"Hebrew","NPT=/","NA","nqv","Josua","17","11"
"Hebrew","NPTLJ/","NA","nqvlj","Genesis","30","8"
"Hebrew","NPTWLJM/","NA","nqvfljm","Genesis","30","8"
"Hebrew","NPTWX/","NA","nqvfh","Josua","15","9"
"Hebrew","NPTXJM/","NA","nqvhjm","Genesis","10","13"
"Hebrew","NPWCSJM/","NA","nqfuojm","Nehemia","7","52"
"Hebrew","NPWSJM/","NA","nqfojm","Esra","2","50"
"Hebrew","NPX/","NA","nqh","Numeri","21","30"
"Hebrew","NPX[","qal","nqh","Genesis","2","7"
"Hebrew","NPY/","NA","nqr","Jesaia","30","30"
"Hebrew","NPY[","qal","nqr","Genesis","9","19"
"Hebrew","NQ<[","qal","nsp","Ezechiel","23","17"
"Hebrew","NQB/","NA","nsb","Ezechiel","28","13"
"Hebrew","NQBH/","NA","nsbe","Genesis","1","27"
"Hebrew","NQB[","qal","nsb","Genesis","30","28"
"Hebrew","NQC[","qal","nsu","Psalmi","9","17"
"Hebrew","NQD/","NA","nsd","Reges_II","3","4"
"Hebrew","NQD=/","NA","nsd","Genesis","30","32"
"Hebrew","NQDH/","NA","nsde","Canticum","1","11"
"Hebrew","NQDJM/","NA","nsdjm","Josua","9","5"
"Hebrew","NQH[","qal","nse","Jeremia","49","12"
"Hebrew","NQJ/","NA","nsj","Genesis","24","41"
"Hebrew","NQJQ/","NA","nsjs","Jesaia","7","19"
"Hebrew","NQJWN/","NA","nsjfn","Genesis","20","5"
"Hebrew","NQM/","NA","nsm","Leviticus","26","25"
"Hebrew","NQMH/","NA","nsme","Numeri","31","2"
"Hebrew","NQM[","qal","nsm","Exodus","21","20"
"Hebrew","NQP/","NA","nsq","Jesaia","17","6"
"Hebrew","NQP=[","piel","nsq","Jesaia","10","34"
"Hebrew","NQPH/","NA","nsqe","Jesaia","3","24"
"Hebrew","NQP[","qal","nsq","Jesaia","29","1"
"Hebrew","NQRH/","NA","nste","Exodus","33","22"
"Hebrew","NQR[","qal","nst","Samuel_I","11","2"
"Hebrew","NQWD>/","NA","nsfda","Esra","2","48"
"Hebrew","NR/","NA","nt","Exodus","25","37"
"Hebrew","NR=/","NA","nt","Samuel_I","14","50"
"Hebrew","NRD/","NA","ntd","Canticum","1","12"
"Hebrew","NRGL/","NA","ntcl","Reges_II","17","30"
"Hebrew","NRGL_FR_>YR/","NA","ntcl ut art","Jeremia","39","3"
"Hebrew","NRJH/","NA","ntje","Jeremia","32","12"
"Hebrew","NRJHW/","NA","ntjef","Jeremia","36","14"
"Hebrew","NS/","NA","no","Exodus","17","15"
"Hebrew","NS<[","qal","nop","Genesis","11","2"
"Hebrew","NSBH/","NA","nobe","Chronica_II","10","15"
"Hebrew","NSH[","piel","noe","Genesis","22","1"
"Hebrew","NSJK/","NA","nojk","Josua","13","21"
"Hebrew","NSJK=/","NA","nojk","Deuteronomium","32","38"
"Hebrew","NSK/","NA","nok","Genesis","35","14"
"Hebrew","NSK=/","NA","nok","Jesaia","41","29"
"Hebrew","NSK=[","qal","nok","Jesaia","25","7"
"Hebrew","NSK[","qal","nok","Exodus","30","9"
"Hebrew","NSRK/","NA","notk","Reges_II","19","37"
"Hebrew","NSS[","qal","noo","Jesaia","10","18"
"Hebrew","NSX[","qal","noh","Psalmi","52","7"
"Hebrew","NT<[","nif","nvp","Iob","4","10"
"Hebrew","NTC[","qal","nvu","Deuteronomium","29","27"
"Hebrew","NTJB/","NA","nvjb","Psalmi","78","50"
"Hebrew","NTJBH/","NA","nvjbe","Judices","5","6"
"Hebrew","NTJN/","NA","nvjn","Esra","2","43"
"Hebrew","NTK[","qal","nvk","Jeremia","42","18"
"Hebrew","NTN/","NA","nvn","Samuel_II","5","14"
"Hebrew","NTN>L/","NA","nvnal","Numeri","1","8"
"Hebrew","NTNJH/","NA","nvnje","Reges_II","25","23"
"Hebrew","NTNJHW/","NA","nvnjef","Jeremia","36","14"
"Hebrew","NTN[","qal","nvn","Genesis","1","17"
"Hebrew","NTN_MLK/","NA","nvn mlk","Reges_II","23","11"
"Hebrew","NTQ/","NA","nvs","Leviticus","13","30"
"Hebrew","NTQ[","qal","nvs","Leviticus","22","24"
"Hebrew","NTR/","NA","nvt","Jeremia","2","22"
"Hebrew","NTR[","qal","nvt","Iob","37","1"
"Hebrew","NTS[","qal","nvo","Iob","30","13"
"Hebrew","NTX/","NA","nvh","Exodus","29","17"
"Hebrew","NTX[","piel","nvh","Exodus","29","17"
"Hebrew","NTY[","qal","nvr","Exodus","34","13"
"Hebrew","NV</","NA","nip","Jesaia","5","7"
"Hebrew","NV<JM/","NA","nipjm","Chronica_I","4","23"
"Hebrew","NV<[","qal","nip","Genesis","2","8"
"Hebrew","NVC[","qal","niu","Genesis","31","28"
"Hebrew","NVH[","qal","nie","Genesis","12","8"
"Hebrew","NVJ</","NA","nijp","Psalmi","144","12"
"Hebrew","NVJCWT/","NA","nijufv","Jesaia","18","5"
"Hebrew","NVJL/","NA","nijl","Zephania","1","11"
"Hebrew","NVL/","NA","nil","Proverbia","27","3"
"Hebrew","NVL[","qal","nil","Samuel_II","24","12"
"Hebrew","NVP/","NA","niq","Exodus","30","34"
"Hebrew","NVP=/","NA","niq","Iob","36","27"
"Hebrew","NVPH/","NA","niqe","Judices","8","26"
"Hebrew","NVPH=/","NA","niqe","Esra","2","22"
"Hebrew","NVP[","qal","niq","Judices","5","4"
"Hebrew","NVR=[","qal","nit","Leviticus","19","18"
"Hebrew","NVR[","qal","nit","Canticum","1","6"
"Hebrew","NVWPTJ/","NA","nifqvj","Samuel_II","23","28"
"Hebrew","NW<DJH/","NA","nfpdje","Esra","8","33"
"Hebrew","NW<[","qal","nfp","Genesis","4","12"
"Hebrew","NW>[","hif","nfa","Numeri","30","6"
"Hebrew","NWB[","qal","nfb","Psalmi","62","11"
"Hebrew","NWC[","qal","nfu","Psalmi","69","21"
"Hebrew","NWD/","NA","nfd","Genesis","4","16"
"Hebrew","NWDB/","NA","nfdb","Chronica_I","5","19"
"Hebrew","NWD[","qal","nfd","Genesis","4","12"
"Hebrew","NWH/","NA","nfe","Exodus","15","13"
"Hebrew","NWH=/","NA","nfe","Jeremia","9","9"
"Hebrew","NWH==/","NA","nfe","Jeremia","6","2"
"Hebrew","NWH=[","qal","nfe","Habakuk","2","5"
"Hebrew","NWH[","hif","nfe","Exodus","15","2"
"Hebrew","NWMH/","NA","nfme","Proverbia","23","21"
"Hebrew","NWM[","qal","nfm","Jesaia","5","27"
"Hebrew","NWN/","NA","nfn","Exodus","33","11"
"Hebrew","NWP/","NA","nfq","Psalmi","48","3"
"Hebrew","NWP=[","qal","nfq","Proverbia","7","17"
"Hebrew","NWP[","piel","nfq","Jesaia","10","32"
"Hebrew","NWS[","qal","nfo","Genesis","14","10"
"Hebrew","NWV[","qal","nfi","Psalmi","99","1"
"Hebrew","NWX/","NA","nfh","Chronica_II","6","41"
"Hebrew","NWX=[","qal","nfh","Habakuk","3","16"
"Hebrew","NWXH/","NA","nfhe","Chronica_I","8","2"
"Hebrew","NWX[","qal","nfh","Genesis","8","4"
"Hebrew","NWYH/","NA","nfre","Ezechiel","17","3"
"Hebrew","NWY[","qal","nfr","Threni","4","15"
"Hebrew","NX/","NA","nh","Genesis","5","29"
"Hebrew","NXBJ/","NA","nhbj","Numeri","13","14"
"Hebrew","NXC/","NA","nhu","Genesis","3","1"
"Hebrew","NXC=/","NA","nhu","Numeri","23","23"
"Hebrew","NXC==/","NA","nhu","Samuel_I","11","1"
"Hebrew","NXCT/","NA","nhuv","Genesis","4","22"
"Hebrew","NXCT=/","NA","nhuv","Ezechiel","16","36"
"Hebrew","NXCT>/","NA","nhuva","Reges_II","24","8"
"Hebrew","NXCTN/","NA","nhuvn","Reges_II","18","4"
"Hebrew","NXCWN/","NA","nhufn","Exodus","6","23"
"Hebrew","NXC[","nif","nhu","Genesis","30","27"
"Hebrew","NXH=[","qal","nhe","Jesaia","7","2"
"Hebrew","NXH[","qal","nhe","Genesis","24","27"
"Hebrew","NXJLWT/","NA","nhjlfv","Psalmi","5","1"
"Hebrew","NXJRJM/","NA","nhjtjm","Iob","41","12"
"Hebrew","NXL/","NA","nhl","Genesis","26","17"
"Hebrew","NXLH/","NA","nhle","Genesis","31","14"
"Hebrew","NXLJ>L/","NA","nhljal","Numeri","21","19"
"Hebrew","NXLMJ/","NA","nhlmj","Jeremia","29","24"
"Hebrew","NXL[","qal","nhl","Exodus","23","30"
"Hebrew","NXM/","NA","nhm","Hosea","13","14"
"Hebrew","NXM=/","NA","nhm","Chronica_I","4","19"
"Hebrew","NXMH/","NA","nhme","Psalmi","119","50"
"Hebrew","NXMJH/","NA","nhmje","Esra","2","2"
"Hebrew","NXMJM/","NA","nhmjm","Jesaia","57","18"
"Hebrew","NXMNJ/","NA","nhmnj","Nehemia","7","7"
"Hebrew","NXM[","nif","nhm","Genesis","6","6"
"Hebrew","NXNW","NA","nhnf","Genesis","42","11"
"Hebrew","NXR/","NA","nht","Iob","39","20"
"Hebrew","NXRH/","NA","nhte","Jeremia","8","16"
"Hebrew","NXRJ/","NA","nhtj","Samuel_II","23","37"
"Hebrew","NXR[","piel","nht","Canticum","1","6"
"Hebrew","NXT/","NA","nhv","Jesaia","30","15"
"Hebrew","NXT=/","NA","nhv","Jesaia","30","30"
"Hebrew","NXT==/","NA","nhv","Reges_II","6","9"
"Hebrew","NXT===/","NA","nhv","Genesis","36","13"
"Hebrew","NXT[","qal","nhv","Jeremia","21","13"
"Hebrew","NXWC/","NA","nhfu","Iob","6","12"
"Hebrew","NXWCH/","NA","nhfue","Leviticus","26","19"
"Hebrew","NXWM/","NA","nhfm","Nahum","1","1"
"Hebrew","NXWM=/","NA","nhfm","Nehemia","7","7"
"Hebrew","NXWR/","NA","nhft","Genesis","11","22"
"Hebrew","NXY[","qal","nhr","Samuel_I","21","9"
"Hebrew","NY/","NA","nr","Leviticus","11","16"
"Hebrew","NY=/","NA","nr","Genesis","40","10"
"Hebrew","NY>[","qal","nra","Jeremia","48","9"
"Hebrew","NYB/","NA","nrb","Judices","3","22"
"Hebrew","NYB[","nif","nrb","Genesis","18","2"
"Hebrew","NYH/","NA","nre","Leviticus","1","16"
"Hebrew","NYH=/","NA","nre","Jesaia","18","5"
"Hebrew","NYH[","qal","nre","Jeremia","4","7"
"Hebrew","NYJB/","NA","nrjb","Genesis","19","26"
"Hebrew","NYJB=/","NA","nrjb","Josua","15","43"
"Hebrew","NYJX/","NA","nrjh","Esra","2","54"
"Hebrew","NYL[","nif","nrl","Genesis","32","31"
"Hebrew","NYN/","NA","nrn","Canticum","2","12"
"Hebrew","NYR/","NA","nrt","Jesaia","11","1"
"Hebrew","NYR[","qal","nrt","Exodus","34","7"
"Hebrew","NYWRJM/","NA","nrftjm","Jesaia","65","4"
"Hebrew","NYX/","NA","nrh","Samuel_I","15","29"
"Hebrew","NYX=/","NA","nrh","Jesaia","63","3"
"Hebrew","NYX[","nif","nrh","Jeremia","8","5"
"Hebrew","NYY[","qal","nrr","Ezechiel","1","7"
"Hebrew","NZH[","qal","nge","Leviticus","6","20"
"Hebrew","NZJD/","NA","ngjd","Genesis","25","29"
"Hebrew","NZJR/","NA","ngjt","Genesis","49","26"
"Hebrew","NZL[","qal","ngl","Exodus","15","8"
"Hebrew","NZM/","NA","ngm","Genesis","24","22"
"Hebrew","NZQ/","NA","ngs","Esther","7","4"
"Hebrew","NZR/","NA","ngt","Exodus","29","6"
"Hebrew","NZR[","nif","ngt","Leviticus","22","2"
"Hebrew","P<H[","qal","qpe","Jesaia","42","14"
"Hebrew","P<J/","NA","qpj","Chronica_I","1","50"
"Hebrew","P<L/","NA","qpl","Deuteronomium","32","4"
"Hebrew","P<LH/","NA","qple","Leviticus","19","13"
"Hebrew","P<LTJ/","NA","qplvj","Chronica_I","26","5"
"Hebrew","P<L[","qal","qpl","Exodus","15","17"
"Hebrew","P<M/","NA","qpm","Genesis","2","23"
"Hebrew","P<MWN/","NA","qpmfn","Exodus","28","33"
"Hebrew","P<M[","qal","qpm","Judices","13","25"
"Hebrew","P<RJ/","NA","qptj","Samuel_II","23","35"
"Hebrew","P<R[","qal","qpt","Jesaia","5","14"
"Hebrew","P<W/","NA","qpf","Genesis","36","39"
"Hebrew","P<WR/","NA","qpft","Numeri","23","28"
"Hebrew","P>H/","NA","qae","Exodus","25","26"
"Hebrew","P>H=/","NA","qae","Amos","3","12"
"Hebrew","P>H==/","NA","qae","Nehemia","9","22"
"Hebrew","P>H[","hif","qae","Deuteronomium","32","26"
"Hebrew","P>R/","NA","qat","Exodus","39","28"
"Hebrew","P>R=[","piel","qat","Deuteronomium","24","20"
"Hebrew","P>RH/","NA","qate","Jesaia","10","33"
"Hebrew","P>RH=/","NA","qate","Ezechiel","17","6"
"Hebrew","P>RN/","NA","qatn","Genesis","21","21"
"Hebrew","P>RWR/","NA","qatft","Joel","2","6"
"Hebrew","P>R[","piel","qat","Jesaia","55","5"
"Hebrew","PC/","NA","qu","Iob","35","15"
"Hebrew","PC</","NA","qup","Genesis","31","36"
"Hebrew","PC<[","qal","qup","Reges_I","8","50"
"Hebrew","PCR/","NA","qut","Ecclesiastes","8","1"
"Hebrew","PCT/","NA","quv","Leviticus","13","47"
"Hebrew","PCTH/","NA","quve","Exodus","9","31"
"Hebrew","PCV[","qal","qui","Leviticus","6","4"
"Hebrew","PCXWR/","NA","quhft","Jeremia","20","1"
"Hebrew","PCX[","piel","quh","Threni","3","11"
"Hebrew","PD<[","qal","qdp","Iob","33","24"
"Hebrew","PDH>L/","NA","qdeal","Numeri","34","28"
"Hebrew","PDHYWR/","NA","qderft","Numeri","1","10"
"Hebrew","PDH[","qal","qde","Exodus","13","13"
"Hebrew","PDJH/","NA","qdje","Reges_II","23","36"
"Hebrew","PDJHW/","NA","qdjef","Chronica_I","27","20"
"Hebrew","PDJWM/","NA","qdjfm","Numeri","3","49"
"Hebrew","PDJWN/","NA","qdjfn","Exodus","21","30"
"Hebrew","PDN/","NA","qdn","Genesis","25","20"
"Hebrew","PDR/","NA","qdt","Leviticus","1","8"
"Hebrew","PDWJM/","NA","qdfjm","Numeri","3","46"
"Hebrew","PDWN/","NA","qdfn","Esra","2","44"
"Hebrew","PDWT/","NA","qdfv","Exodus","8","19"
"Hebrew","PF</","NA","qup","Samuel_I","20","3"
"Hebrew","PF<[","qal","qup","Jesaia","27","4"
"Hebrew","PFH[","qal","que","Leviticus","13","5"
"Hebrew","PFQ[","qal","qus","Proverbia","13","3"
"Hebrew","PG/","NA","qc","Canticum","2","13"
"Hebrew","PG</","NA","qcp","Reges_I","5","18"
"Hebrew","PG<J>L/","NA","qcpjal","Numeri","1","13"
"Hebrew","PG<[","qal","qcp","Genesis","23","8"
"Hebrew","PGC[","qal","qcu","Genesis","32","18"
"Hebrew","PGR/","NA","qct","Genesis","15","11"
"Hebrew","PGR[","piel","qct","Samuel_I","30","10"
"Hebrew","PGWL/","NA","qcfl","Leviticus","7","18"
"Hebrew","PH","NA","qe","Genesis","19","12"
"Hebrew","PH/","NA","qe","Genesis","4","11"
"Hebrew","PJCWN/","NA","qjufn","Genesis","2","11"
"Hebrew","PJD/","NA","qjd","Iob","12","5"
"Hebrew","PJH/","NA","qje","Jeremia","46","20"
"Hebrew","PJKL/","NA","qjkl","Genesis","21","22"
"Hebrew","PJM/","NA","qjm","Samuel_I","13","21"
"Hebrew","PJMH/","NA","qjme","Iob","15","27"
"Hebrew","PJNN/","NA","qjnn","Genesis","36","41"
"Hebrew","PJNXS/","NA","qjnho","Exodus","6","25"
"Hebrew","PJPJWT/","NA","qjqjfv","Jesaia","41","15"
"Hebrew","PJTWN/","NA","qjvfn","Chronica_I","8","35"
"Hebrew","PJX/","NA","qjh","Exodus","9","8"
"Hebrew","PJ_BST/","NA","qj bov","Ezechiel","30","17"
"Hebrew","PJ_HXJRWT/","NA","qj ehjtfv","Exodus","14","2"
"Hebrew","PK/","NA","qk","Samuel_I","10","1"
"Hebrew","PKH[","piel","qke","Ezechiel","47","2"
"Hebrew","PKRT_HYBJJM/","NA","qktv erbjjm","Esra","2","57"
"Hebrew","PL>/","NA","qla","Exodus","15","11"
"Hebrew","PL>J/","NA","qlaj","Judices","13","18"
"Hebrew","PL>J=/","NA","qlaj","Numeri","26","5"
"Hebrew","PL>JH/","NA","qlaje","Nehemia","8","7"
"Hebrew","PL>[","nif","qla","Genesis","18","14"
"Hebrew","PLCT/","NA","qluv","Exodus","15","14"
"Hebrew","PLCTJ/","NA","qluvj","Genesis","10","14"
"Hebrew","PLC[","hit","qlu","Jeremia","6","26"
"Hebrew","PLDC/","NA","qldu","Genesis","22","22"
"Hebrew","PLDT/","NA","qldv","Nahum","2","4"
"Hebrew","PLG/","NA","qlc","Jesaia","30","25"
"Hebrew","PLG=/","NA","qlc","Genesis","10","25"
"Hebrew","PLGC/","NA","qlcu","Genesis","22","24"
"Hebrew","PLGH/","NA","qlce","Judices","5","15"
"Hebrew","PLGH=/","NA","qlce","Chronica_II","35","5"
"Hebrew","PLG[","nif","qlc","Genesis","10","25"
"Hebrew","PLH[","nif","qle","Exodus","33","16"
"Hebrew","PLJH/","NA","qlje","Chronica_I","3","24"
"Hebrew","PLJL/","NA","qljl","Exodus","21","22"
"Hebrew","PLJLH/","NA","qljle","Jesaia","16","3"
"Hebrew","PLJLJ/","NA","qljlj","Iob","31","28"
"Hebrew","PLJLJH/","NA","qljlje","Jesaia","28","7"
"Hebrew","PLJV/","NA","qlji","Genesis","14","13"
"Hebrew","PLJV=/","NA","qlji","Numeri","21","29"
"Hebrew","PLJVH/","NA","qljie","Genesis","32","9"
"Hebrew","PLK/","NA","qlk","Samuel_II","3","29"
"Hebrew","PLK=/","NA","qlk","Nehemia","3","9"
"Hebrew","PLL/","NA","qll","Nehemia","3","25"
"Hebrew","PLL=[","piel","qll","Genesis","48","11"
"Hebrew","PLLJH/","NA","qllje","Nehemia","11","12"
"Hebrew","PLL[","hit","qll","Genesis","20","7"
"Hebrew","PLMNJ/","NA","qlmnj","Daniel","8","13"
"Hebrew","PLNJ/","NA","qlnj","Samuel_I","21","3"
"Hebrew","PLS/","NA","qlo","Jesaia","40","12"
"Hebrew","PLS=[","piel","qlo","Proverbia","5","6"
"Hebrew","PLS[","piel","qlo","Jesaia","26","7"
"Hebrew","PLT/","NA","qlv","Numeri","16","1"
"Hebrew","PLTJ/","NA","qlvj","Samuel_II","8","18"
"Hebrew","PLV/","NA","qli","Chronica_I","2","47"
"Hebrew","PLVJ/","NA","qlij","Samuel_II","23","26"
"Hebrew","PLVJ=/","NA","qlij","Numeri","13","9"
"Hebrew","PLVJ==/","NA","qlij","Nehemia","12","17"
"Hebrew","PLVJ>L/","NA","qlijal","Numeri","34","26"
"Hebrew","PLVJH/","NA","qlije","Nehemia","10","23"
"Hebrew","PLVJHW/","NA","qlijef","Ezechiel","11","1"
"Hebrew","PLV[","qal","qli","Ezechiel","7","16"
"Hebrew","PLW>/","NA","qlfa","Genesis","46","9"
"Hebrew","PLX/","NA","qlh","Judices","9","53"
"Hebrew","PLX>/","NA","qlha","Nehemia","10","25"
"Hebrew","PLX[","qal","qlh","Psalmi","141","7"
"Hebrew","PLYWT/","NA","qlrfv","Jesaia","21","4"
"Hebrew","PLY[","hit","qlr","Iob","9","6"
"Hebrew","PN","NA","qn","Genesis","3","3"
"Hebrew","PNG/","NA","qnc","Ezechiel","27","17"
"Hebrew","PNH/","NA","qne","Genesis","1","2"
"Hebrew","PNH=/","NA","qne","Exodus","27","2"
"Hebrew","PNH[","qal","qne","Genesis","18","22"
"Hebrew","PNJ>L/","NA","qnjal","Genesis","32","31"
"Hebrew","PNJMH","NA","qnjme","Leviticus","10","18"
"Hebrew","PNJMJ/","NA","qnjmj","Reges_I","6","27"
"Hebrew","PNJNJM/","NA","qnjnjm","Iob","28","18"
"Hebrew","PNNH/","NA","qnne","Samuel_I","1","2"
"Hebrew","PNQ[","piel","qns","Proverbia","29","21"
"Hebrew","PNW>L/","NA","qnfal","Genesis","32","32"
"Hebrew","PNW>L=/","NA","qnfal","Chronica_I","4","4"
"Hebrew","PQ/","NA","qs","Nahum","2","11"
"Hebrew","PQ<JM/","NA","qspjm","Reges_I","6","18"
"Hebrew","PQ<T/","NA","qspv","Reges_II","4","39"
"Hebrew","PQDH/","NA","qsde","Numeri","3","32"
"Hebrew","PQDT/","NA","qsdv","Jeremia","37","13"
"Hebrew","PQDWN/","NA","qsdfn","Genesis","41","36"
"Hebrew","PQD[","qal","qsd","Genesis","21","1"
"Hebrew","PQJD/","NA","qsjd","Genesis","41","34"
"Hebrew","PQWD/","NA","qsfd","Jeremia","50","21"
"Hebrew","PQWDJM/","NA","qsfdjm","Psalmi","19","9"
"Hebrew","PQX/","NA","qsh","Exodus","4","11"
"Hebrew","PQX=/","NA","qsh","Reges_II","15","25"
"Hebrew","PQXJH/","NA","qshje","Reges_II","15","22"
"Hebrew","PQX[","qal","qsh","Genesis","21","19"
"Hebrew","PQX_QWX/","NA","qsh sfh","Jesaia","61","1"
"Hebrew","PR/","NA","qt","Genesis","32","16"
"Hebrew","PR</","NA","qtp","Numeri","6","5"
"Hebrew","PR<C/","NA","qtpu","Samuel_I","24","15"
"Hebrew","PR<C=/","NA","qtpu","Esra","2","3"
"Hebrew","PR<H/","NA","qtpe","Genesis","12","15"
"Hebrew","PR<TWN/","NA","qtpvfn","Judices","12","15"
"Hebrew","PR<TWNJ/","NA","qtpvfnj","Judices","12","13"
"Hebrew","PR<[","qal","qtp","Exodus","32","25"
"Hebrew","PR>/","NA","qta","Genesis","16","12"
"Hebrew","PR>M/","NA","qtam","Josua","10","3"
"Hebrew","PR>[","hif","qta","Hosea","13","15"
"Hebrew","PRBR/","NA","qtbt","Reges_II","23","11"
"Hebrew","PRC/","NA","qtu","Genesis","50","9"
"Hebrew","PRC=/","NA","qtu","Exodus","29","14"
"Hebrew","PRC==/","NA","qtu","Chronica_I","7","16"
"Hebrew","PRCDN/","NA","qtudn","Judices","3","22"
"Hebrew","PRCGN/","NA","qtucn","Esra","7","11"
"Hebrew","PRCH/","NA","qtue","Esther","4","7"
"Hebrew","PRCNDT>/","NA","qtundva","Esther","9","7"
"Hebrew","PRC[","qal","qtu","Leviticus","24","12"
"Hebrew","PRD/","NA","qtd","Samuel_II","13","29"
"Hebrew","PRDH/","NA","qtde","Reges_I","1","33"
"Hebrew","PRDS/","NA","qtdo","Canticum","4","13"
"Hebrew","PRDWT/","NA","qtdfv","Joel","1","17"
"Hebrew","PRD[","qal","qtd","Ezechiel","1","11"
"Hebrew","PRFZ/","NA","qtug","Iob","26","9"
"Hebrew","PRF[","qal","qtu","Exodus","9","29"
"Hebrew","PRH/","NA","qte","Genesis","32","16"
"Hebrew","PRH=/","NA","qte","Josua","18","23"
"Hebrew","PRH==/","NA","qte","Judices","7","10"
"Hebrew","PRH[","qal","qte","Genesis","1","22"
"Hebrew","PRJ/","NA","qtj","Genesis","1","11"
"Hebrew","PRJD>/","NA","qtjda","Nehemia","7","57"
"Hebrew","PRJY/","NA","qtjr","Jeremia","7","11"
"Hebrew","PRJY=/","NA","qtjr","Jesaia","35","9"
"Hebrew","PRK/","NA","qtk","Exodus","1","13"
"Hebrew","PRKT/","NA","qtkv","Exodus","26","31"
"Hebrew","PRMCT>/","NA","qtmuva","Esther","9","9"
"Hebrew","PRM[","qal","qtm","Leviticus","10","6"
"Hebrew","PRNK/","NA","qtnk","Numeri","34","25"
"Hebrew","PRPR/","NA","qtqt","Reges_II","5","12"
"Hebrew","PRQ/","NA","qts","Obadia","1","14"
"Hebrew","PRQ[","qal","qts","Genesis","27","40"
"Hebrew","PRR=[","qal","qtt","Jesaia","24","19"
"Hebrew","PRR[","hif","qtt","Genesis","17","14"
"Hebrew","PRS/","NA","qto","Leviticus","11","13"
"Hebrew","PRS=/","NA","qto","Ezechiel","27","10"
"Hebrew","PRSH/","NA","qtoe","Exodus","10","26"
"Hebrew","PRSJ/","NA","qtoj","Nehemia","12","22"
"Hebrew","PRS[","qal","qto","Jesaia","58","7"
"Hebrew","PRT/","NA","qtv","Genesis","2","14"
"Hebrew","PRTMJM/","NA","qtvmjm","Esther","1","3"
"Hebrew","PRV/","NA","qti","Leviticus","19","10"
"Hebrew","PRV[","qal","qti","Amos","6","5"
"Hebrew","PRWD>/","NA","qtfda","Esra","2","55"
"Hebrew","PRWJM/","NA","qtfjm","Chronica_II","3","6"
"Hebrew","PRWR/","NA","qtft","Numeri","11","8"
"Hebrew","PRWT/","NA","qtfv","Jesaia","2","20"
"Hebrew","PRWX/","NA","qtfh","Reges_I","4","17"
"Hebrew","PRX/","NA","qth","Exodus","25","31"
"Hebrew","PRX=[","qal","qth","Ezechiel","13","20"
"Hebrew","PRXX/","NA","qthh","Iob","30","12"
"Hebrew","PRX[","qal","qth","Genesis","40","10"
"Hebrew","PRY/","NA","qtr","Genesis","38","29"
"Hebrew","PRY=/","NA","qtr","Genesis","38","29"
"Hebrew","PRYJ/","NA","qtrj","Numeri","26","20"
"Hebrew","PRYJM/","NA","qtrjm","Jesaia","28","21"
"Hebrew","PRY[","qal","qtr","Genesis","28","14"
"Hebrew","PRY_<ZH/","NA","qtr pge","Samuel_II","6","8"
"Hebrew","PRZ/","NA","qtg","Habakuk","3","14"
"Hebrew","PRZJ/","NA","qtgj","Genesis","13","7"
"Hebrew","PRZJ=/","NA","qtgj","Deuteronomium","3","5"
"Hebrew","PRZWN/","NA","qtgfn","Judices","5","7"
"Hebrew","PRZH/","NA","qtge","Ezechiel","38","11"
"Hebrew","PS/","NA","qo","Genesis","37","3"
"Hebrew","PSGH/","NA","qoce","Numeri","21","20"
"Hebrew","PSG[","piel","qoc","Psalmi","48","14"
"Hebrew","PSH/","NA","qoe","Psalmi","72","16"
"Hebrew","PSJL/","NA","qojl","Deuteronomium","7","5"
"Hebrew","PSK/","NA","qok","Chronica_I","7","33"
"Hebrew","PSL/","NA","qol","Exodus","20","4"
"Hebrew","PSL[","qal","qol","Exodus","34","1"
"Hebrew","PSPH/","NA","qoqe","Chronica_I","7","38"
"Hebrew","PSS[","qal","qoo","Psalmi","12","2"
"Hebrew","PSX/","NA","qoh","Exodus","12","11"
"Hebrew","PSX=/","NA","qoh","Leviticus","21","18"
"Hebrew","PSX==/","NA","qoh","Esra","2","49"
"Hebrew","PSX[","qal","qoh","Exodus","12","13"
"Hebrew","PT/","NA","qv","Genesis","18","5"
"Hebrew","PT</","NA","qvp","Numeri","6","9"
"Hebrew","PT=/","NA","qv","Reges_I","7","50"
"Hebrew","PT>M","NA","qvam","Numeri","6","9"
"Hebrew","PTBG/","NA","qvbc","Daniel","1","5"
"Hebrew","PTCGN/","NA","qvucn","Esther","3","14"
"Hebrew","PTGM/","NA","qvcm","Ecclesiastes","8","11"
"Hebrew","PTH=[","hif","qve","Genesis","9","27"
"Hebrew","PTH[","qal","qve","Deuteronomium","11","16"
"Hebrew","PTJ/","NA","qvj","Ezechiel","45","20"
"Hebrew","PTJ=/","NA","qvj","Proverbia","1","22"
"Hebrew","PTJGJL/","NA","qvjcjl","Jesaia","3","24"
"Hebrew","PTJL/","NA","qvjl","Genesis","38","18"
"Hebrew","PTJWT/","NA","qvjfv","Proverbia","9","13"
"Hebrew","PTJXH/","NA","qvjhe","Psalmi","55","22"
"Hebrew","PTLTL/","NA","qvlvl","Deuteronomium","32","5"
"Hebrew","PTL[","nif","qvl","Genesis","30","8"
"Hebrew","PTM/","NA","qvm","Exodus","1","11"
"Hebrew","PTN/","NA","qvn","Deuteronomium","32","33"
"Hebrew","PTRSJM/","NA","qvtojm","Genesis","10","14"
"Hebrew","PTRWN/","NA","qvtfn","Genesis","40","5"
"Hebrew","PTRWS/","NA","qvtfo","Jesaia","11","11"
"Hebrew","PTR[","qal","qvt","Genesis","40","8"
"Hebrew","PTT[","qal","qvv","Leviticus","2","6"
"Hebrew","PTW>L/","NA","qvfal","Joel","1","1"
"Hebrew","PTWR/","NA","qvft","Numeri","22","5"
"Hebrew","PTWT/","NA","qvfv","Ezechiel","13","19"
"Hebrew","PTWX/","NA","qvfh","Exodus","28","11"
"Hebrew","PTX/","NA","qvh","Genesis","4","7"
"Hebrew","PTX=/","NA","qvh","Psalmi","119","130"
"Hebrew","PTX=[","piel","qvh","Exodus","28","9"
"Hebrew","PTXJH/","NA","qvhje","Esra","10","23"
"Hebrew","PTXWN/","NA","qvhfn","Ezechiel","16","63"
"Hebrew","PTX[","qal","qvh","Genesis","8","6"
"Hebrew","PVDH/","NA","qide","Exodus","28","17"
"Hebrew","PVJC/","NA","qiju","Jesaia","41","7"
"Hebrew","PVR/","NA","qit","Exodus","13","2"
"Hebrew","PVRH/","NA","qite","Numeri","8","16"
"Hebrew","PVR[","qal","qit","Samuel_I","19","10"
"Hebrew","PW<H/","NA","qfpe","Exodus","1","15"
"Hebrew","PW>H/","NA","qfae","Judices","10","1"
"Hebrew","PWC[","qal","qfu","Jeremia","50","11"
"Hebrew","PWGH/","NA","qfce","Threni","2","18"
"Hebrew","PWG[","qal","qfc","Genesis","45","26"
"Hebrew","PWH/","NA","qfe","Genesis","46","13"
"Hebrew","PWK/","NA","qfk","Reges_II","9","30"
"Hebrew","PWL/","NA","qfl","Samuel_II","17","28"
"Hebrew","PWL=/","NA","qfl","Jesaia","66","19"
"Hebrew","PWL==/","NA","qfl","Reges_II","15","19"
"Hebrew","PWNJ/","NA","qfnj","Numeri","26","23"
"Hebrew","PWNN/","NA","qfnn","Numeri","33","42"
"Hebrew","PWN[","qal","qfn","Psalmi","88","16"
"Hebrew","PWQH/","NA","qfse","Samuel_I","25","31"
"Hebrew","PWQ[","qal","qfs","Jesaia","28","7"
"Hebrew","PWR/","NA","qft","Esther","3","7"
"Hebrew","PWRH/","NA","qfte","Jesaia","63","3"
"Hebrew","PWRT>/","NA","qftva","Esther","9","8"
"Hebrew","PWR[","hif","qft","Ezechiel","17","19"
"Hebrew","PWTJ/","NA","qfvj","Chronica_I","2","53"
"Hebrew","PWV/","NA","qfi","Genesis","10","6"
"Hebrew","PWVJ>L/","NA","qfijal","Exodus","6","25"
"Hebrew","PWVJPR/","NA","qfijqt","Genesis","37","36"
"Hebrew","PWVJ_PR</","NA","qfij qtp","Genesis","41","45"
"Hebrew","PWX=[","qal","qfh","Canticum","2","17"
"Hebrew","PWX[","qal","qfh","Ezechiel","21","36"
"Hebrew","PWYJ/","NA","qfrj","Zephania","3","10"
"Hebrew","PWY[","qal","qfr","Genesis","11","4"
"Hebrew","PX/","NA","qh","Exodus","39","3"
"Hebrew","PX=/","NA","qh","Josua","23","13"
"Hebrew","PXD/","NA","qhd","Genesis","31","42"
"Hebrew","PXD=/","NA","qhd","Iob","40","17"
"Hebrew","PXDH/","NA","qhde","Jeremia","2","19"
"Hebrew","PXD[","qal","qhd","Deuteronomium","28","66"
"Hebrew","PXH/","NA","qhe","Reges_I","10","15"
"Hebrew","PXM/","NA","qhm","Jesaia","44","12"
"Hebrew","PXT/","NA","qhv","Samuel_II","17","9"
"Hebrew","PXTT/","NA","qhvv","Leviticus","13","55"
"Hebrew","PXT_MW>B/","NA","qhv mfab","Esra","2","6"
"Hebrew","PXX[","hif","qhh","Jesaia","42","22"
"Hebrew","PXZ/","NA","qhg","Genesis","49","4"
"Hebrew","PXZWT/","NA","qhgfv","Jeremia","23","32"
"Hebrew","PXZ[","qal","qhg","Judices","9","4"
"Hebrew","PY</","NA","qrp","Genesis","4","23"
"Hebrew","PY<[","qal","qrp","Deuteronomium","23","2"
"Hebrew","PYH[","qal","qre","Genesis","4","11"
"Hebrew","PYJRH/","NA","qrjte","Samuel_I","13","21"
"Hebrew","PYLH/","NA","qrle","Genesis","30","37"
"Hebrew","PYL[","piel","qrl","Genesis","30","37"
"Hebrew","PYM[","qal","qrm","Psalmi","60","4"
"Hebrew","PYR[","qal","qrt","Genesis","19","3"
"Hebrew","PYX=[","piel","qrh","Micha","3","3"
"Hebrew","PYX[","qal","qrh","Jesaia","14","7"
"Hebrew","PYY[","piel","qrr","Jeremia","23","29"
"Hebrew","PZ/","NA","qg","Jesaia","13","12"
"Hebrew","PZR[","qal","qgt","Jeremia","50","17"
"Hebrew","PZZ=[","hof","qgg","Reges_I","10","18"
"Hebrew","PZZ[","qal","qgg","Genesis","49","24"
"Hebrew","Q<JLH/","NA","spjle","Josua","15","44"
"Hebrew","Q<Q</","NA","spsp","Leviticus","19","28"
"Hebrew","Q<RH/","NA","spte","Exodus","25","29"
"Hebrew","Q>/","NA","sa","Proverbia","26","11"
"Hebrew","Q>T/","NA","sav","Leviticus","11","18"
"Hebrew","QB/","NA","sb","Reges_II","6","25"
"Hebrew","QB<T/","NA","sbpv","Jesaia","51","17"
"Hebrew","QB<[","qal","sbp","Maleachi","3","8"
"Hebrew","QBB[","qal","sbb","Numeri","22","11"
"Hebrew","QBH/","NA","sbe","Numeri","25","8"
"Hebrew","QBH=/","NA","sbe","Numeri","25","8"
"Hebrew","QBL/","NA","sbl","Ezechiel","26","9"
"Hebrew","QBL=/","NA","sbl","Reges_II","15","10"
"Hebrew","QBL[","piel","sbl","Iob","2","10"
"Hebrew","QBR/","NA","sbt","Genesis","23","4"
"Hebrew","QBRWT_HT>WH/","NA","sbtfv evafe","Numeri","11","34"
"Hebrew","QBR[","qal","sbt","Genesis","23","4"
"Hebrew","QBWRH/","NA","sbfte","Genesis","35","20"
"Hebrew","QBWY/","NA","sbfr","Jesaia","57","13"
"Hebrew","QBY>L/","NA","sbral","Josua","15","21"
"Hebrew","QBYH/","NA","sbre","Ezechiel","22","20"
"Hebrew","QBYJM/","NA","sbrjm","Josua","21","22"
"Hebrew","QBY[","qal","sbr","Genesis","41","35"
"Hebrew","QC/","NA","su","Exodus","5","12"
"Hebrew","QC>H/","NA","suae","Numeri","11","5"
"Hebrew","QCB/","NA","sub","Reges_I","18","29"
"Hebrew","QCB=/","NA","sub","Psalmi","130","2"
"Hebrew","QCB==/","NA","sub","Nehemia","1","6"
"Hebrew","QCB[","qal","sub","Jesaia","32","3"
"Hebrew","QCC[","qal","suu","Zephania","2","1"
"Hebrew","QCH/","NA","sue","Genesis","42","7"
"Hebrew","QCH[","qal","sue","Genesis","49","7"
"Hebrew","QCJ/","NA","suj","Deuteronomium","9","27"
"Hebrew","QCJWN/","NA","sujfn","Josua","19","20"
"Hebrew","QCR/","NA","sut","Samuel_II","15","12"
"Hebrew","QCRJM/","NA","sutjm","Jesaia","3","20"
"Hebrew","QCR[","qal","sut","Genesis","30","42"
"Hebrew","QCT/","NA","suv","Genesis","9","13"
"Hebrew","QCT=/","NA","suv","Genesis","21","20"
"Hebrew","QCV/","NA","sui","Psalmi","60","6"
"Hebrew","QCV=/","NA","sui","Proverbia","22","21"
"Hebrew","QCX[","hif","suh","Jesaia","63","17"
"Hebrew","QD/","NA","sd","Psalmi","102","4"
"Hebrew","QDC/","NA","sdu","Exodus","3","5"
"Hebrew","QDC=/","NA","sdu","Genesis","38","21"
"Hebrew","QDC==/","NA","sdu","Genesis","14","7"
"Hebrew","QDC===/","NA","sdu","Josua","12","22"
"Hebrew","QDC[","qal","sdu","Exodus","29","21"
"Hebrew","QDC_BRN</","NA","sdu btnp","Numeri","32","8"
"Hebrew","QDD[","qal","sdd","Genesis","24","26"
"Hebrew","QDH/","NA","sde","Exodus","30","24"
"Hebrew","QDJM/","NA","sdjm","Genesis","41","6"
"Hebrew","QDM/","NA","sdm","Genesis","2","8"
"Hebrew","QDMH/","NA","sdme","Genesis","2","14"
"Hebrew","QDMH=/","NA","sdme","Jesaia","23","7"
"Hebrew","QDMH==/","NA","sdme","Genesis","25","15"
"Hebrew","QDMJ>L/","NA","sdmjal","Esra","2","40"
"Hebrew","QDMNJ/","NA","sdmnj","Samuel_I","24","14"
"Hebrew","QDMNJ=/","NA","sdmnj","Genesis","15","19"
"Hebrew","QDMWN/","NA","sdmfn","Ezechiel","47","8"
"Hebrew","QDMWT/","NA","sdmfv","Deuteronomium","2","26"
"Hebrew","QDM[","piel","sdm","Deuteronomium","23","5"
"Hebrew","QDQD/","NA","sdsd","Genesis","49","26"
"Hebrew","QDR/","NA","sdt","Genesis","25","13"
"Hebrew","QDRNJT","NA","sdtnjv","Maleachi","3","14"
"Hebrew","QDRWN/","NA","sdtfn","Samuel_II","15","23"
"Hebrew","QDRWT/","NA","sdtfv","Jesaia","50","3"
"Hebrew","QDR[","qal","sdt","Jeremia","4","28"
"Hebrew","QDWC/","NA","sdfu","Exodus","19","6"
"Hebrew","QDWMJM/","NA","sdfmjm","Judices","5","21"
"Hebrew","QDXT/","NA","sdhv","Leviticus","26","16"
"Hebrew","QDX[","qal","sdh","Deuteronomium","32","22"
"Hebrew","QFJVH/","NA","sujie","Genesis","33","19"
"Hebrew","QFQFT/","NA","susuv","Leviticus","11","9"
"Hebrew","QFWH/","NA","sufe","Exodus","25","29"
"Hebrew","QHH[","qal","see","Jeremia","31","29"
"Hebrew","QHL/","NA","sel","Genesis","28","3"
"Hebrew","QHLH/","NA","sele","Deuteronomium","33","4"
"Hebrew","QHLT/","NA","selv","Ecclesiastes","1","1"
"Hebrew","QHLTH/","NA","selve","Numeri","33","22"
"Hebrew","QHL[","nif","sel","Exodus","32","1"
"Hebrew","QHT/","NA","sev","Genesis","46","11"
"Hebrew","QHTJ/","NA","sevj","Numeri","3","27"
"Hebrew","QJ>/","NA","sja","Jesaia","19","14"
"Hebrew","QJ>[","qal","sja","Leviticus","18","28"
"Hebrew","QJC/","NA","sju","Samuel_I","9","1"
"Hebrew","QJCJ/","NA","sjuj","Chronica_I","6","29"
"Hebrew","QJCWN/","NA","sjufn","Judices","4","7"
"Hebrew","QJH[","qal","sje","Jeremia","25","27"
"Hebrew","QJM/","NA","sjm","Iob","22","20"
"Hebrew","QJMH/","NA","sjme","Threni","3","63"
"Hebrew","QJN/","NA","sjn","Samuel_II","21","16"
"Hebrew","QJN=/","NA","sjn","Genesis","4","1"
"Hebrew","QJN==/","NA","sjn","Numeri","24","22"
"Hebrew","QJN===/","NA","sjn","Josua","15","57"
"Hebrew","QJNH/","NA","sjne","Samuel_II","1","17"
"Hebrew","QJNH=/","NA","sjne","Josua","15","22"
"Hebrew","QJNJ/","NA","sjnj","Genesis","15","19"
"Hebrew","QJNN/","NA","sjnn","Genesis","5","9"
"Hebrew","QJN[","piel","sjn","Samuel_II","1","17"
"Hebrew","QJQJWN/","NA","sjsjfn","Jona","4","6"
"Hebrew","QJQLWN/","NA","sjslfn","Habakuk","2","16"
"Hebrew","QJR/","NA","sjt","Exodus","30","3"
"Hebrew","QJR=/","NA","sjt","Reges_II","16","9"
"Hebrew","QJRS/","NA","sjto","Esra","2","44"
"Hebrew","QJR_MW>B/","NA","sjt mfab","Jesaia","15","1"
"Hebrew","QJR_XRF/","NA","sjt htu","Jesaia","16","11"
"Hebrew","QJR_XRFT/","NA","sjt htuv","Reges_II","3","25"
"Hebrew","QJVWR/","NA","sjift","Genesis","19","28"
"Hebrew","QJY/","NA","sjr","Genesis","8","22"
"Hebrew","QJYWN/","NA","sjrfn","Exodus","26","4"
"Hebrew","QJY[","qal","sjr","Jesaia","18","6"
"Hebrew","QL/","NA","sl","Samuel_II","2","18"
"Hebrew","QL</","NA","slp","Exodus","27","9"
"Hebrew","QL<=/","NA","slp","Reges_II","3","25"
"Hebrew","QL<==/","NA","slp","Samuel_I","17","40"
"Hebrew","QL<=[","qal","slp","Reges_I","6","29"
"Hebrew","QL<[","qal","slp","Judices","20","16"
"Hebrew","QL=/","NA","sl","Jeremia","3","9"
"Hebrew","QLCWN/","NA","slufn","Samuel_I","13","21"
"Hebrew","QLH=[","nif","sle","Deuteronomium","25","3"
"Hebrew","QLH[","qal","sle","Leviticus","2","14"
"Hebrew","QLJ/","NA","slj","Leviticus","23","14"
"Hebrew","QLJ=/","NA","slj","Nehemia","12","20"
"Hebrew","QLJH/","NA","slje","Esra","10","23"
"Hebrew","QLJV>/","NA","sljia","Esra","10","23"
"Hebrew","QLL/","NA","sll","Ezechiel","1","7"
"Hebrew","QLLH/","NA","slle","Genesis","27","12"
"Hebrew","QLL[","qal","sll","Genesis","8","8"
"Hebrew","QLQL/","NA","slsl","Numeri","21","5"
"Hebrew","QLS/","NA","slo","Jeremia","20","8"
"Hebrew","QLSH/","NA","sloe","Ezechiel","22","4"
"Hebrew","QLS[","piel","slo","Ezechiel","16","31"
"Hebrew","QLV[","qal","sli","Leviticus","22","23"
"Hebrew","QLWN/","NA","slfn","Jesaia","22","18"
"Hebrew","QLXT/","NA","slhv","Samuel_I","2","14"
"Hebrew","QMFWN/","NA","smufn","Proverbia","24","31"
"Hebrew","QMH/","NA","sme","Exodus","22","5"
"Hebrew","QML[","qal","sml","Jesaia","19","6"
"Hebrew","QMV[","qal","smi","Iob","16","8"
"Hebrew","QMW>L/","NA","smfal","Genesis","22","21"
"Hebrew","QMWF/","NA","smfu","Jesaia","34","13"
"Hebrew","QMWN/","NA","smfn","Judices","10","5"
"Hebrew","QMX/","NA","smh","Genesis","18","6"
"Hebrew","QMY/","NA","smr","Genesis","41","47"
"Hebrew","QMY[","qal","smr","Leviticus","2","2"
"Hebrew","QN/","NA","sn","Genesis","6","14"
"Hebrew","QN>/","NA","sna","Exodus","20","5"
"Hebrew","QN>H/","NA","snae","Numeri","5","14"
"Hebrew","QN>[","piel","sna","Genesis","26","14"
"Hebrew","QNH/","NA","sne","Genesis","41","5"
"Hebrew","QNH=/","NA","sne","Josua","16","8"
"Hebrew","QNH=[","qal","sne","Genesis","4","1"
"Hebrew","QNH[","qal","sne","Genesis","25","10"
"Hebrew","QNJN/","NA","snjn","Genesis","31","18"
"Hebrew","QNMWN/","NA","snmfn","Exodus","30","23"
"Hebrew","QNN[","piel","snn","Jesaia","34","15"
"Hebrew","QNT/","NA","snv","Numeri","32","42"
"Hebrew","QNW>/","NA","snfa","Josua","24","19"
"Hebrew","QNY/","NA","snr","Iob","18","2"
"Hebrew","QNZ/","NA","sng","Genesis","36","11"
"Hebrew","QNZJ/","NA","sngj","Genesis","15","19"
"Hebrew","QP>WN/","NA","sqafn","Sacharia","14","6"
"Hebrew","QP>[","qal","sqa","Exodus","15","8"
"Hebrew","QPD/","NA","sqd","Jesaia","14","23"
"Hebrew","QPDH/","NA","sqde","Ezechiel","7","25"
"Hebrew","QPD[","piel","sqd","Jesaia","38","12"
"Hebrew","QPWZ/","NA","sqfg","Jesaia","34","15"
"Hebrew","QPY[","qal","sqr","Deuteronomium","15","7"
"Hebrew","QR/","NA","st","Genesis","8","22"
"Hebrew","QR<JM/","NA","stpjm","Reges_I","11","30"
"Hebrew","QR<[","qal","stp","Genesis","37","29"
"Hebrew","QR=/","NA","st","Jeremia","18","14"
"Hebrew","QR>/","NA","sta","Samuel_I","26","20"
"Hebrew","QWR>/","NA","sfta","Chronica_I","9","19"
"Hebrew","QR>=[","qal","sta","Genesis","14","17"
"Hebrew","QR>[","qal","sta","Genesis","1","5"
"Hebrew","QRB/","NA","stb","Genesis","18","12"
"Hebrew","QRB=/","NA","stb","Numeri","1","51"
"Hebrew","QRB==/","NA","stb","Samuel_II","17","11"
"Hebrew","QRBH/","NA","stbe","Jesaia","58","2"
"Hebrew","QRBN/","NA","stbn","Leviticus","1","2"
"Hebrew","QRBN=/","NA","stbn","Nehemia","10","35"
"Hebrew","QRB[","qal","stb","Genesis","20","4"
"Hebrew","QRC/","NA","stu","Exodus","26","15"
"Hebrew","QRDM/","NA","stdm","Judices","9","48"
"Hebrew","QRH/","NA","ste","Nahum","3","17"
"Hebrew","QRH=/","NA","ste","Deuteronomium","23","11"
"Hebrew","QRH[","qal","ste","Genesis","42","29"
"Hebrew","QRJ/","NA","stj","Leviticus","26","21"
"Hebrew","QRJ>/","NA","stja","Numeri","16","2"
"Hebrew","QRJ>H/","NA","stjae","Jona","3","2"
"Hebrew","QRJH/","NA","stje","Numeri","21","28"
"Hebrew","QRJT/","NA","stjv","Josua","18","28"
"Hebrew","QRJTJM/","NA","stjvjm","Genesis","14","5"
"Hebrew","QRJT_>RB</","NA","stjv atbp","Genesis","23","2"
"Hebrew","QRJT_B<L/","NA","stjv bpl","Josua","15","60"
"Hebrew","QRJT_J<RJM/","NA","stjv jptjm","Josua","9","17"
"Hebrew","QRJT_SNH/","NA","stjv one","Josua","15","49"
"Hebrew","QRJT_SPR/","NA","stjv oqt","Josua","15","15"
"Hebrew","QRJT_XYWT/","NA","stjv hrfv","Numeri","22","39"
"Hebrew","QRJWT/","NA","stjfv","Josua","15","25"
"Hebrew","QRM[","qal","stm","Ezechiel","37","6"
"Hebrew","QRN/","NA","stn","Genesis","22","13"
"Hebrew","QRNJM/","NA","stnjm","Amos","6","13"
"Hebrew","QRN[","qal","stn","Exodus","34","29"
"Hebrew","QRN_HPWK/","NA","stn eqfk","Iob","42","14"
"Hebrew","QRQ</","NA","stsp","Numeri","5","17"
"Hebrew","QRQ<=/","NA","stsp","Josua","15","3"
"Hebrew","QRQR/","NA","stst","Numeri","24","17"
"Hebrew","QRQR=/","NA","stst","Judices","8","10"
"Hebrew","QRR[","piel","stt","Jesaia","22","5"
"Hebrew","QRS/","NA","sto","Exodus","26","6"
"Hebrew","QRSL/","NA","stol","Samuel_II","22","37"
"Hebrew","QRS[","qal","sto","Jesaia","46","1"
"Hebrew","QRT/","NA","stv","Iob","29","7"
"Hebrew","QRTH/","NA","stve","Josua","21","34"
"Hebrew","QRTN/","NA","stvn","Josua","21","32"
"Hebrew","QRWB/","NA","stfb","Genesis","19","20"
"Hebrew","QRX/","NA","sth","Genesis","31","40"
"Hebrew","QRX=/","NA","sth","Leviticus","13","40"
"Hebrew","QRX==/","NA","sth","Genesis","36","5"
"Hebrew","QRX===/","NA","sth","Reges_II","25","23"
"Hebrew","QRXH/","NA","sthe","Leviticus","21","5"
"Hebrew","QRXJ/","NA","sthj","Exodus","6","24"
"Hebrew","QRXT/","NA","sthv","Leviticus","13","42"
"Hebrew","QRX[","qal","sth","Leviticus","21","5"
"Hebrew","QRY/","NA","str","Jeremia","46","20"
"Hebrew","QRY[","qal","str","Psalmi","35","19"
"Hebrew","QSM/","NA","som","Numeri","22","7"
"Hebrew","QSM[","qal","som","Deuteronomium","18","10"
"Hebrew","QSS[","piel","soo","Ezechiel","17","9"
"Hebrew","QST/","NA","sov","Ezechiel","9","2"
"Hebrew","QV/","NA","si","Ezechiel","16","47"
"Hebrew","QVB/","NA","sib","Deuteronomium","32","24"
"Hebrew","QVL/","NA","sil","Obadia","1","9"
"Hebrew","QVL[","qal","sil","Psalmi","139","19"
"Hebrew","QVN/","NA","sin","Genesis","1","16"
"Hebrew","QVN=/","NA","sin","Genesis","9","24"
"Hebrew","QVN==/","NA","sin","Reges_I","12","10"
"Hebrew","QVN===/","NA","sin","Esra","8","12"
"Hebrew","QVN[","qal","sin","Genesis","32","11"
"Hebrew","QVP[","qal","siq","Deuteronomium","23","26"
"Hebrew","QVR/","NA","sit","Jeremia","44","21"
"Hebrew","QVRT/","NA","sitv","Exodus","25","6"
"Hebrew","QVRWN/","NA","sitfn","Judices","1","30"
"Hebrew","QVRWT/","NA","sitfv","Ezechiel","46","22"
"Hebrew","QVR[","piel","sit","Samuel_I","2","16"
"Hebrew","QVT/","NA","siv","Josua","19","15"
"Hebrew","QVWRH/","NA","sifte","Deuteronomium","33","10"
"Hebrew","QVWRH=/","NA","sifte","Genesis","25","1"
"Hebrew","QW/","NA","sf","Reges_I","7","23"
"Hebrew","QW</","NA","sfp","Ezechiel","23","23"
"Hebrew","QW=/","NA","sf","Jesaia","28","10"
"Hebrew","QW==/","NA","sf","Jesaia","18","2"
"Hebrew","QWB</","NA","sfbp","Samuel_I","17","38"
"Hebrew","QWCJHW/","NA","sfujef","Chronica_I","15","17"
"Hebrew","QWC[","qal","sfu","Jesaia","29","21"
"Hebrew","QW>/","NA","sfa","Chronica_II","1","16"
"Hebrew","QWH=[","nif","sfe","Genesis","1","9"
"Hebrew","QWH[","qal","sfe","Jesaia","49","23"
"Hebrew","QWJ/","NA","sfj","Jesaia","40","31"
"Hebrew","QWL/","NA","sfl","Genesis","3","8"
"Hebrew","QWLJH/","NA","sflje","Jeremia","29","21"
"Hebrew","QWMH/","NA","sfme","Genesis","6","15"
"Hebrew","QWMMJWT/","NA","sfmmjfv","Leviticus","26","13"
"Hebrew","QWM[","qal","sfm","Genesis","4","8"
"Hebrew","QWP/","NA","sfq","Reges_I","10","22"
"Hebrew","QWR/","NA","sft","Jesaia","59","5"
"Hebrew","QWRH/","NA","sfte","Genesis","19","8"
"Hebrew","QWR[","qal","sft","Reges_II","19","24"
"Hebrew","QWV[","qal","sfi","Psalmi","95","10"
"Hebrew","QWY/","NA","sfr","Genesis","3","18"
"Hebrew","QWY=/","NA","sfr","Samuel_II","23","6"
"Hebrew","QWY==/","NA","sfr","Esra","2","61"
"Hebrew","QWY=[","hif","sfr","Jesaia","7","6"
"Hebrew","QWYWT/","NA","sfrfv","Canticum","5","2"
"Hebrew","QWY[","qal","sfr","Genesis","27","46"
"Hebrew","QX/","NA","sh","Ezechiel","17","5"
"Hebrew","QY/","NA","sr","Genesis","4","3"
"Hebrew","QY<=[","hif","srp","Leviticus","14","41"
"Hebrew","QY<[","pual","srp","Exodus","26","23"
"Hebrew","QYB/","NA","srb","Reges_I","6","25"
"Hebrew","QYB[","qal","srb","Reges_II","6","6"
"Hebrew","QYH/","NA","sre","Exodus","25","18"
"Hebrew","QYH=/","NA","sre","Genesis","8","3"
"Hebrew","QYH==/","NA","sre","Jesaia","2","7"
"Hebrew","QYH[","qal","sre","Habakuk","2","10"
"Hebrew","QYJ<H/","NA","srjpe","Psalmi","45","9"
"Hebrew","QYJ<H=/","NA","srjpe","Iob","42","14"
"Hebrew","QYJN/","NA","srjn","Josua","10","24"
"Hebrew","QYJR/","NA","srjt","Genesis","8","22"
"Hebrew","QYJR=/","NA","srjt","Jesaia","27","11"
"Hebrew","QYJY/","NA","srjr","Josua","18","21"
"Hebrew","QYP/","NA","srq","Numeri","1","53"
"Hebrew","QYP=/","NA","srq","Hosea","10","7"
"Hebrew","QYPH/","NA","srqe","Joel","1","7"
"Hebrew","QYP[","qal","srq","Genesis","40","2"
"Hebrew","QYR/","NA","srt","Exodus","6","9"
"Hebrew","QYR=/","NA","srt","Reges_II","19","26"
"Hebrew","QYR=[","qal","srt","Leviticus","19","9"
"Hebrew","QYR[","qal","srt","Numeri","11","23"
"Hebrew","QYT/","NA","srv","Exodus","38","5"
"Hebrew","QYW/","NA","srf","Jesaia","26","15"
"Hebrew","QYWR/","NA","srft","Ezechiel","42","5"
"Hebrew","QYWT/","NA","srfv","Judices","18","2"
"Hebrew","QYX/","NA","srh","Jesaia","28","25"
"Hebrew","QYY[","qal","srr","Deuteronomium","25","12"
"Hebrew","R</","NA","tp","Genesis","2","9"
"Hebrew","R<<=[","qal","tpp","Jeremia","15","12"
"Hebrew","R<<[","qal","tpp","Genesis","21","11"
"Hebrew","R<=/","NA","tp","Genesis","11","3"
"Hebrew","R<==/","NA","tp","Exodus","32","17"
"Hebrew","R<===/","NA","tp","Genesis","41","19"
"Hebrew","R<====/","NA","tp","Psalmi","139","2"
"Hebrew","R<B/","NA","tpb","Genesis","12","10"
"Hebrew","R<B=/","NA","tpb","Samuel_I","2","5"
"Hebrew","R<BWN/","NA","tpbfn","Genesis","42","19"
"Hebrew","R<B[","qal","tpb","Genesis","41","55"
"Hebrew","R<C/","NA","tpu","Reges_I","19","11"
"Hebrew","R<C=[","qal","tpu","Psalmi","72","16"
"Hebrew","R<C[","qal","tpu","Judices","5","4"
"Hebrew","R<D/","NA","tpd","Exodus","15","15"
"Hebrew","R<DH/","NA","tpde","Jesaia","33","14"
"Hebrew","R<D[","qal","tpd","Psalmi","104","32"
"Hebrew","R<H/","NA","tpe","Genesis","6","5"
"Hebrew","R<H=/","NA","tpe","Samuel_II","15","37"
"Hebrew","R<H==/","NA","tpe","Judices","11","37"
"Hebrew","R<H=[","qal","tpe","Jesaia","44","20"
"Hebrew","R<H[","qal","tpe","Genesis","4","2"
"Hebrew","R<J/","NA","tpj","Reges_I","5","3"
"Hebrew","R<J=/","NA","tpj","Reges_I","1","8"
"Hebrew","R<JH/","NA","tpje","Canticum","1","9"
"Hebrew","R<JWN/","NA","tpjfn","Ecclesiastes","1","17"
"Hebrew","R<L/","NA","tpl","Sacharia","12","2"
"Hebrew","R<LH/","NA","tple","Jesaia","3","19"
"Hebrew","R<LJH/","NA","tplje","Esra","2","2"
"Hebrew","R<L[","hof","tpl","Nahum","2","4"
"Hebrew","R<M/","NA","tpm","Jesaia","29","6"
"Hebrew","R<M=[","qal","tpm","Ezechiel","27","35"
"Hebrew","R<MH/","NA","tpme","Iob","39","19"
"Hebrew","R<MH=/","NA","tpme","Genesis","10","7"
"Hebrew","R<MJH/","NA","tpmje","Nehemia","7","7"
"Hebrew","R<MSS/","NA","tpmoo","Genesis","47","11"
"Hebrew","R<M[","qal","tpm","Psalmi","96","11"
"Hebrew","R<NN/","NA","tpnn","Deuteronomium","12","2"
"Hebrew","R<N[","piel","tpn","Iob","15","32"
"Hebrew","R<P[","qal","tpq","Psalmi","65","12"
"Hebrew","R<W/","NA","tpf","Genesis","11","18"
"Hebrew","R<W>L/","NA","tpfal","Genesis","36","4"
"Hebrew","R<WT/","NA","tpfv","Exodus","11","2"
"Hebrew","R<WT=/","NA","tpfv","Ecclesiastes","1","14"
"Hebrew","R<Y[","qal","tpr","Exodus","15","6"
"Hebrew","R>C/","NA","tau","Genesis","2","10"
"Hebrew","R>C=/","NA","tau","Deuteronomium","29","17"
"Hebrew","R>C==/","NA","tau","Genesis","46","21"
"Hebrew","R>CH/","NA","taue","Ezechiel","36","11"
"Hebrew","R>CH=/","NA","taue","Sacharia","4","7"
"Hebrew","R>CJT/","NA","taujv","Genesis","1","1"
"Hebrew","R>CWN/","NA","taufn","Genesis","8","13"
"Hebrew","R>CWNJ/","NA","taufnj","Jeremia","25","1"
"Hebrew","R>H/","NA","tae","Samuel_I","9","9"
"Hebrew","R>H=/","NA","tae","Deuteronomium","14","13"
"Hebrew","R>H==/","NA","tae","Jesaia","28","7"
"Hebrew","R>H[","qal","tae","Genesis","1","4"
"Hebrew","R>J/","NA","taj","Genesis","16","13"
"Hebrew","R>J=/","NA","taj","Iob","37","18"
"Hebrew","R>JH/","NA","taje","Esra","2","47"
"Hebrew","R>M/","NA","tam","Numeri","23","22"
"Hebrew","R>MWT/","NA","tamfv","Ezechiel","27","16"
"Hebrew","RMT=/","NA","tmv","Deuteronomium","4","43"
"Hebrew","R>M[","qal","tam","Sacharia","14","10"
"Hebrew","R>WBN/","NA","tafbn","Genesis","29","32"
"Hebrew","R>WBNJ/","NA","tafbnj","Numeri","26","7"
"Hebrew","R>WH/","NA","tafe","Ezechiel","28","17"
"Hebrew","R>WMH/","NA","tafme","Genesis","22","24"
"Hebrew","R>WT/","NA","tafv","Ecclesiastes","5","10"
"Hebrew","RB/","NA","tb","Genesis","6","5"
"Hebrew","RB</","NA","tbp","Exodus","20","5"
"Hebrew","RB<=/","NA","tbp","Exodus","29","40"
"Hebrew","RB<==/","NA","tbp","Numeri","23","10"
"Hebrew","RB<===/","NA","tbp","Reges_II","6","25"
"Hebrew","RB<====/","NA","tbp","Numeri","31","8"
"Hebrew","RB<=[","qal","tbp","Leviticus","18","23"
"Hebrew","RB<[","qal","tbp","Exodus","27","1"
"Hebrew","RB=/","NA","tb","Genesis","16","10"
"Hebrew","RB==/","NA","tb","Reges_II","18","17"
"Hebrew","RB===/","NA","tb","Jeremia","50","29"
"Hebrew","RBB=[","qal","tbb","Genesis","49","23"
"Hebrew","RBBH/","NA","tbbe","Genesis","24","60"
"Hebrew","RBB[","qal","tbb","Genesis","6","1"
"Hebrew","RBD[","qal","tbd","Proverbia","7","16"
"Hebrew","RBH/","NA","tbe","Josua","13","25"
"Hebrew","RBH=[","qal","tbe","Genesis","21","20"
"Hebrew","RBH[","qal","tbe","Genesis","1","22"
"Hebrew","RBJ<J/","NA","tbjpj","Genesis","1","19"
"Hebrew","RBJBJM/","NA","tbjbjm","Deuteronomium","32","2"
"Hebrew","RBJD/","NA","tbjd","Genesis","41","42"
"Hebrew","RBJT/","NA","tbjv","Josua","19","20"
"Hebrew","RBK[","hof","tbk","Leviticus","6","14"
"Hebrew","RBLH/","NA","tble","Numeri","34","11"
"Hebrew","RBQH/","NA","tbse","Genesis","22","23"
"Hebrew","RBW>/","NA","tbfa","Jona","4","11"
"Hebrew","RBY/","NA","tbr","Jesaia","35","7"
"Hebrew","RBY[","qal","tbr","Genesis","4","7"
"Hebrew","RB_CQH/","NA","tb use","Reges_II","18","17"
"Hebrew","RC</","NA","tup","Genesis","18","23"
"Hebrew","RC<=/","NA","tup","Deuteronomium","9","27"
"Hebrew","RC<H/","NA","tupe","Deuteronomium","9","4"
"Hebrew","RC<[","qal","tup","Samuel_II","22","22"
"Hebrew","RCC[","piel","tuu","Jeremia","5","17"
"Hebrew","RCJWN/","NA","tujfn","Esra","3","7"
"Hebrew","RCM[","qal","tum","Daniel","10","21"
"Hebrew","RCP/","NA","tuq","Deuteronomium","32","24"
"Hebrew","RCP=/","NA","tuq","Chronica_I","7","25"
"Hebrew","RCT/","NA","tuv","Exodus","27","4"
"Hebrew","RDD[","qal","tdd","Judices","19","11"
"Hebrew","RDH=[","qal","tde","Judices","14","9"
"Hebrew","RDH[","qal","tde","Genesis","1","26"
"Hebrew","RDJ/","NA","tdj","Chronica_I","2","14"
"Hebrew","RDJD/","NA","tdjd","Jesaia","3","23"
"Hebrew","RDM[","nif","tdm","Judices","4","21"
"Hebrew","RDP[","qal","tdq","Genesis","14","14"
"Hebrew","RG</","NA","tcp","Exodus","33","5"
"Hebrew","RG<=/","NA","tcp","Psalmi","35","20"
"Hebrew","RG<[","qal","tcp","Jesaia","51","15"
"Hebrew","RGB/","NA","tcb","Iob","21","33"
"Hebrew","RGC/","NA","tcu","Psalmi","55","15"
"Hebrew","RGCH/","NA","tcue","Psalmi","64","3"
"Hebrew","RGC[","qal","tcu","Psalmi","2","1"
"Hebrew","RGL/","NA","tcl","Genesis","8","9"
"Hebrew","RGLJ/","NA","tclj","Exodus","12","37"
"Hebrew","RGLJM/","NA","tcljm","Samuel_II","17","27"
"Hebrew","RGL[","qal","tcl","Psalmi","15","3"
"Hebrew","RGM/","NA","tcm","Chronica_I","2","47"
"Hebrew","RGMH/","NA","tcme","Psalmi","68","28"
"Hebrew","RGM[","qal","tcm","Leviticus","20","2"
"Hebrew","RGM_MLK/","NA","tcm mlk","Sacharia","7","2"
"Hebrew","RGN[","qal","tcn","Jesaia","29","24"
"Hebrew","RGZ/","NA","tcg","Jesaia","14","3"
"Hebrew","RGZ=/","NA","tcg","Deuteronomium","28","65"
"Hebrew","RGZH/","NA","tcge","Ezechiel","12","18"
"Hebrew","RGZ[","qal","tcg","Genesis","45","24"
"Hebrew","RHB/","NA","teb","Psalmi","40","5"
"Hebrew","RHB=/","NA","teb","Psalmi","90","10"
"Hebrew","RHB==/","NA","teb","Jesaia","30","7"
"Hebrew","RHB[","qal","teb","Jesaia","3","5"
"Hebrew","RHGH/","NA","tece","Chronica_I","7","34"
"Hebrew","RHJV/","NA","teji","Canticum","1","17"
"Hebrew","RHV/","NA","tei","Genesis","30","38"
"Hebrew","RJ/","NA","tj","Iob","37","11"
"Hebrew","RJB/","NA","tjb","Genesis","13","7"
"Hebrew","RJBH/","NA","tjbe","Deuteronomium","17","8"
"Hebrew","RJBJ/","NA","tjbj","Samuel_II","23","29"
"Hebrew","RJB[","qal","tjb","Genesis","26","20"
"Hebrew","RJC/","NA","tju","Proverbia","6","11"
"Hebrew","RJPT/","NA","tjqv","Genesis","10","3"
"Hebrew","RJPWT/","NA","tjqfv","Samuel_II","17","19"
"Hebrew","RJQ/","NA","tjs","Leviticus","26","16"
"Hebrew","RJQ=/","NA","tjs","Genesis","37","24"
"Hebrew","RJQM","NA","tjsm","Genesis","31","42"
"Hebrew","RJQ[","hif","tjs","Genesis","14","14"
"Hebrew","RJR/","NA","tjt","Samuel_I","21","14"
"Hebrew","RJR[","qal","tjt","Leviticus","15","3"
"Hebrew","RJX/","NA","tjh","Genesis","8","21"
"Hebrew","RK/","NA","tk","Genesis","18","7"
"Hebrew","RK=/","NA","tk","Deuteronomium","28","56"
"Hebrew","RKB/","NA","tkb","Genesis","50","9"
"Hebrew","RKB=/","NA","tkb","Reges_I","22","34"
"Hebrew","RKB==/","NA","tkb","Samuel_II","4","2"
"Hebrew","RKBH/","NA","tkbe","Ezechiel","27","20"
"Hebrew","RKBJ/","NA","tkbj","Jeremia","35","2"
"Hebrew","RKB[","qal","tkb","Genesis","24","61"
"Hebrew","RKC/","NA","tku","Reges_I","5","8"
"Hebrew","RKC[","qal","tku","Genesis","12","5"
"Hebrew","RKH/","NA","tke","Chronica_I","4","12"
"Hebrew","RKJL/","NA","tkjl","Leviticus","19","16"
"Hebrew","RKK[","qal","tkk","Deuteronomium","20","3"
"Hebrew","RKL/","NA","tkl","Samuel_I","30","29"
"Hebrew","RKLH/","NA","tkle","Ezechiel","26","12"
"Hebrew","RKL[","qal","tkl","Reges_I","10","15"
"Hebrew","RKS/","NA","tko","Jesaia","40","4"
"Hebrew","RKS=/","NA","tko","Psalmi","31","21"
"Hebrew","RKS[","qal","tko","Exodus","28","28"
"Hebrew","RKWB/","NA","tkfb","Psalmi","104","3"
"Hebrew","RKWC/","NA","tkfu","Genesis","12","5"
"Hebrew","RM/","NA","tm","Iob","32","2"
"Hebrew","RMF/","NA","tmu","Genesis","1","24"
"Hebrew","RMF[","qal","tmu","Genesis","1","21"
"Hebrew","RMH/","NA","tme","Exodus","16","24"
"Hebrew","RMH=/","NA","tme","Josua","13","26"
"Hebrew","RMH==/","NA","tme","Josua","18","25"
"Hebrew","RMH=[","piel","tme","Genesis","29","25"
"Hebrew","RMH[","qal","tme","Exodus","15","1"
"Hebrew","RMJH/","NA","tmje","Jeremia","48","10"
"Hebrew","RMJH=/","NA","tmje","Micha","6","12"
"Hebrew","RMJH==/","NA","tmje","Esra","10","25"
"Hebrew","RMKH/","NA","tmke","Esther","8","10"
"Hebrew","RMLJHW/","NA","tmljef","Reges_II","15","25"
"Hebrew","RMM=[","qal","tmm","Iob","24","24"
"Hebrew","RMMTJ_<ZR/","NA","tmmvj pgt","Chronica_I","25","4"
"Hebrew","RMM[","qal","tmm","Exodus","16","20"
"Hebrew","RMS[","qal","tmo","Reges_II","7","17"
"Hebrew","RMT/","NA","tmv","Josua","19","21"
"Hebrew","RMTJ/","NA","tmvj","Chronica_I","27","27"
"Hebrew","RMWN/","NA","tmfn","Exodus","28","33"
"Hebrew","RMWN=/","NA","tmfn","Josua","19","7"
"Hebrew","RMWN==/","NA","tmfn","Reges_II","5","18"
"Hebrew","RMWN===/","NA","tmfn","Samuel_II","4","2"
"Hebrew","RMWNW/","NA","tmfnf","Chronica_I","6","62"
"Hebrew","RMWN_PRY/","NA","tmfn qtr","Numeri","33","19"
"Hebrew","RMWT/","NA","tmfv","Ezechiel","32","5"
"Hebrew","RMWT=/","NA","tmfv","Esra","10","29"
"Hebrew","RMX/","NA","tmh","Numeri","25","7"
"Hebrew","RN/","NA","tn","Psalmi","32","7"
"Hebrew","RNH/","NA","tne","Reges_I","8","28"
"Hebrew","RNH=/","NA","tne","Chronica_I","4","20"
"Hebrew","RNH[","qal","tne","Iob","39","23"
"Hebrew","RNNH/","NA","tnne","Psalmi","63","6"
"Hebrew","RNNJM/","NA","tnnjm","Iob","39","13"
"Hebrew","RNN[","qal","tnn","Leviticus","9","24"
"Hebrew","RP>/","NA","tqa","Chronica_I","4","12"
"Hebrew","RP>JM/","NA","tqajm","Jesaia","14","9"
"Hebrew","RP>JM=/","NA","tqajm","Genesis","14","5"
"Hebrew","RP>JM==/","NA","tqajm","Josua","15","8"
"Hebrew","RP>L/","NA","tqal","Chronica_I","26","7"
"Hebrew","RP>WT/","NA","tqafv","Proverbia","3","8"
"Hebrew","RP>[","qal","tqa","Genesis","20","17"
"Hebrew","RPC/","NA","tqu","Jesaia","57","20"
"Hebrew","RPD[","qal","tqd","Iob","41","22"
"Hebrew","RPF[","qal","tqu","Ezechiel","34","18"
"Hebrew","RPH/","NA","tqe","Numeri","13","18"
"Hebrew","RPH=/","NA","tqe","Chronica_I","8","37"
"Hebrew","RPH==/","NA","tqe","Samuel_II","21","16"
"Hebrew","RPH[","qal","tqe","Exodus","4","26"
"Hebrew","RPJDH/","NA","tqjde","Canticum","3","10"
"Hebrew","RPJDJM/","NA","tqjdjm","Exodus","17","1"
"Hebrew","RPJH/","NA","tqje","Nehemia","3","9"
"Hebrew","RPJWN/","NA","tqjfn","Jeremia","47","3"
"Hebrew","RPP[","piel","tqq","Iob","26","11"
"Hebrew","RPQ[","hit","tqs","Canticum","8","5"
"Hebrew","RPSDWT/","NA","tqodfv","Chronica_II","2","15"
"Hebrew","RPS[","qal","tqo","Ezechiel","32","2"
"Hebrew","RPT/","NA","tqv","Habakuk","3","17"
"Hebrew","RPW>/","NA","tqfa","Numeri","13","9"
"Hebrew","RPW>H/","NA","tqfae","Jeremia","30","13"
"Hebrew","RPX/","NA","tqh","Chronica_I","7","25"
"Hebrew","RQ","NA","ts","Genesis","6","5"
"Hebrew","RQ/","NA","ts","Jesaia","50","6"
"Hebrew","RQ</","NA","tsp","Numeri","17","3"
"Hebrew","RQ<[","qal","tsp","Samuel_II","22","43"
"Hebrew","RQ=/","NA","ts","Genesis","41","19"
"Hebrew","RQB/","NA","tsb","Hosea","5","12"
"Hebrew","RQBWN/","NA","tsbfn","Iob","41","19"
"Hebrew","RQB[","qal","tsb","Jesaia","40","20"
"Hebrew","RQD[","qal","tsd","Psalmi","114","4"
"Hebrew","RQH/","NA","tse","Judices","4","21"
"Hebrew","RQJ</","NA","tsjp","Genesis","1","6"
"Hebrew","RQJQ/","NA","tsjs","Exodus","29","2"
"Hebrew","RQM/","NA","tsm","Numeri","31","8"
"Hebrew","RQM=/","NA","tsm","Josua","18","27"
"Hebrew","RQMH/","NA","tsme","Judices","5","30"
"Hebrew","RQM[","qal","tsm","Exodus","26","36"
"Hebrew","RQQ[","qal","tss","Leviticus","15","8"
"Hebrew","RQT/","NA","tsv","Josua","19","35"
"Hebrew","RQWN/","NA","tsfn","Josua","19","46"
"Hebrew","RQX/","NA","tsh","Exodus","30","25"
"Hebrew","RQX=/","NA","tsh","Jesaia","57","9"
"Hebrew","RQX==/","NA","tsh","Samuel_I","8","13"
"Hebrew","RQX===/","NA","tsh","Canticum","8","2"
"Hebrew","RQX[","qal","tsh","Exodus","30","25"
"Hebrew","RSH/","NA","toe","Numeri","33","21"
"Hebrew","RSJS/","NA","tojo","Canticum","5","2"
"Hebrew","RSJS=/","NA","tojo","Amos","6","11"
"Hebrew","RSN/","NA","ton","Jesaia","30","28"
"Hebrew","RSN=/","NA","ton","Genesis","10","12"
"Hebrew","RSS[","qal","too","Ezechiel","46","14"
"Hebrew","RTM/","NA","tvm","Reges_I","19","4"
"Hebrew","RTMH/","NA","tvme","Numeri","33","18"
"Hebrew","RTM[","qal","tvm","Micha","1","13"
"Hebrew","RTQWT/","NA","tvsfv","Jesaia","40","19"
"Hebrew","RTQ[","nif","tvs","Ecclesiastes","12","6"
"Hebrew","RTT/","NA","tvv","Hosea","13","1"
"Hebrew","RTWQ/","NA","tvfs","Reges_I","6","21"
"Hebrew","RTX/","NA","tvh","Ezechiel","24","5"
"Hebrew","RTX[","piel","tvh","Ezechiel","24","5"
"Hebrew","RVB/","NA","tib","Iob","8","16"
"Hebrew","RVB[","qal","tib","Iob","24","8"
"Hebrew","RVC[","piel","tiu","Reges_II","8","12"
"Hebrew","RVPC[","qal","tiqu","Iob","33","25"
"Hebrew","RVV/","NA","tii","Jeremia","49","24"
"Hebrew","RW<[","pual","tfp","Jesaia","16","10"
"Hebrew","RWC[","qal","tfu","Samuel_I","18","23"
"Hebrew","RWDNJM/","NA","tfdnjm","Chronica_I","1","7"
"Hebrew","RWD[","qal","tfd","Jeremia","2","31"
"Hebrew","RWH/","NA","tfe","Deuteronomium","29","18"
"Hebrew","RWH[","qal","tfe","Jeremia","46","10"
"Hebrew","RWJH/","NA","tfje","Psalmi","23","5"
"Hebrew","RWM/","NA","tfm","Habakuk","3","10"
"Hebrew","RWM=/","NA","tfm","Jesaia","2","11"
"Hebrew","RWMH/","NA","tfme","Micha","2","3"
"Hebrew","RWMH=/","NA","tfme","Josua","15","52"
"Hebrew","RWMM/","NA","tfmm","Psalmi","66","17"
"Hebrew","RWMMT/","NA","tfmmv","Jesaia","33","3"
"Hebrew","RWM[","qal","tfm","Genesis","7","17"
"Hebrew","RWN[","hit","tfn","Psalmi","78","65"
"Hebrew","RWT/","NA","tfv","Ruth","1","4"
"Hebrew","RWX/","NA","tfh","Genesis","1","2"
"Hebrew","RWX=/","NA","tfh","Genesis","32","17"
"Hebrew","RWXH/","NA","tfhe","Exodus","8","11"
"Hebrew","RWX[","qal","tfh","Samuel_I","16","23"
"Hebrew","RWY[","qal","tfr","Genesis","18","2"
"Hebrew","RXB/","NA","thb","Genesis","34","21"
"Hebrew","RXB<M/","NA","thbpm","Reges_I","11","43"
"Hebrew","RXB=/","NA","thb","Genesis","6","15"
"Hebrew","RXB==/","NA","thb","Genesis","19","2"
"Hebrew","RXB===/","NA","thb","Josua","2","1"
"Hebrew","RXB====/","NA","thb","Numeri","13","21"
"Hebrew","RXB=====/","NA","thb","Samuel_II","8","3"
"Hebrew","RXB======/","NA","thb","Iob","36","16"
"Hebrew","RXBJH/","NA","thbje","Chronica_I","23","17"
"Hebrew","RXBJHW/","NA","thbjef","Chronica_I","24","21"
"Hebrew","RXBT_<JR/","NA","thbv pjt","Genesis","10","11"
"Hebrew","RXBWT/","NA","thbfv","Genesis","26","22"
"Hebrew","RXB[","qal","thb","Samuel_I","2","1"
"Hebrew","RXC[","qal","thu","Psalmi","45","2"
"Hebrew","RXJM/","NA","thjm","Exodus","11","5"
"Hebrew","RXL/","NA","thl","Genesis","31","38"
"Hebrew","RXL=/","NA","thl","Genesis","29","6"
"Hebrew","RXM/","NA","thm","Genesis","20","18"
"Hebrew","RXM=/","NA","thm","Leviticus","11","18"
"Hebrew","RXM==/","NA","thm","Chronica_I","2","44"
"Hebrew","RXMH/","NA","thme","Deuteronomium","14","17"
"Hebrew","RXMH=/","NA","thme","Judices","5","30"
"Hebrew","RXMH==/","NA","thme","Hosea","2","3"
"Hebrew","RXMJM/","NA","thmjm","Genesis","43","14"
"Hebrew","RXMNJ/","NA","thmnj","Threni","4","10"
"Hebrew","RXM[","qal","thm","Psalmi","18","2"
"Hebrew","RXP[","qal","thq","Jeremia","23","9"
"Hebrew","RXQ/","NA","ths","Psalmi","73","27"
"Hebrew","RXQ[","qal","ths","Exodus","23","7"
"Hebrew","RXT/","NA","thv","Jesaia","30","24"
"Hebrew","RXWM/","NA","thfm","Exodus","34","6"
"Hebrew","RXWM=/","NA","thfm","Esra","2","2"
"Hebrew","RXWQ/","NA","thfs","Genesis","22","4"
"Hebrew","RXY/","NA","thr","Psalmi","60","10"
"Hebrew","RXYH/","NA","thre","Canticum","4","2"
"Hebrew","RXY[","qal","thr","Genesis","18","4"
"Hebrew","RY/","NA","tr","Psalmi","68","31"
"Hebrew","RY<[","qal","trp","Exodus","21","6"
"Hebrew","RY>[","qal","tra","Ezechiel","1","14"
"Hebrew","RYD[","piel","trd","Psalmi","68","17"
"Hebrew","RYH=[","qal","tre","Leviticus","26","34"
"Hebrew","RYH[","qal","tre","Genesis","33","10"
"Hebrew","RYJ>/","NA","trja","Chronica_I","7","39"
"Hebrew","RYJN/","NA","trjn","Reges_II","15","37"
"Hebrew","RYP/","NA","trq","Reges_I","19","6"
"Hebrew","RYP=/","NA","trq","Reges_II","19","12"
"Hebrew","RYPH/","NA","trqe","Jesaia","6","6"
"Hebrew","RYPH=/","NA","trqe","Ezechiel","40","17"
"Hebrew","RYPH==/","NA","trqe","Samuel_II","3","7"
"Hebrew","RYP[","qal","trq","Canticum","3","10"
"Hebrew","RYWN/","NA","trfn","Genesis","49","6"
"Hebrew","RYX/","NA","trh","Ezechiel","21","27"
"Hebrew","RYX[","qal","trh","Exodus","20","13"
"Hebrew","RYY[","qal","trr","Deuteronomium","28","33"
"Hebrew","RZH/","NA","tge","Numeri","13","20"
"Hebrew","RZH[","qal","tge","Zephania","2","11"
"Hebrew","RZJ/","NA","tgj","Jesaia","24","16"
"Hebrew","RZM[","qal","tgm","Iob","15","12"
"Hebrew","RZN[","qal","tgn","Judices","5","3"
"Hebrew","RZWN/","NA","tgfn","Jesaia","10","16"
"Hebrew","RZWN=/","NA","tgfn","Proverbia","14","28"
"Hebrew","RZWN==/","NA","tgfn","Reges_I","11","23"
"Hebrew","S<D[","qal","opd","Genesis","18","5"
"Hebrew","S<H[","qal","ope","Psalmi","55","9"
"Hebrew","S<JP/","NA","opjq","Judices","15","8"
"Hebrew","S<JP=/","NA","opjq","Jesaia","17","6"
"Hebrew","S<P/","NA","opq","Psalmi","119","113"
"Hebrew","S<PH/","NA","opqe","Ezechiel","31","6"
"Hebrew","S<PJM/","NA","opqjm","Reges_I","18","21"
"Hebrew","S<P[","piel","opq","Jesaia","10","33"
"Hebrew","S<R/","NA","opt","Jeremia","23","19"
"Hebrew","S<RH/","NA","opte","Reges_II","2","1"
"Hebrew","S<R[","qal","opt","Jona","1","11"
"Hebrew","S>H/","NA","oae","Genesis","18","6"
"Hebrew","S>N[","qal","oan","Jesaia","9","4"
"Hebrew","S>S>[","piel","oaoa","Jesaia","27","8"
"Hebrew","S>WN/","NA","oafn","Jesaia","9","4"
"Hebrew","SB>/","NA","oba","Jesaia","1","22"
"Hebrew","SB>=/","NA","oba","Ezechiel","23","42"
"Hebrew","SB>==/","NA","oba","Genesis","10","7"
"Hebrew","SB>JM/","NA","obajm","Jesaia","45","14"
"Hebrew","SB>[","qal","oba","Deuteronomium","21","20"
"Hebrew","SBB[","qal","obb","Genesis","2","11"
"Hebrew","SBH/","NA","obe","Reges_I","12","15"
"Hebrew","SBJB/","NA","objb","Genesis","23","17"
"Hebrew","SBK/","NA","obk","Genesis","22","13"
"Hebrew","SBK=/","NA","obk","Jeremia","4","7"
"Hebrew","SBKJ/","NA","obkj","Samuel_II","21","18"
"Hebrew","SBK[","qal","obk","Nahum","1","10"
"Hebrew","SBL/","NA","obl","Reges_I","5","29"
"Hebrew","SBL=/","NA","obl","Reges_I","11","28"
"Hebrew","SBL==/","NA","obl","Jesaia","9","3"
"Hebrew","SBLT/","NA","oblv","Judices","12","6"
"Hebrew","SBLWT/","NA","oblfv","Exodus","1","11"
"Hebrew","SBL[","qal","obl","Genesis","49","15"
"Hebrew","SBRJM/","NA","obtjm","Ezechiel","47","16"
"Hebrew","SBT>/","NA","obva","Genesis","10","7"
"Hebrew","SBTK>/","NA","obvka","Genesis","10","7"
"Hebrew","SD/","NA","od","Iob","13","27"
"Hebrew","SDJN/","NA","odjn","Judices","14","12"
"Hebrew","SDM/","NA","odm","Genesis","10","19"
"Hebrew","SDR/","NA","odt","Iob","10","22"
"Hebrew","SGD[","qal","ocd","Jesaia","44","15"
"Hebrew","SGLH/","NA","ocle","Exodus","19","5"
"Hebrew","SGN/","NA","ocn","Jesaia","41","25"
"Hebrew","SGRJR/","NA","octjt","Proverbia","27","15"
"Hebrew","SGR[","qal","oct","Genesis","2","21"
"Hebrew","SGWR/","NA","ocft","Reges_I","6","20"
"Hebrew","SGWR=/","NA","ocft","Hosea","13","8"
"Hebrew","SHR/","NA","oet","Genesis","39","20"
"Hebrew","SHR=/","NA","oet","Canticum","7","3"
"Hebrew","SJ<>/","NA","ojpa","Esra","2","44"
"Hebrew","SJG/","NA","ojc","Jesaia","1","22"
"Hebrew","SJN/","NA","ojn","Exodus","16","1"
"Hebrew","SJN=/","NA","ojn","Ezechiel","30","15"
"Hebrew","SJNJ/","NA","ojnj","Genesis","10","17"
"Hebrew","SJNJ=/","NA","ojnj","Exodus","16","1"
"Hebrew","SJNJM/","NA","ojnjm","Jesaia","49","12"
"Hebrew","SJR/","NA","ojt","Exodus","16","3"
"Hebrew","SJRH/","NA","ojte","Jesaia","34","13"
"Hebrew","SJS/","NA","ojo","Jeremia","8","7"
"Hebrew","SJSR>/","NA","ojota","Judices","4","2"
"Hebrew","SJWN/","NA","ojfn","Esther","8","9"
"Hebrew","SJXWN/","NA","ojhfn","Numeri","21","21"
"Hebrew","SK/","NA","ok","Jeremia","25","38"
"Hebrew","SK=/","NA","ok","Psalmi","42","5"
"Hebrew","SKH/","NA","oke","Genesis","33","17"
"Hebrew","SKJ/","NA","okj","Chronica_II","12","3"
"Hebrew","SKK/","NA","okk","Nahum","2","6"
"Hebrew","SKK=[","qal","okk","Psalmi","139","13"
"Hebrew","SKKH/","NA","okke","Josua","15","61"
"Hebrew","SKK[","qal","okk","Exodus","25","20"
"Hebrew","SKL/","NA","okl","Jeremia","4","22"
"Hebrew","SKL=/","NA","okl","Ecclesiastes","10","6"
"Hebrew","SKLWT/","NA","oklfv","Ecclesiastes","2","3"
"Hebrew","SKL[","nif","okl","Samuel_I","13","13"
"Hebrew","SKN=[","pual","okn","Jesaia","40","20"
"Hebrew","SKN[","qal","okn","Reges_I","1","2"
"Hebrew","SKR=[","qal","okt","Esra","4","5"
"Hebrew","SKR[","nif","okt","Genesis","8","2"
"Hebrew","SKT[","hif","okv","Deuteronomium","27","9"
"Hebrew","SKWT/","NA","okfv","Genesis","33","17"
"Hebrew","SKWT=/","NA","okfv","Amos","5","26"
"Hebrew","SKWT_BNWT/","NA","okfv bnfv","Reges_II","17","30"
"Hebrew","SL/","NA","ol","Genesis","40","16"
"Hebrew","SL</","NA","olp","Numeri","20","8"
"Hebrew","SL<=/","NA","olp","Judices","1","36"
"Hebrew","SL<M/","NA","olpm","Leviticus","11","22"
"Hebrew","SL>/","NA","ola","Reges_II","12","21"
"Hebrew","SLD/","NA","old","Chronica_I","2","30"
"Hebrew","SLD[","piel","old","Iob","6","10"
"Hebrew","SLH","NA","ole","Habakuk","3","3"
"Hebrew","SLH=[","pual","ole","Iob","28","16"
"Hebrew","SLH[","qal","ole","Psalmi","119","118"
"Hebrew","SLJ/","NA","olj","Nehemia","11","8"
"Hebrew","SLJXH/","NA","oljhe","Psalmi","130","4"
"Hebrew","SLKH/","NA","olke","Deuteronomium","3","10"
"Hebrew","SLLH/","NA","olle","Samuel_II","20","15"
"Hebrew","SLL[","qal","oll","Jesaia","57","14"
"Hebrew","SLM/","NA","olm","Genesis","28","12"
"Hebrew","SLP/","NA","olq","Proverbia","11","3"
"Hebrew","SLP[","piel","olq","Exodus","23","8"
"Hebrew","SLQ[","qal","ols","Psalmi","139","8"
"Hebrew","SLSLH/","NA","olole","Jeremia","6","9"
"Hebrew","SLT/","NA","olv","Genesis","18","6"
"Hebrew","SLW>/","NA","olfa","Numeri","25","14"
"Hebrew","SLW>=/","NA","olfa","Nehemia","11","7"
"Hebrew","SLWN/","NA","olfn","Ezechiel","2","6"
"Hebrew","SLX/","NA","olh","Psalmi","86","5"
"Hebrew","SLX[","qal","olh","Exodus","34","9"
"Hebrew","SM/","NA","om","Exodus","25","6"
"Hebrew","SMDR/","NA","omdt","Canticum","2","13"
"Hebrew","SMGR_NBW/","NA","omct nbf","Jeremia","39","3"
"Hebrew","SMKJHW/","NA","omkjef","Chronica_I","26","7"
"Hebrew","SMK[","qal","omk","Genesis","27","37"
"Hebrew","SML/","NA","oml","Deuteronomium","4","16"
"Hebrew","SMM[","hif","omm","Reges_II","9","30"
"Hebrew","SMN[","nif","omn","Jesaia","28","25"
"Hebrew","SMR/","NA","omt","Jeremia","51","27"
"Hebrew","SMR[","qal","omt","Psalmi","119","120"
"Hebrew","SN>H/","NA","onae","Esra","2","35"
"Hebrew","SNBLV/","NA","onbli","Nehemia","2","10"
"Hebrew","SNH/","NA","one","Exodus","3","2"
"Hebrew","SNH=/","NA","one","Samuel_I","14","4"
"Hebrew","SNPJR/","NA","onqjt","Leviticus","11","9"
"Hebrew","SNSNH/","NA","onone","Canticum","7","9"
"Hebrew","SNSNH=/","NA","onone","Josua","15","31"
"Hebrew","SNW>H/","NA","onfae","Nehemia","11","9"
"Hebrew","SNWRJM/","NA","onftjm","Genesis","19","11"
"Hebrew","SNXRJB/","NA","onhtjb","Reges_II","18","13"
"Hebrew","SP/","NA","oq","Exodus","12","22"
"Hebrew","SP=/","NA","oq","Judices","19","27"
"Hebrew","SP==/","NA","oq","Samuel_II","21","18"
"Hebrew","SPD[","qal","oqd","Genesis","23","2"
"Hebrew","SPH[","qal","oqe","Genesis","18","23"
"Hebrew","SPJ/","NA","oqj","Chronica_I","20","4"
"Hebrew","SPJNH/","NA","oqjne","Jona","1","5"
"Hebrew","SPJR/","NA","oqjt","Exodus","24","10"
"Hebrew","SPJX/","NA","oqjh","Leviticus","25","5"
"Hebrew","SPJX=/","NA","oqjh","Iob","14","19"
"Hebrew","SPL/","NA","oql","Judices","5","25"
"Hebrew","SPN/","NA","oqn","Reges_I","6","15"
"Hebrew","SPN[","qal","oqn","Deuteronomium","33","21"
"Hebrew","SPP[","hit","oqq","Psalmi","84","11"
"Hebrew","SPQ[","qal","oqs","Numeri","24","10"
"Hebrew","SPR/","NA","oqt","Genesis","5","1"
"Hebrew","SPR=/","NA","oqt","Judices","5","14"
"Hebrew","SPR==/","NA","oqt","Chronica_II","2","16"
"Hebrew","SPR===/","NA","oqt","Genesis","10","30"
"Hebrew","SPRD/","NA","oqtd","Obadia","1","20"
"Hebrew","SPRH/","NA","oqte","Psalmi","56","9"
"Hebrew","SPRT/","NA","oqtv","Esra","2","55"
"Hebrew","SPRWJ/","NA","oqtfj","Reges_II","17","31"
"Hebrew","SPRWJM=/","NA","oqtfjm","Reges_II","17","24"
"Hebrew","SPRWT/","NA","oqtfv","Psalmi","71","15"
"Hebrew","SPR[","qal","oqt","Genesis","15","5"
"Hebrew","SPXT/","NA","oqhv","Leviticus","13","2"
"Hebrew","SPX[","qal","oqh","Samuel_I","2","36"
"Hebrew","SQL[","qal","osl","Exodus","8","22"
"Hebrew","SR/","NA","ot","Reges_I","20","43"
"Hebrew","SR<PH/","NA","otpqe","Ezechiel","31","5"
"Hebrew","SRB/","NA","otb","Ezechiel","2","6"
"Hebrew","SRD/","NA","otd","Genesis","46","14"
"Hebrew","SRDJ/","NA","otdj","Numeri","26","26"
"Hebrew","SRGWN/","NA","otcfn","Jesaia","20","1"
"Hebrew","SRH/","NA","ote","Deuteronomium","13","6"
"Hebrew","SRH=/","NA","ote","Jesaia","14","6"
"Hebrew","SRH==/","NA","ote","Samuel_II","3","26"
"Hebrew","SRJS/","NA","otjo","Genesis","37","36"
"Hebrew","SRJWN/","NA","otjfn","Jeremia","46","4"
"Hebrew","SRN/","NA","otn","Reges_I","7","30"
"Hebrew","SRNJM/","NA","otnjm","Josua","13","3"
"Hebrew","SRPD/","NA","otqd","Jesaia","55","13"
"Hebrew","SRP[","piel","otq","Amos","6","10"
"Hebrew","SRR[","qal","ott","Deuteronomium","21","18"
"Hebrew","SRWX/","NA","otfh","Exodus","26","13"
"Hebrew","SRX/","NA","oth","Exodus","26","12"
"Hebrew","SRX=[","nif","oth","Jeremia","49","7"
"Hebrew","SRX[","qal","oth","Exodus","26","12"
"Hebrew","SS/","NA","oo","Jesaia","51","8"
"Hebrew","SSMJ/","NA","oomj","Chronica_I","2","40"
"Hebrew","STM[","qal","ovm","Reges_II","3","19"
"Hebrew","STR/","NA","ovt","Deuteronomium","13","7"
"Hebrew","STRH/","NA","ovte","Deuteronomium","32","38"
"Hebrew","STRJ/","NA","ovtj","Exodus","6","22"
"Hebrew","STR[","nif","ovt","Genesis","4","14"
"Hebrew","STW/","NA","ovf","Canticum","2","11"
"Hebrew","STWR/","NA","ovft","Numeri","13","13"
"Hebrew","SVJM/","NA","oijm","Psalmi","101","3"
"Hebrew","SW>/","NA","ofa","Reges_II","17","4"
"Hebrew","SWD/","NA","ofd","Genesis","49","6"
"Hebrew","SWDJ/","NA","ofdj","Numeri","13","10"
"Hebrew","SWG=[","qal","ofc","Canticum","7","3"
"Hebrew","SWGR/","NA","ofct","Ezechiel","19","9"
"Hebrew","SWG[","qal","ofc","Psalmi","53","4"
"Hebrew","SWK=[","piel","ofk","Jesaia","9","10"
"Hebrew","SWK[","qal","ofk","Deuteronomium","28","40"
"Hebrew","SWP/","NA","ofq","Exodus","2","3"
"Hebrew","SWP=/","NA","ofq","Joel","2","20"
"Hebrew","SWP==/","NA","ofq","Deuteronomium","1","1"
"Hebrew","SWPH/","NA","ofqe","Jesaia","5","28"
"Hebrew","SWPH=/","NA","ofqe","Numeri","21","14"
"Hebrew","SWP[","qal","ofq","Jesaia","66","17"
"Hebrew","SWR/","NA","oft","Jesaia","49","21"
"Hebrew","SWR=/","NA","oft","Reges_II","11","6"
"Hebrew","SWR[","qal","oft","Genesis","19","2"
"Hebrew","SWS/","NA","ofo","Genesis","47","17"
"Hebrew","SWSH/","NA","ofoe","Canticum","1","9"
"Hebrew","SWSJ/","NA","ofoj","Numeri","13","11"
"Hebrew","SWT/","NA","ofv","Genesis","49","11"
"Hebrew","SWT[","hif","ofv","Deuteronomium","13","7"
"Hebrew","SWVJ/","NA","ofij","Esra","2","55"
"Hebrew","SWX/","NA","ofh","Chronica_I","7","36"
"Hebrew","SWXH/","NA","ofhe","Jesaia","5","25"
"Hebrew","SXBWT/","NA","ohbfv","Jeremia","38","11"
"Hebrew","SXB[","qal","ohb","Samuel_II","17","13"
"Hebrew","SXH[","piel","ohe","Ezechiel","26","4"
"Hebrew","SXJ/","NA","ohj","Threni","3","45"
"Hebrew","SXJC/","NA","ohju","Reges_II","19","29"
"Hebrew","SXP[","qal","ohq","Proverbia","28","3"
"Hebrew","SXR/","NA","oht","Jesaia","23","3"
"Hebrew","SXRH/","NA","ohte","Psalmi","91","4"
"Hebrew","SXRH=/","NA","ohte","Ezechiel","27","15"
"Hebrew","SXRT/","NA","ohtv","Esther","1","6"
"Hebrew","SXR[","qal","oht","Genesis","23","16"
"Hebrew","T<<[","piel","vpp","Genesis","27","12"
"Hebrew","T<B[","nif","vpb","Jesaia","14","19"
"Hebrew","T<H[","qal","vpe","Genesis","21","14"
"Hebrew","T<LH/","NA","vple","Reges_I","18","32"
"Hebrew","T<LH=/","NA","vple","Jeremia","30","13"
"Hebrew","T<LM/","NA","vplm","Iob","28","11"
"Hebrew","T<LMH/","NA","vplme","Psalmi","44","22"
"Hebrew","T<LWLJM/","NA","vplfljm","Jesaia","3","4"
"Hebrew","T<NJT/","NA","vpnjv","Esra","9","5"
"Hebrew","T<NK/","NA","vpnk","Josua","12","21"
"Hebrew","T<NWG/","NA","vpnfc","Micha","1","16"
"Hebrew","T<R/","NA","vpt","Numeri","6","5"
"Hebrew","T<RWBWT/","NA","vptfbfv","Reges_II","14","14"
"Hebrew","T<T<JM/","NA","vpvpjm","Jeremia","10","15"
"Hebrew","T<W/","NA","vpf","Samuel_II","8","9"
"Hebrew","T<WDH/","NA","vpfde","Jesaia","8","16"
"Hebrew","T<WPH/","NA","vpfqe","Iob","11","17"
"Hebrew","T<YMWT/","NA","vprmfv","Psalmi","68","36"
"Hebrew","T>/","NA","va","Reges_I","14","28"
"Hebrew","T>B=[","piel","vab","Amos","6","8"
"Hebrew","T>BH/","NA","vabe","Psalmi","119","20"
"Hebrew","T>B[","qal","vab","Psalmi","119","40"
"Hebrew","T>CWR/","NA","vauft","Jesaia","41","19"
"Hebrew","T>H[","piel","vae","Numeri","34","7"
"Hebrew","T>LH/","NA","vale","Threni","3","65"
"Hebrew","T>M[","hif","vam","Canticum","4","2"
"Hebrew","T>NH/","NA","vane","Genesis","3","7"
"Hebrew","T>NH=/","NA","vane","Judices","14","4"
"Hebrew","T>NH==/","NA","vane","Jeremia","2","24"
"Hebrew","T>NJH/","NA","vanje","Jesaia","29","2"
"Hebrew","T>NJM/","NA","vanjm","Ezechiel","24","12"
"Hebrew","T>NT_CLH/","NA","vanv ule","Josua","16","6"
"Hebrew","T>R/","NA","vat","Genesis","29","17"
"Hebrew","T>R</","NA","vatp","Chronica_I","8","35"
"Hebrew","T>R[","qal","vat","Josua","15","9"
"Hebrew","T>W/","NA","vaf","Deuteronomium","14","5"
"Hebrew","T>WH/","NA","vafe","Genesis","3","6"
"Hebrew","TB<RH/","NA","vbpte","Numeri","11","3"
"Hebrew","TBH/","NA","vbe","Genesis","6","14"
"Hebrew","TBH=/","NA","vbe","Exodus","2","3"
"Hebrew","TBL/","NA","vbl","Samuel_I","2","8"
"Hebrew","TBL=/","NA","vbl","Leviticus","18","23"
"Hebrew","TBL==/","NA","vbl","Genesis","10","2"
"Hebrew","TBLJT/","NA","vbljv","Jesaia","10","25"
"Hebrew","TBLL/","NA","vbll","Leviticus","21","20"
"Hebrew","TBN/","NA","vbn","Genesis","24","25"
"Hebrew","TBNJ/","NA","vbnj","Reges_I","16","21"
"Hebrew","TBNJT/","NA","vbnjv","Exodus","25","9"
"Hebrew","TBR[","nif","vbt","Samuel_II","22","27"
"Hebrew","TBW>H/","NA","vbfae","Genesis","47","24"
"Hebrew","TBWNH/","NA","vbfne","Exodus","31","3"
"Hebrew","TBWR/","NA","vbft","Josua","19","22"
"Hebrew","TBWSH/","NA","vbfoe","Chronica_II","22","7"
"Hebrew","TBY/","NA","vbr","Judices","9","50"
"Hebrew","TC</","NA","vup","Genesis","5","5"
"Hebrew","TC>H/","NA","vuae","Jesaia","22","2"
"Hebrew","TCBJ/","NA","vubj","Reges_I","17","1"
"Hebrew","TCBY/","NA","vubr","Exodus","28","4"
"Hebrew","TCJ<J/","NA","vujpj","Leviticus","25","22"
"Hebrew","TCW<H/","NA","vufpe","Judices","15","18"
"Hebrew","TCWBH/","NA","vufbe","Samuel_I","7","17"
"Hebrew","TCWQH/","NA","vufse","Genesis","3","16"
"Hebrew","TCWRH/","NA","vufte","Samuel_I","9","7"
"Hebrew","TD<L/","NA","vdpl","Genesis","14","1"
"Hebrew","TDHR/","NA","vdet","Jesaia","41","19"
"Hebrew","TDMR/","NA","vdmt","Reges_I","9","18"
"Hebrew","TFWMT/","NA","vufmv","Leviticus","5","21"
"Hebrew","TGLT_PL>SR/","NA","vclv qlaot","Reges_II","15","29"
"Hebrew","TGRH/","NA","vcte","Psalmi","39","11"
"Hebrew","TWGRMH/","NA","vfctme","Genesis","10","3"
"Hebrew","THLH/","NA","vele","Exodus","15","11"
"Hebrew","THLH=/","NA","vele","Iob","4","18"
"Hebrew","THLKT/","NA","velkv","Nehemia","12","31"
"Hebrew","THPKWT/","NA","veqkfv","Deuteronomium","32","20"
"Hebrew","THW/","NA","vef","Genesis","1","2"
"Hebrew","THWM/","NA","vefm","Genesis","1","2"
"Hebrew","TJC/","NA","vju","Genesis","30","35"
"Hebrew","TJKWN/","NA","vjkfn","Exodus","26","28"
"Hebrew","TJLWN/","NA","vjlfn","Chronica_I","4","20"
"Hebrew","TJM>/","NA","vjma","Genesis","25","15"
"Hebrew","TJMN/","NA","vjmn","Exodus","26","18"
"Hebrew","TJMN=/","NA","vjmn","Genesis","36","11"
"Hebrew","TJMNJ/","NA","vjmnj","Genesis","36","34"
"Hebrew","TJMNJ=/","NA","vjmnj","Chronica_I","4","6"
"Hebrew","TJMRH/","NA","vjmte","Joel","3","3"
"Hebrew","TJRJ>/","NA","vjtja","Chronica_I","4","16"
"Hebrew","TJRS/","NA","vjto","Genesis","10","2"
"Hebrew","TJRWC/","NA","vjtfu","Genesis","27","28"
"Hebrew","TJYJ/","NA","vjrj","Chronica_I","11","45"
"Hebrew","TK/","NA","vk","Psalmi","10","7"
"Hebrew","TKH[","pual","vke","Deuteronomium","33","3"
"Hebrew","TKJJM/","NA","vkjjm","Reges_I","10","22"
"Hebrew","TKLH/","NA","vkle","Psalmi","119","96"
"Hebrew","TKLJT/","NA","vkljv","Psalmi","139","22"
"Hebrew","TKLT/","NA","vklv","Exodus","25","4"
"Hebrew","TKN/","NA","vkn","Exodus","5","18"
"Hebrew","TKN=/","NA","vkn","Chronica_I","4","32"
"Hebrew","TKNJT/","NA","vknjv","Ezechiel","28","12"
"Hebrew","TKN[","qal","vkn","Proverbia","16","2"
"Hebrew","TKRJK/","NA","vktjk","Esther","8","15"
"Hebrew","TKWNH/","NA","vkfne","Ezechiel","43","11"
"Hebrew","TL/","NA","vl","Deuteronomium","13","17"
"Hebrew","TL<[","pual","vlp","Nahum","2","4"
"Hebrew","TL>BWT/","NA","vlabfv","Hosea","13","5"
"Hebrew","TL>FR/","NA","vlaut","Reges_II","19","12"
"Hebrew","TL>H/","NA","vlae","Exodus","18","8"
"Hebrew","TL>[","qal","vla","Deuteronomium","28","66"
"Hebrew","TLBCT/","NA","vlbuv","Jesaia","59","17"
"Hebrew","TLGT_PLN>SR/","NA","vlcv qlnaot","Chronica_I","5","6"
"Hebrew","TLH[","qal","vle","Genesis","40","19"
"Hebrew","TLJ/","NA","vlj","Genesis","27","3"
"Hebrew","TLL[","hif","vll","Genesis","31","7"
"Hebrew","TLM/","NA","vlm","Hosea","10","4"
"Hebrew","TLMJ/","NA","vlmj","Numeri","13","22"
"Hebrew","TLMJD/","NA","vlmjd","Chronica_I","25","8"
"Hebrew","TLNWT/","NA","vlnfv","Exodus","16","7"
"Hebrew","TLPJWT/","NA","vlqjfv","Canticum","4","4"
"Hebrew","TLTL/","NA","vlvl","Canticum","5","11"
"Hebrew","TLWL/","NA","vlfl","Ezechiel","17","22"
"Hebrew","TLX/","NA","vlh","Chronica_I","7","25"
"Hebrew","TL_>BJB/","NA","vl abjb","Ezechiel","3","15"
"Hebrew","TL_MLX/","NA","vl mlh","Esra","2","59"
"Hebrew","TL_XRC>/","NA","vl htua","Esra","2","59"
"Hebrew","TM/","NA","vm","Genesis","25","27"
"Hebrew","TM=/","NA","vm","Genesis","20","5"
"Hebrew","TMH/","NA","vme","Iob","2","3"
"Hebrew","TMHWN/","NA","vmefn","Deuteronomium","28","28"
"Hebrew","TMH[","qal","vme","Genesis","43","33"
"Hebrew","TMJD/","NA","vmjd","Exodus","25","30"
"Hebrew","TMJM/","NA","vmjm","Genesis","6","9"
"Hebrew","TMJM=/","NA","vmjm","Exodus","28","30"
"Hebrew","TMK[","qal","vmk","Genesis","48","17"
"Hebrew","TMM[","qal","vmm","Genesis","47","15"
"Hebrew","TMN</","NA","vmnp","Genesis","36","12"
"Hebrew","TMNH/","NA","vmne","Genesis","38","12"
"Hebrew","TMNJ/","NA","vmnj","Judices","15","6"
"Hebrew","TMNT_SRX/","NA","vmnv oth","Josua","19","50"
"Hebrew","TMNT_XRS/","NA","vmnv hto","Judices","2","9"
"Hebrew","TMR/","NA","vmt","Exodus","15","27"
"Hebrew","TMR=/","NA","vmt","Judices","4","5"
"Hebrew","TMR==/","NA","vmt","Jeremia","10","5"
"Hebrew","TMR===/","NA","vmt","Genesis","38","6"
"Hebrew","TMR====/","NA","vmt","Ezechiel","47","19"
"Hebrew","TMRH/","NA","vmte","Reges_I","6","29"
"Hebrew","TMRWQ/","NA","vmtfs","Proverbia","20","30"
"Hebrew","TMRWRJM/","NA","vmtftjm","Jeremia","6","26"
"Hebrew","TMRWRJM=/","NA","vmtftjm","Jeremia","31","21"
"Hebrew","TMS/","NA","vmo","Psalmi","58","9"
"Hebrew","TMWL/","NA","vmfl","Genesis","31","2"
"Hebrew","TMWNH/","NA","vmfne","Exodus","20","4"
"Hebrew","TMWRH/","NA","vmfte","Leviticus","27","10"
"Hebrew","TMWTH/","NA","vmfve","Psalmi","79","11"
"Hebrew","TMWZ/","NA","vmfg","Ezechiel","8","14"
"Hebrew","TMX/","NA","vmh","Esra","2","53"
"Hebrew","TN/","NA","vn","Jesaia","13","22"
"Hebrew","TNCMT/","NA","vnumv","Leviticus","11","18"
"Hebrew","TNCMT=/","NA","vnumv","Leviticus","11","30"
"Hebrew","TNH[","qal","vne","Hosea","8","10"
"Hebrew","TNJN/","NA","vnjn","Genesis","1","21"
"Hebrew","TNW>H/","NA","vnfae","Numeri","14","34"
"Hebrew","TNWBH/","NA","vnfbe","Deuteronomium","32","13"
"Hebrew","TNWK/","NA","vnfk","Exodus","29","20"
"Hebrew","TNWMH/","NA","vnfme","Psalmi","132","4"
"Hebrew","TNWPH/","NA","vnfqe","Exodus","29","24"
"Hebrew","TNWR/","NA","vnft","Genesis","15","17"
"Hebrew","TNXMT/","NA","vnhmv","Reges_II","25","23"
"Hebrew","TNXWMJM/","NA","vnhfmjm","Jesaia","66","11"
"Hebrew","TNXWMWT/","NA","vnhfmfv","Iob","15","11"
"Hebrew","TP/","NA","vq","Genesis","31","27"
"Hebrew","TP>RH/","NA","vqate","Jesaia","28","5"
"Hebrew","TP>RT/","NA","vqatv","Exodus","28","2"
"Hebrew","TPF[","qal","vqu","Genesis","4","21"
"Hebrew","TPJNJM/","NA","vqjnjm","Leviticus","6","14"
"Hebrew","TPL/","NA","vql","Ezechiel","13","10"
"Hebrew","TPL=/","NA","vql","Iob","6","6"
"Hebrew","TPL==/","NA","vql","Deuteronomium","1","1"
"Hebrew","TPLH/","NA","vqle","Samuel_II","7","27"
"Hebrew","TPLH=/","NA","vqle","Jeremia","23","13"
"Hebrew","TPLYT/","NA","vqlrv","Jeremia","49","16"
"Hebrew","TPL[","hit","vql","Samuel_II","22","27"
"Hebrew","TPP[","qal","vqq","Psalmi","68","26"
"Hebrew","TPR[","qal","vqt","Genesis","3","7"
"Hebrew","TPSX/","NA","vqoh","Reges_I","5","4"
"Hebrew","TPT/","NA","vqv","Iob","17","6"
"Hebrew","TPT=/","NA","vqv","Reges_II","23","10"
"Hebrew","TPTH/","NA","vqve","Jesaia","30","33"
"Hebrew","TPWX/","NA","vqfh","Joel","1","12"
"Hebrew","TPWX=/","NA","vqfh","Josua","12","17"
"Hebrew","TPX/","NA","vqh","Chronica_I","2","43"
"Hebrew","TQ</","NA","vsp","Psalmi","150","3"
"Hebrew","TQ<[","qal","vsp","Genesis","31","25"
"Hebrew","TQHT/","NA","vsev","Chronica_II","34","22"
"Hebrew","TQJP/","NA","vsjq","Ecclesiastes","6","10"
"Hebrew","TQN[","qal","vsn","Ecclesiastes","1","15"
"Hebrew","TQP/","NA","vsq","Esther","9","29"
"Hebrew","TQP[","qal","vsq","Iob","14","20"
"Hebrew","TQW</","NA","vsfp","Ezechiel","7","14"
"Hebrew","TQW<=/","NA","vsfp","Samuel_II","14","2"
"Hebrew","TQW<J/","NA","vsfpj","Samuel_II","14","4"
"Hebrew","TQWH/","NA","vsfe","Jeremia","29","11"
"Hebrew","TQWH=/","NA","vsfe","Josua","2","18"
"Hebrew","TQWH==/","NA","vsfe","Reges_II","22","14"
"Hebrew","TQWMH/","NA","vsfme","Leviticus","26","37"
"Hebrew","TQWPH/","NA","vsfqe","Exodus","34","22"
"Hebrew","TR<LH/","NA","vtple","Jesaia","51","17"
"Hebrew","TR<TJ/","NA","vtpvj","Chronica_I","2","55"
"Hebrew","TR>LH/","NA","vtale","Josua","18","27"
"Hebrew","TRBJT/","NA","vtbjv","Leviticus","25","36"
"Hebrew","TRBWT/","NA","vtbfv","Numeri","32","14"
"Hebrew","TRC/","NA","vtu","Esther","2","21"
"Hebrew","TRCJC/","NA","vtuju","Exodus","28","20"
"Hebrew","TRCJC=/","NA","vtuju","Genesis","10","4"
"Hebrew","TRCJC==/","NA","vtuju","Esther","1","14"
"Hebrew","TRCT>/","NA","vtuva","Esra","2","63"
"Hebrew","TRDMH/","NA","vtdme","Genesis","2","21"
"Hebrew","TRGM[","pual","vtcm","Esra","4","7"
"Hebrew","TRHQH/","NA","vtese","Reges_II","19","9"
"Hebrew","TRMH/","NA","vtme","Judices","9","31"
"Hebrew","TRMJT/","NA","vtmjv","Jeremia","8","5"
"Hebrew","TRN/","NA","vtn","Jesaia","30","17"
"Hebrew","TRPJM/","NA","vtqjm","Genesis","31","19"
"Hebrew","TRTN/","NA","vtvn","Reges_II","18","17"
"Hebrew","TRTQ/","NA","vtvs","Reges_II","17","31"
"Hebrew","TRW<H/","NA","vtfpe","Leviticus","23","24"
"Hebrew","TRWMH/","NA","vtfme","Exodus","25","2"
"Hebrew","TRWMJH/","NA","vtfmje","Ezechiel","48","12"
"Hebrew","TRWPH/","NA","vtfqe","Ezechiel","47","12"
"Hebrew","TRX/","NA","vth","Genesis","11","24"
"Hebrew","TRX=/","NA","vth","Numeri","33","27"
"Hebrew","TRXNH/","NA","vthne","Chronica_I","2","48"
"Hebrew","TRYH/","NA","vtre","Josua","12","24"
"Hebrew","TRYH=/","NA","vtre","Numeri","26","33"
"Hebrew","TRZH/","NA","vtge","Jesaia","44","14"
"Hebrew","TW/","NA","vf","Ezechiel","9","4"
"Hebrew","TW<BH/","NA","vfpbe","Genesis","43","32"
"Hebrew","TW<H/","NA","vfpe","Jesaia","32","6"
"Hebrew","TW<PWT/","NA","vfpqfv","Numeri","23","22"
"Hebrew","TW>MM/","NA","vfamm","Genesis","25","24"
"Hebrew","TWBL_QJN/","NA","vfbl sjn","Genesis","4","22"
"Hebrew","TWCB/","NA","vfub","Genesis","23","4"
"Hebrew","TWCJH/","NA","vfuje","Jesaia","28","29"
"Hebrew","TWDH/","NA","vfde","Leviticus","7","12"
"Hebrew","TWGH/","NA","vfce","Psalmi","119","28"
"Hebrew","TWH=[","piel","vfe","Samuel_I","21","14"
"Hebrew","TWH[","hif","vfe","Psalmi","78","41"
"Hebrew","TWK/","NA","vfk","Genesis","1","6"
"Hebrew","TWKXH/","NA","vfkhe","Reges_II","19","3"
"Hebrew","TWKXT/","NA","vfkhv","Ezechiel","5","15"
"Hebrew","TWL</","NA","vflp","Exodus","16","20"
"Hebrew","TWL<=/","NA","vflp","Genesis","46","13"
"Hebrew","TWL<H/","NA","vflpe","Jesaia","14","11"
"Hebrew","TWL<J/","NA","vflpj","Numeri","26","23"
"Hebrew","TWL<T/","NA","vflpv","Exodus","25","4"
"Hebrew","TWLD/","NA","vfld","Chronica_I","4","29"
"Hebrew","TWLDWT/","NA","vfldfv","Genesis","2","4"
"Hebrew","TWLL/","NA","vfll","Psalmi","137","3"
"Hebrew","TWQ<JM/","NA","vfspjm","Proverbia","11","15"
"Hebrew","TWR/","NA","vft","Genesis","15","9"
"Hebrew","TWR=/","NA","vft","Canticum","1","10"
"Hebrew","TWRH/","NA","vfte","Genesis","26","5"
"Hebrew","TWR[","qal","vft","Numeri","10","33"
"Hebrew","TWTX/","NA","vfvh","Iob","41","21"
"Hebrew","TWX/","NA","vfh","Chronica_I","6","19"
"Hebrew","TWXLT/","NA","vfhlv","Psalmi","39","8"
"Hebrew","TWY>WT/","NA","vfrafv","Numeri","34","4"
"Hebrew","TXBLWT/","NA","vhblfv","Iob","37","12"
"Hebrew","TXC/","NA","vhu","Exodus","25","5"
"Hebrew","TXC=/","NA","vhu","Genesis","22","24"
"Hebrew","TXKMNJ/","NA","vhkmnj","Samuel_II","23","8"
"Hebrew","TXL>JM/","NA","vhlajm","Deuteronomium","29","21"
"Hebrew","TXLH/","NA","vhle","Genesis","13","3"
"Hebrew","TXMS/","NA","vhmo","Leviticus","11","16"
"Hebrew","TXN/","NA","vhn","Numeri","26","35"
"Hebrew","TXNH/","NA","vhne","Josua","11","20"
"Hebrew","TXNH=/","NA","vhne","Chronica_I","4","12"
"Hebrew","TXNJ/","NA","vhnj","Numeri","26","35"
"Hebrew","TXNTJ/","NA","vhnvj","Reges_II","6","8"
"Hebrew","TXNWN/","NA","vhnfn","Jeremia","3","21"
"Hebrew","TXPNJS/","NA","vhqnjo","Reges_I","11","19"
"Hebrew","TXPNXS/","NA","vhqnho","Jeremia","2","16"
"Hebrew","TXR</","NA","vhtp","Chronica_I","9","41"
"Hebrew","TXR>/","NA","vhta","Exodus","28","32"
"Hebrew","TXT/","NA","vhv","Genesis","1","7"
"Hebrew","TXT=/","NA","vhv","Numeri","33","26"
"Hebrew","TXT==/","NA","vhv","Chronica_I","6","9"
"Hebrew","TXTJ/","NA","vhvj","Genesis","6","16"
"Hebrew","TXTJM_XDCJ/","NA","vhvjm hduj","Samuel_II","24","6"
"Hebrew","TXTWN/","NA","vhvfn","Reges_I","6","6"
"Hebrew","TXW/","NA","vhf","Samuel_I","1","1"
"Hebrew","TZNWT/","NA","vgnfv","Ezechiel","16","15"
"Hebrew","TZZ[","hif","vgg","Jesaia","18","5"
"Hebrew","V<H[","hif","ipe","Ezechiel","13","10"
"Hebrew","V<M/","NA","ipm","Exodus","16","31"
"Hebrew","V<M[","qal","ipm","Samuel_I","14","24"
"Hebrew","V<N=[","pual","ipn","Jesaia","14","19"
"Hebrew","V<N[","qal","ipn","Genesis","45","17"
"Hebrew","V>V>[","piel","iaia","Jesaia","14","23"
"Hebrew","VB<T/","NA","ibpv","Genesis","41","42"
"Hebrew","VB<WT/","NA","ibpfv","Esra","2","43"
"Hebrew","VB<[","qal","ibp","Samuel_I","17","49"
"Hebrew","VB>L/","NA","ibal","Jesaia","7","6"
"Hebrew","VBLJHW/","NA","ibljef","Chronica_I","26","11"
"Hebrew","VBL[","qal","ibl","Genesis","37","31"
"Hebrew","VBRMN/","NA","ibtmn","Reges_I","15","18"
"Hebrew","VBT/","NA","ibv","Judices","7","22"
"Hebrew","VBT=/","NA","ibv","Esther","2","16"
"Hebrew","VBWLJM/","NA","ibfljm","Ezechiel","23","15"
"Hebrew","VBWR/","NA","ibft","Judices","9","37"
"Hebrew","VBX/","NA","ibh","Genesis","43","16"
"Hebrew","VBX=/","NA","ibh","Genesis","37","36"
"Hebrew","VBX==/","NA","ibh","Genesis","22","24"
"Hebrew","VBXH/","NA","ibhe","Samuel_I","25","11"
"Hebrew","VBXH=/","NA","ibhe","Samuel_I","8","13"
"Hebrew","VBXT/","NA","ibhv","Chronica_I","18","8"
"Hebrew","VBX[","qal","ibh","Genesis","43","16"
"Hebrew","VHR/","NA","iet","Genesis","7","2"
"Hebrew","VHR=/","NA","iet","Exodus","24","10"
"Hebrew","VHRH/","NA","iete","Leviticus","12","4"
"Hebrew","VHR[","qal","iet","Leviticus","11","32"
"Hebrew","VJRH/","NA","ijte","Genesis","25","16"
"Hebrew","VJV/","NA","iji","Samuel_II","22","43"
"Hebrew","VJX/","NA","ijh","Ezechiel","13","12"
"Hebrew","VL/","NA","il","Genesis","27","28"
"Hebrew","VL>JM/","NA","ilajm","Samuel_I","15","4"
"Hebrew","VL>[","qal","ila","Genesis","30","32"
"Hebrew","VLH/","NA","ile","Samuel_I","7","9"
"Hebrew","VLJ/","NA","ilj","Jesaia","40","11"
"Hebrew","VLL[","piel","ill","Nehemia","3","15"
"Hebrew","VLM/","NA","ilm","Josua","15","24"
"Hebrew","VLM=/","NA","ilm","Esra","10","24"
"Hebrew","VLMWN/","NA","ilmfn","Esra","2","42"
"Hebrew","VLVLH/","NA","ilile","Jesaia","22","17"
"Hebrew","VM>/","NA","ima","Leviticus","5","2"
"Hebrew","VM>H/","NA","imae","Leviticus","5","3"
"Hebrew","VM>[","qal","ima","Leviticus","5","3"
"Hebrew","VMH[","nif","ime","Iob","18","3"
"Hebrew","VMN[","qal","imn","Genesis","35","4"
"Hebrew","VN>/","NA","ina","Deuteronomium","26","2"
"Hebrew","VNP[","piel","inq","Canticum","5","3"
"Hebrew","VP/","NA","iq","Genesis","34","29"
"Hebrew","VPC[","qal","iqu","Psalmi","119","70"
"Hebrew","VPL[","qal","iql","Psalmi","119","69"
"Hebrew","VPP[","qal","iqq","Jesaia","3","16"
"Hebrew","VPSR/","NA","iqot","Jeremia","51","27"
"Hebrew","VPT/","NA","iqv","Reges_I","4","11"
"Hebrew","VPX/","NA","iqh","Reges_I","7","26"
"Hebrew","VPX=/","NA","iqh","Exodus","25","25"
"Hebrew","VPX=[","piel","iqh","Threni","2","22"
"Hebrew","VPXH/","NA","iqhe","Reges_I","7","9"
"Hebrew","VPXJM/","NA","iqhjm","Threni","2","20"
"Hebrew","VPX[","piel","iqh","Jesaia","48","13"
"Hebrew","VRD[","qal","itd","Proverbia","19","13"
"Hebrew","VRJ/","NA","itj","Judices","15","15"
"Hebrew","VRJPH/","NA","itjqe","Genesis","31","39"
"Hebrew","VRM/","NA","itm","Genesis","2","5"
"Hebrew","VRP/","NA","itq","Genesis","49","9"
"Hebrew","VRP=/","NA","itq","Genesis","8","11"
"Hebrew","VRP==/","NA","itq","Maleachi","3","10"
"Hebrew","VRP[","qal","itq","Genesis","37","33"
"Hebrew","VRX/","NA","ith","Deuteronomium","1","12"
"Hebrew","VRX[","hif","ith","Iob","37","11"
"Hebrew","VWB/","NA","ifb","Genesis","1","31"
"Hebrew","VWB=/","NA","ifb","Genesis","24","10"
"Hebrew","VWB==/","NA","ifb","Reges_II","20","13"
"Hebrew","VWB===/","NA","ifb","Judices","11","3"
"Hebrew","VWBH/","NA","ifbe","Genesis","44","4"
"Hebrew","VWBJH/","NA","ifbje","Sacharia","6","10"
"Hebrew","VWBJHW/","NA","ifbjef","Chronica_II","17","8"
"Hebrew","VWB[","qal","ifb","Genesis","1","4"
"Hebrew","VWB_>DNJH/","NA","ifb adnje","Chronica_II","17","8"
"Hebrew","VWF[","qal","ifu","Iob","9","26"
"Hebrew","VWH[","qal","ife","Exodus","35","25"
"Hebrew","VWL[","piel","ifl","Jesaia","22","17"
"Hebrew","VWR/","NA","ift","Exodus","28","17"
"Hebrew","VWVPT/","NA","ifiqv","Exodus","13","16"
"Hebrew","VWX[","qal","ifh","Leviticus","14","42"
"Hebrew","VXH[","piel","ihe","Genesis","21","16"
"Hebrew","VXNH/","NA","ihne","Ecclesiastes","12","4"
"Hebrew","VXNWT/","NA","ihnfv","Ecclesiastes","12","3"
"Hebrew","VXN[","qal","ihn","Exodus","32","20"
"Hebrew","VXRJM/","NA","ihtjm","Deuteronomium","28","27"
"Hebrew","VXWN/","NA","ihfn","Threni","5","13"
"Hebrew","VXWT/","NA","ihfv","Psalmi","51","8"
"Hebrew","VXX[","qal","ihh","Jesaia","44","18"
"Hebrew","W","NA","f","Genesis","1","1"
"Hebrew","WCTJ/","NA","fuvj","Esther","1","9"
"Hebrew","WDN/","NA","fdn","Ezechiel","27","19"
"Hebrew","WHB/","NA","feb","Numeri","21","14"
"Hebrew","WJZT>/","NA","fjgva","Esther","9","9"
"Hebrew","WLD/","NA","fld","Genesis","11","30"
"Hebrew","WNJH/","NA","fnje","Esra","10","36"
"Hebrew","WPSJ/","NA","fqoj","Numeri","13","14"
"Hebrew","WW/","NA","ff","Exodus","26","32"
"Hebrew","WZR/","NA","fgt","Proverbia","21","8"
"Hebrew","XB/","NA","hb","Iob","31","33"
"Hebrew","XB>[","nif","hba","Genesis","3","10"
"Hebrew","XBB/","NA","hbb","Numeri","10","29"
"Hebrew","XBB[","qal","hbb","Deuteronomium","33","3"
"Hebrew","XBC[","qal","hbu","Genesis","22","3"
"Hebrew","XBH/","NA","hbe","Chronica_I","7","34"
"Hebrew","XBH[","qal","hbe","Jesaia","26","20"
"Hebrew","XBJH/","NA","hbje","Esra","2","61"
"Hebrew","XBJWN/","NA","hbjfn","Habakuk","3","4"
"Hebrew","XBL/","NA","hbl","Jesaia","13","8"
"Hebrew","XBL=/","NA","hbl","Deuteronomium","3","4"
"Hebrew","XBL==/","NA","hbl","Ezechiel","27","8"
"Hebrew","XBL===/","NA","hbl","Micha","2","10"
"Hebrew","XBL====/","NA","hbl","Ezechiel","18","12"
"Hebrew","XBL=====/","NA","hbl","Proverbia","23","34"
"Hebrew","XBL======/","NA","hbl","Iob","39","3"
"Hebrew","XBL==[","piel","hbl","Psalmi","7","15"
"Hebrew","XBL=[","qal","hbl","Iob","34","31"
"Hebrew","XBLH/","NA","hble","Ezechiel","18","7"
"Hebrew","XBLJM/","NA","hbljm","Sacharia","11","7"
"Hebrew","XBL[","qal","hbl","Exodus","22","25"
"Hebrew","XBQ/","NA","hbs","Proverbia","6","10"
"Hebrew","XBQWQ/","NA","hbsfs","Habakuk","1","1"
"Hebrew","XBQ[","qal","hbs","Reges_II","4","16"
"Hebrew","XBR/","NA","hbt","Judices","20","11"
"Hebrew","XBR=/","NA","hbt","Deuteronomium","18","11"
"Hebrew","XBR==/","NA","hbt","Iob","40","30"
"Hebrew","XBR===/","NA","hbt","Genesis","46","17"
"Hebrew","XBR=[","hif","hbt","Iob","16","4"
"Hebrew","XBRBRT/","NA","hbtbtv","Jeremia","13","23"
"Hebrew","XBRH/","NA","hbte","Iob","34","8"
"Hebrew","XBRJ/","NA","hbtj","Numeri","26","45"
"Hebrew","XBRNJ/","NA","hbtnj","Numeri","3","27"
"Hebrew","XBRT/","NA","hbtv","Exodus","26","4"
"Hebrew","XBRT=/","NA","hbtv","Maleachi","2","14"
"Hebrew","XBRWN/","NA","hbtfn","Exodus","6","18"
"Hebrew","XBRWN=/","NA","hbtfn","Genesis","13","18"
"Hebrew","XBR[","qal","hbt","Genesis","14","3"
"Hebrew","XBTJM/","NA","hbvjm","Chronica_I","9","31"
"Hebrew","XBV[","qal","hbi","Deuteronomium","24","20"
"Hebrew","XBWR/","NA","hbft","Reges_II","17","6"
"Hebrew","XBWRH/","NA","hbfte","Genesis","4","23"
"Hebrew","XBYLT/","NA","hbrlv","Jesaia","35","1"
"Hebrew","XBYNJH/","NA","hbrnje","Jeremia","35","3"
"Hebrew","XCB/","NA","hub","Exodus","28","8"
"Hebrew","XCBDNH/","NA","hubdne","Nehemia","8","4"
"Hebrew","XCBH/","NA","hube","Chronica_I","3","20"
"Hebrew","XCBJH/","NA","hubje","Esra","8","19"
"Hebrew","XCBJHW/","NA","hubjef","Chronica_I","25","3"
"Hebrew","XCBNH/","NA","hubne","Nehemia","10","26"
"Hebrew","XCBNJH/","NA","hubnje","Nehemia","3","10"
"Hebrew","XCBWN/","NA","hubfn","Ecclesiastes","7","25"
"Hebrew","XCBWN=/","NA","hubfn","Ecclesiastes","7","29"
"Hebrew","XCBWN==/","NA","hubfn","Numeri","21","25"
"Hebrew","XCB[","qal","hub","Genesis","15","6"
"Hebrew","XCC/","NA","huu","Jesaia","5","24"
"Hebrew","XCH[","qal","hue","Jesaia","62","1"
"Hebrew","XCK/","NA","huk","Genesis","1","2"
"Hebrew","XCK=/","NA","huk","Proverbia","22","29"
"Hebrew","XCKH/","NA","huke","Genesis","15","12"
"Hebrew","XCK[","qal","huk","Exodus","10","15"
"Hebrew","XCL[","nif","hul","Deuteronomium","25","18"
"Hebrew","XCM/","NA","hum","Genesis","36","34"
"Hebrew","XCM=/","NA","hum","Chronica_I","7","12"
"Hebrew","XCM==/","NA","hum","Esra","2","19"
"Hebrew","XCML/","NA","huml","Ezechiel","1","4"
"Hebrew","XCMNH/","NA","humne","Numeri","33","29"
"Hebrew","XCMNJM/","NA","humnjm","Psalmi","68","32"
"Hebrew","XCMWN/","NA","humfn","Josua","15","27"
"Hebrew","XCN/","NA","hun","Exodus","25","7"
"Hebrew","XCQ/","NA","hus","Reges_I","9","1"
"Hebrew","XCQ=/","NA","hus","Reges_I","7","33"
"Hebrew","XCQ[","qal","hus","Genesis","34","8"
"Hebrew","XCR/","NA","hut","Reges_I","7","33"
"Hebrew","XCRH/","NA","hute","Samuel_II","22","12"
"Hebrew","XCTJ/","NA","huvj","Samuel_II","21","18"
"Hebrew","XCWB/","NA","hufb","Nehemia","3","11"
"Hebrew","XCWQ/","NA","hufs","Exodus","27","10"
"Hebrew","XD/","NA","hd","Jesaia","49","2"
"Hebrew","XD=/","NA","hd","Ezechiel","33","30"
"Hebrew","XDC/","NA","hdu","Exodus","1","8"
"Hebrew","XDC=/","NA","hdu","Genesis","7","11"
"Hebrew","XDC==/","NA","hdu","Chronica_I","8","9"
"Hebrew","XDCH/","NA","hdue","Josua","15","37"
"Hebrew","XDC[","piel","hdu","Samuel_I","11","14"
"Hebrew","XDD/","NA","hdd","Genesis","25","15"
"Hebrew","XDD[","qal","hdd","Habakuk","1","8"
"Hebrew","XDH[","qal","hde","Exodus","18","9"
"Hebrew","XDJD/","NA","hdjd","Esra","2","33"
"Hebrew","XDL/","NA","hdl","Jesaia","53","3"
"Hebrew","XDL=/","NA","hdl","Jesaia","38","11"
"Hebrew","XDLJ/","NA","hdlj","Chronica_II","28","12"
"Hebrew","XDL[","qal","hdl","Genesis","11","8"
"Hebrew","XDQ/","NA","hds","Micha","7","4"
"Hebrew","XDQL/","NA","hdsl","Genesis","2","14"
"Hebrew","XDR/","NA","hdt","Genesis","43","30"
"Hebrew","XDRK/","NA","hdtk","Sacharia","9","1"
"Hebrew","XDR[","qal","hdt","Ezechiel","21","19"
"Hebrew","XDWDJM/","NA","hdfdjm","Iob","41","22"
"Hebrew","XDWH/","NA","hdfe","Nehemia","8","10"
"Hebrew","XFK[","qal","huk","Genesis","20","6"
"Hebrew","XFP/","NA","huq","Reges_I","20","27"
"Hebrew","XFP=[","qal","huq","Psalmi","29","9"
"Hebrew","XFP[","qal","huq","Jesaia","30","14"
"Hebrew","XFWP>/","NA","hufqa","Esra","2","43"
"Hebrew","XFWPJ/","NA","hufqj","Jesaia","20","4"
"Hebrew","XG/","NA","hc","Exodus","10","9"
"Hebrew","XG>/","NA","hca","Jesaia","19","17"
"Hebrew","XGB/","NA","hcb","Leviticus","11","22"
"Hebrew","XGB=/","NA","hcb","Esra","2","46"
"Hebrew","XGBH/","NA","hcbe","Esra","2","45"
"Hebrew","XGG[","qal","hcc","Exodus","5","1"
"Hebrew","XGJ/","NA","hcj","Numeri","26","15"
"Hebrew","XGJ=/","NA","hcj","Haggai","1","1"
"Hebrew","XGJ==/","NA","hcj","Genesis","46","16"
"Hebrew","XGJH/","NA","hcje","Chronica_I","6","15"
"Hebrew","XGJT/","NA","hcjv","Samuel_II","3","4"
"Hebrew","XGLH/","NA","hcle","Numeri","26","33"
"Hebrew","XGR[","qal","hct","Exodus","12","11"
"Hebrew","XGW/","NA","hcf","Jeremia","49","16"
"Hebrew","XGWR/","NA","hcft","Ezechiel","23","15"
"Hebrew","XGWR=/","NA","hcft","Samuel_I","18","4"
"Hebrew","XGWRH/","NA","hcfte","Genesis","3","7"
"Hebrew","XJ/","NA","hj","Genesis","1","20"
"Hebrew","XJ=/","NA","hj","Samuel_I","18","18"
"Hebrew","XJ>L/","NA","hjal","Reges_I","16","34"
"Hebrew","XJC/","NA","hju","Psalmi","90","10"
"Hebrew","XJDH/","NA","hjde","Numeri","12","8"
"Hebrew","XJH/","NA","hje","Genesis","1","24"
"Hebrew","XJH=/","NA","hje","Exodus","1","19"
"Hebrew","XJH==/","NA","hje","Jesaia","57","10"
"Hebrew","XJH[","qal","hje","Genesis","3","22"
"Hebrew","XJJM/","NA","hjjm","Genesis","2","7"
"Hebrew","XJL/","NA","hjl","Genesis","34","29"
"Hebrew","XJL=/","NA","hjl","Exodus","15","14"
"Hebrew","XJL==/","NA","hjl","Samuel_II","20","15"
"Hebrew","XJL=[","qal","hjl","Psalmi","10","5"
"Hebrew","XJLH/","NA","hjle","Iob","6","10"
"Hebrew","XJLK/","NA","hjlk","Ezechiel","27","11"
"Hebrew","XJLM/","NA","hjlm","Samuel_II","10","16"
"Hebrew","XJLZ/","NA","hjlg","Chronica_I","6","43"
"Hebrew","XJL[","qal","hjl","Deuteronomium","2","25"
"Hebrew","XJN/","NA","hjn","Iob","41","4"
"Hebrew","XJQ/","NA","hjs","Genesis","16","5"
"Hebrew","XJRH/","NA","hjte","Genesis","38","1"
"Hebrew","XJRM/","NA","hjtm","Samuel_II","5","11"
"Hebrew","XJWT/","NA","hjfv","Samuel_II","20","3"
"Hebrew","XJY/","NA","hjr","Ezechiel","13","10"
"Hebrew","XJYWN/","NA","hjrfn","Reges_I","6","29"
"Hebrew","XK/","NA","hk","Ezechiel","3","26"
"Hebrew","XKH/","NA","hke","Jesaia","19","8"
"Hebrew","XKH[","qal","hke","Jesaia","30","18"
"Hebrew","XKJLH/","NA","hkjle","Samuel_I","23","19"
"Hebrew","XKLJH/","NA","hklje","Nehemia","1","1"
"Hebrew","XKLJLJ/","NA","hkljlj","Genesis","49","12"
"Hebrew","XKLLWT/","NA","hkllfv","Proverbia","23","29"
"Hebrew","XKM/","NA","hkm","Genesis","41","8"
"Hebrew","XKMH/","NA","hkme","Exodus","28","3"
"Hebrew","XKMWNJ/","NA","hkmfnj","Chronica_I","11","11"
"Hebrew","XKMWT/","NA","hkmfv","Psalmi","49","4"
"Hebrew","XKM[","qal","hkm","Deuteronomium","32","29"
"Hebrew","XL/","NA","hl","Leviticus","10","10"
"Hebrew","XL>H/","NA","hlae","Ezechiel","24","6"
"Hebrew","XL>H=/","NA","hlae","Chronica_I","4","5"
"Hebrew","XL>[","qal","hla","Chronica_II","16","12"
"Hebrew","XLB/","NA","hlb","Genesis","18","8"
"Hebrew","XLB=/","NA","hlb","Genesis","4","4"
"Hebrew","XLB==/","NA","hlb","Samuel_II","23","29"
"Hebrew","XLBH/","NA","hlbe","Judices","1","31"
"Hebrew","XLBNH/","NA","hlbne","Exodus","30","34"
"Hebrew","XLBWN/","NA","hlbfn","Ezechiel","27","18"
"Hebrew","XLC/","NA","hlu","Joel","4","10"
"Hebrew","XLC[","qal","hlu","Exodus","17","13"
"Hebrew","XLD/","NA","hld","Psalmi","17","14"
"Hebrew","XLD=/","NA","hld","Leviticus","11","29"
"Hebrew","XLD==/","NA","hld","Chronica_I","11","30"
"Hebrew","XLDH/","NA","hlde","Reges_II","22","14"
"Hebrew","XLDJ/","NA","hldj","Sacharia","6","10"
"Hebrew","XLH/","NA","hle","Exodus","29","2"
"Hebrew","XLH[","qal","hle","Genesis","48","1"
"Hebrew","XLJ/","NA","hlj","Deuteronomium","7","15"
"Hebrew","XLJ=/","NA","hlj","Proverbia","25","12"
"Hebrew","XLJ==/","NA","hlj","Josua","19","25"
"Hebrew","XLJH/","NA","hlje","Hosea","2","15"
"Hebrew","XLJL/","NA","hljl","Samuel_I","10","5"
"Hebrew","XLJLH","NA","hljle","Genesis","18","25"
"Hebrew","XLJPH/","NA","hljqe","Genesis","45","22"
"Hebrew","XLJYH/","NA","hljre","Judices","14","19"
"Hebrew","XLKH/","NA","hlke","Psalmi","10","8"
"Hebrew","XLL/","NA","hll","Genesis","34","27"
"Hebrew","XLL==[","piel","hll","Reges_I","1","40"
"Hebrew","XLL=[","qal","hll","Psalmi","109","22"
"Hebrew","XLL[","nif","hll","Leviticus","21","4"
"Hebrew","XLM/","NA","hlm","Sacharia","6","14"
"Hebrew","XLMJC/","NA","hlmju","Deuteronomium","8","15"
"Hebrew","XLMWT/","NA","hlmfv","Iob","6","6"
"Hebrew","XLM[","qal","hlm","Genesis","28","12"
"Hebrew","XLN/","NA","hln","Numeri","1","9"
"Hebrew","XLP/","NA","hlq","Numeri","18","21"
"Hebrew","XLP=/","NA","hlq","Josua","19","33"
"Hebrew","XLP=[","qal","hlq","Judices","5","26"
"Hebrew","XLP[","qal","hlq","Samuel_I","10","3"
"Hebrew","XLQ/","NA","hls","Genesis","14","24"
"Hebrew","XLQ=/","NA","hls","Genesis","27","11"
"Hebrew","XLQ==/","NA","hls","Samuel_I","17","40"
"Hebrew","XLQ===/","NA","hls","Proverbia","7","21"
"Hebrew","XLQ====/","NA","hls","Numeri","26","30"
"Hebrew","XLQ=[","qal","hls","Hosea","10","2"
"Hebrew","XLQH/","NA","hlse","Genesis","33","19"
"Hebrew","XLQH=/","NA","hlse","Genesis","27","16"
"Hebrew","XLQH==/","NA","hlse","Chronica_II","35","5"
"Hebrew","XLQJ/","NA","hlsj","Numeri","26","30"
"Hebrew","XLQJ=/","NA","hlsj","Nehemia","12","15"
"Hebrew","XLQJH/","NA","hlsje","Reges_II","18","37"
"Hebrew","XLQJHW/","NA","hlsjef","Reges_II","18","18"
"Hebrew","XLQLQWT/","NA","hlslsfv","Jeremia","23","12"
"Hebrew","XLQT/","NA","hlsv","Josua","19","25"
"Hebrew","XLQT_HYWRJM/","NA","hlsv erftjm","Samuel_II","2","16"
"Hebrew","XLQ[","qal","hls","Deuteronomium","4","19"
"Hebrew","XLV[","qal","hli","Reges_I","20","33"
"Hebrew","XLWCH/","NA","hlfue","Exodus","32","18"
"Hebrew","XLWM/","NA","hlfm","Genesis","20","3"
"Hebrew","XLWN/","NA","hlfn","Genesis","8","6"
"Hebrew","XLN=/","NA","hln","Josua","15","51"
"Hebrew","XLWP/","NA","hlfq","Proverbia","31","8"
"Hebrew","XLX/","NA","hlh","Reges_II","17","6"
"Hebrew","XLXLH/","NA","hlhle","Jesaia","21","3"
"Hebrew","XLXWL/","NA","hlhfl","Josua","15","58"
"Hebrew","XLY/","NA","hlr","Genesis","35","11"
"Hebrew","XLY=/","NA","hlr","Samuel_II","23","26"
"Hebrew","XLY[","qal","hlr","Numeri","31","5"
"Hebrew","XM/","NA","hm","Genesis","8","22"
"Hebrew","XM=/","NA","hm","Genesis","38","13"
"Hebrew","XM==/","NA","hm","Josua","9","12"
"Hebrew","XM===/","NA","hm","Genesis","5","32"
"Hebrew","XM>H/","NA","hmae","Genesis","18","8"
"Hebrew","XMC/","NA","hmu","Genesis","5","6"
"Hebrew","XMC=/","NA","hmu","Samuel_II","2","23"
"Hebrew","XMC==/","NA","hmu","Genesis","47","26"
"Hebrew","XMC[","qal","hmu","Exodus","13","18"
"Hebrew","XMD/","NA","hmd","Jesaia","27","2"
"Hebrew","XMDH/","NA","hmde","Samuel_I","9","20"
"Hebrew","XMDN/","NA","hmdn","Genesis","36","26"
"Hebrew","XMDWT/","NA","hmdfv","Genesis","27","15"
"Hebrew","XMD[","qal","hmd","Exodus","20","17"
"Hebrew","XMH/","NA","hme","Genesis","27","44"
"Hebrew","XMH=/","NA","hme","Jesaia","24","23"
"Hebrew","XMJCJ/","NA","hmjuj","Genesis","1","23"
"Hebrew","XMJCJT/","NA","hmjujv","Genesis","47","24"
"Hebrew","XMJY/","NA","hmjr","Jesaia","30","24"
"Hebrew","XMLH/","NA","hmle","Genesis","19","16"
"Hebrew","XMLH=/","NA","hmle","Ezechiel","16","5"
"Hebrew","XML[","qal","hml","Exodus","2","6"
"Hebrew","XMM[","qal","hmm","Genesis","18","1"
"Hebrew","XMN/","NA","hmn","Leviticus","26","30"
"Hebrew","XMQ[","qal","hms","Canticum","5","6"
"Hebrew","XMR/","NA","hmt","Genesis","11","3"
"Hebrew","XMR=/","NA","hmt","Exodus","8","10"
"Hebrew","XMR==/","NA","hmt","Genesis","11","3"
"Hebrew","XMR===/","NA","hmt","Deuteronomium","32","14"
"Hebrew","XMR=[","piel","hmt","Iob","16","16"
"Hebrew","XMRN/","NA","hmtn","Chronica_I","1","41"
"Hebrew","XMR[","qal","hmt","Exodus","2","3"
"Hebrew","XMS/","NA","hmo","Genesis","6","11"
"Hebrew","XMS[","qal","hmo","Jeremia","22","3"
"Hebrew","XMT/","NA","hmv","Genesis","21","14"
"Hebrew","XMT=/","NA","hmv","Numeri","13","21"
"Hebrew","XMT==/","NA","hmv","Josua","19","35"
"Hebrew","XMT===/","NA","hmv","Chronica_I","2","55"
"Hebrew","XMTJ/","NA","hmvj","Genesis","10","18"
"Hebrew","XMT_D>R/","NA","hmv dat","Josua","21","32"
"Hebrew","XMT_YWB>/","NA","hmv rfba","Chronica_II","8","3"
"Hebrew","XMV/","NA","hmi","Leviticus","11","30"
"Hebrew","XMVH/","NA","hmie","Josua","15","54"
"Hebrew","XMW>L/","NA","hmfal","Chronica_I","4","26"
"Hebrew","XMWL/","NA","hmfl","Genesis","46","12"
"Hebrew","XMWLJ/","NA","hmflj","Numeri","26","21"
"Hebrew","XMWN/","NA","hmfn","Josua","19","28"
"Hebrew","XMWQ/","NA","hmfs","Canticum","7","2"
"Hebrew","XMWR/","NA","hmft","Genesis","12","16"
"Hebrew","XMWR=/","NA","hmft","Genesis","33","19"
"Hebrew","XMWT/","NA","hmfv","Micha","7","6"
"Hebrew","XMWVL/","NA","hmfil","Reges_II","23","31"
"Hebrew","XMWY/","NA","hmfr","Jesaia","63","1"
"Hebrew","XMWY=/","NA","hmfr","Jesaia","1","17"
"Hebrew","XMY/","NA","hmr","Exodus","12","15"
"Hebrew","XMY=/","NA","hmr","Numeri","6","3"
"Hebrew","XMY=[","qal","hmr","Psalmi","71","4"
"Hebrew","XMY[","qal","hmr","Exodus","12","34"
"Hebrew","XN/","NA","hn","Genesis","6","8"
"Hebrew","XN=/","NA","hn","Sacharia","6","14"
"Hebrew","XNDD/","NA","hndd","Esra","3","9"
"Hebrew","XNH/","NA","hne","Samuel_I","1","2"
"Hebrew","XNH=[","piel","hne","Psalmi","77","10"
"Hebrew","XNH[","qal","hne","Genesis","26","17"
"Hebrew","XNJ>L/","NA","hnjal","Numeri","34","23"
"Hebrew","XNJK/","NA","hnjk","Genesis","14","14"
"Hebrew","XNJNH/","NA","hnjne","Jeremia","16","13"
"Hebrew","XNJT/","NA","hnjv","Samuel_I","13","19"
"Hebrew","XNKH/","NA","hnke","Numeri","7","10"
"Hebrew","XNKJ/","NA","hnkj","Numeri","26","5"
"Hebrew","XNK[","qal","hnk","Deuteronomium","20","5"
"Hebrew","XNM","NA","hnm","Genesis","29","15"
"Hebrew","XNM>L/","NA","hnmal","Jeremia","32","7"
"Hebrew","XNML/","NA","hnml","Psalmi","78","47"
"Hebrew","XNN/","NA","hnn","Jeremia","35","4"
"Hebrew","XNN=[","qal","hnn","Iob","19","17"
"Hebrew","XNN>L/","NA","hnnal","Jeremia","31","38"
"Hebrew","XNNJ/","NA","hnnj","Reges_I","16","1"
"Hebrew","XNNJH/","NA","hnnje","Jeremia","28","1"
"Hebrew","XNNJHW/","NA","hnnjef","Jeremia","36","12"
"Hebrew","XNN[","qal","hnn","Genesis","33","5"
"Hebrew","XNP/","NA","hnq","Jesaia","9","16"
"Hebrew","XNP=/","NA","hnq","Jesaia","32","6"
"Hebrew","XNPH/","NA","hnqe","Jeremia","23","15"
"Hebrew","XNP[","qal","hnq","Jesaia","24","5"
"Hebrew","XNQ[","nif","hns","Samuel_II","17","23"
"Hebrew","XNS/","NA","hno","Jesaia","30","4"
"Hebrew","XNTN/","NA","hnvn","Josua","19","14"
"Hebrew","XNVJM/","NA","hnijm","Genesis","50","3"
"Hebrew","XNV[","qal","hni","Genesis","50","2"
"Hebrew","XNWK/","NA","hnfk","Genesis","4","17"
"Hebrew","XNWK=/","NA","hnfk","Genesis","4","17"
"Hebrew","XNWN/","NA","hnfn","Exodus","22","26"
"Hebrew","XNWN=/","NA","hnfn","Samuel_II","10","1"
"Hebrew","XNWT/","NA","hnfv","Jeremia","37","16"
"Hebrew","XP/","NA","hq","Iob","33","9"
"Hebrew","XP>[","piel","hqa","Reges_II","17","9"
"Hebrew","XPC/","NA","hqu","Ezechiel","27","20"
"Hebrew","XPCH/","NA","hque","Leviticus","19","20"
"Hebrew","XPCJ/","NA","hquj","Exodus","21","2"
"Hebrew","XPCJT/","NA","hqujv","Reges_II","15","5"
"Hebrew","XPC[","pual","hqu","Leviticus","19","20"
"Hebrew","XPF/","NA","hqu","Psalmi","64","7"
"Hebrew","XPF[","qal","hqu","Psalmi","64","7"
"Hebrew","XPH/","NA","hqe","Jesaia","4","5"
"Hebrew","XPH=/","NA","hqe","Chronica_I","24","13"
"Hebrew","XPH[","qal","hqe","Samuel_II","15","30"
"Hebrew","XPJM/","NA","hqjm","Genesis","46","21"
"Hebrew","XPN/","NA","hqn","Exodus","9","8"
"Hebrew","XPNJ/","NA","hqnj","Samuel_I","1","3"
"Hebrew","XPP[","qal","hqq","Deuteronomium","33","12"
"Hebrew","XPR/","NA","hqt","Numeri","26","32"
"Hebrew","XPR</","NA","hqtp","Jeremia","44","30"
"Hebrew","XPR=/","NA","hqt","Josua","12","17"
"Hebrew","XPR=[","qal","hqt","Genesis","21","30"
"Hebrew","XPRJ/","NA","hqtj","Numeri","26","32"
"Hebrew","XPRJM/","NA","hqtjm","Josua","19","19"
"Hebrew","XPR[","qal","hqt","Jesaia","1","29"
"Hebrew","XPY/","NA","hqr","Samuel_I","15","22"
"Hebrew","XPY=/","NA","hqr","Reges_I","13","33"
"Hebrew","XPY=[","qal","hqr","Iob","40","17"
"Hebrew","XPYJ_BH/","NA","hqrj be","Reges_II","21","1"
"Hebrew","XPY[","qal","hqr","Genesis","34","19"
"Hebrew","XPZWN/","NA","hqgfn","Exodus","12","11"
"Hebrew","XPZ[","qal","hqg","Deuteronomium","20","3"
"Hebrew","XQ/","NA","hs","Genesis","47","22"
"Hebrew","XQH/","NA","hse","Genesis","26","5"
"Hebrew","XQH[","pual","hse","Reges_I","6","35"
"Hebrew","XQQ/","NA","hss","Josua","19","34"
"Hebrew","XQQ[","qal","hss","Judices","5","9"
"Hebrew","XQR/","NA","hst","Judices","5","16"
"Hebrew","XQR[","qal","hst","Deuteronomium","13","15"
"Hebrew","XQWP>/","NA","hsfqa","Esra","2","51"
"Hebrew","XR/","NA","ht","Jesaia","11","8"
"Hebrew","XR=/","NA","ht","Reges_I","21","8"
"Hebrew","XR==/","NA","ht","Samuel_I","14","11"
"Hebrew","XRB/","NA","htb","Genesis","3","24"
"Hebrew","XRB=/","NA","htb","Genesis","31","40"
"Hebrew","XRB==/","NA","htb","Leviticus","7","10"
"Hebrew","XRB===/","NA","htb","Exodus","3","1"
"Hebrew","XRB=[","qal","htb","Jeremia","50","21"
"Hebrew","XRBH/","NA","htbe","Genesis","7","22"
"Hebrew","XRBH=/","NA","htbe","Leviticus","26","31"
"Hebrew","XRBWN/","NA","htbfn","Psalmi","32","4"
"Hebrew","XRBWN>/","NA","htbfna","Esther","1","10"
"Hebrew","XRBWNH/","NA","htbfne","Esther","7","9"
"Hebrew","XRB[","qal","htb","Genesis","8","13"
"Hebrew","XRC/","NA","htu","Exodus","28","11"
"Hebrew","XRC=/","NA","htu","Exodus","4","11"
"Hebrew","XRC==/","NA","htu","Jesaia","17","9"
"Hebrew","XRC===/","NA","htu","Josua","2","1"
"Hebrew","XRC====/","NA","htu","Nehemia","11","35"
"Hebrew","XRC=====/","NA","htu","Jesaia","3","3"
"Hebrew","XRC======/","NA","htu","Chronica_I","9","15"
"Hebrew","XRC=[","qal","htu","Genesis","4","22"
"Hebrew","XRC>/","NA","htua","Esra","2","52"
"Hebrew","XRCH/","NA","htue","Samuel_I","23","15"
"Hebrew","XRCT/","NA","htuv","Exodus","31","5"
"Hebrew","XRCT_HGWJM/","NA","htuv ecfjm","Judices","4","2"
"Hebrew","XRC[","qal","htu","Micha","7","16"
"Hebrew","XRD/","NA","htd","Judices","7","3"
"Hebrew","XRDH/","NA","htde","Genesis","27","33"
"Hebrew","XRDH=/","NA","htde","Numeri","33","24"
"Hebrew","XRDJ/","NA","htdj","Samuel_II","23","25"
"Hebrew","XRD[","qal","htd","Genesis","27","33"
"Hebrew","XRF/","NA","htu","Leviticus","6","21"
"Hebrew","XRGL/","NA","htcl","Leviticus","11","22"
"Hebrew","XRG[","qal","htc","Psalmi","18","46"
"Hebrew","XRH=[","qal","hte","Jesaia","24","6"
"Hebrew","XRHJH/","NA","hteje","Nehemia","3","8"
"Hebrew","XRH[","qal","hte","Genesis","4","5"
"Hebrew","XRJ/","NA","htj","Genesis","14","6"
"Hebrew","XRJ=/","NA","htj","Exodus","11","8"
"Hebrew","XRJ==/","NA","htj","Genesis","40","16"
"Hebrew","XRJ===/","NA","htj","Genesis","36","22"
"Hebrew","XRJC/","NA","htju","Genesis","45","6"
"Hebrew","XRJCJ/","NA","htjuj","Jona","4","8"
"Hebrew","XRJP/","NA","htjq","Nehemia","7","24"
"Hebrew","XRJV/","NA","htji","Reges_II","5","23"
"Hebrew","XRJY/","NA","htjr","Samuel_II","12","31"
"Hebrew","XRJY=/","NA","htjr","Samuel_I","17","18"
"Hebrew","XRKJM/","NA","htkjm","Canticum","2","9"
"Hebrew","XRK[","qal","htk","Proverbia","12","27"
"Hebrew","XRM/","NA","htm","Leviticus","27","21"
"Hebrew","XRM=/","NA","htm","Ezechiel","26","5"
"Hebrew","XRM==/","NA","htm","Esra","2","32"
"Hebrew","XRM===/","NA","htm","Josua","19","38"
"Hebrew","XRM=[","qal","htm","Leviticus","21","18"
"Hebrew","XRMC/","NA","htmu","Deuteronomium","16","9"
"Hebrew","XRMH/","NA","htme","Numeri","14","45"
"Hebrew","XRMWN/","NA","htmfn","Deuteronomium","3","8"
"Hebrew","XRMWNJM/","NA","htmfnjm","Psalmi","42","7"
"Hebrew","XRM[","hif","htm","Leviticus","27","28"
"Hebrew","XRN/","NA","htn","Genesis","11","31"
"Hebrew","XRN=/","NA","htn","Chronica_I","2","46"
"Hebrew","XRNJ/","NA","htnj","Nehemia","2","10"
"Hebrew","XRNPR/","NA","htnqt","Chronica_I","7","36"
"Hebrew","XRP/","NA","htq","Genesis","8","22"
"Hebrew","XRP=/","NA","htq","Iob","29","4"
"Hebrew","XRP==/","NA","htq","Chronica_I","2","51"
"Hebrew","XRP==[","piel","htq","Psalmi","57","4"
"Hebrew","XRP=[","qal","htq","Jesaia","18","6"
"Hebrew","XRPH/","NA","htqe","Genesis","30","23"
"Hebrew","XRP[","qal","htq","Psalmi","69","10"
"Hebrew","XRQ[","qal","hts","Psalmi","35","16"
"Hebrew","XRR=[","nif","htt","Psalmi","69","4"
"Hebrew","XRRJM/","NA","httjm","Jeremia","17","6"
"Hebrew","XRR[","qal","htt","Ezechiel","24","11"
"Hebrew","XRS/","NA","hto","Deuteronomium","28","27"
"Hebrew","XRS=/","NA","hto","Judices","14","18"
"Hebrew","XRSJT/","NA","htojv","Jeremia","19","2"
"Hebrew","XRT/","NA","htv","Samuel_I","22","5"
"Hebrew","XRT[","qal","htv","Exodus","32","16"
"Hebrew","XRV/","NA","hti","Exodus","32","4"
"Hebrew","XRVM/","NA","htim","Genesis","41","8"
"Hebrew","XRWL/","NA","htfl","Zephania","2","9"
"Hebrew","XRWMP/","NA","htfmq","Nehemia","3","10"
"Hebrew","XRWN/","NA","htfn","Exodus","15","7"
"Hebrew","XRWNJM/","NA","htfnjm","Jesaia","15","5"
"Hebrew","XRWPJ/","NA","htfqj","Chronica_I","12","6"
"Hebrew","XRWY/","NA","htfr","Jesaia","28","27"
"Hebrew","XRWY=/","NA","htfr","Leviticus","22","22"
"Hebrew","XRWY==/","NA","htfr","Sacharia","9","3"
"Hebrew","XRWY===/","NA","htfr","Daniel","9","25"
"Hebrew","XRWY====/","NA","htfr","Proverbia","10","4"
"Hebrew","XRWY=====/","NA","htfr","Reges_II","21","19"
"Hebrew","XRWZJM/","NA","htfgjm","Canticum","1","10"
"Hebrew","XRXR/","NA","htht","Deuteronomium","28","22"
"Hebrew","XRXWR/","NA","hthft","Esra","2","51"
"Hebrew","XRXS/","NA","htho","Reges_II","22","14"
"Hebrew","XRY=[","qal","htr","Samuel_II","5","24"
"Hebrew","XRYB/","NA","htrb","Jesaia","58","6"
"Hebrew","XRYN/","NA","htrn","Numeri","6","4"
"Hebrew","XRY[","qal","htr","Exodus","11","7"
"Hebrew","XR_HGDGD/","NA","ht ecdcd","Numeri","33","32"
"Hebrew","XSD/","NA","hod","Genesis","19","19"
"Hebrew","XSD=/","NA","hod","Leviticus","20","17"
"Hebrew","XSD==/","NA","hod","Reges_I","4","10"
"Hebrew","XSD=[","piel","hod","Proverbia","25","10"
"Hebrew","XSDJH/","NA","hodje","Chronica_I","3","20"
"Hebrew","XSD[","hit","hod","Samuel_II","22","26"
"Hebrew","XSH/","NA","hoe","Josua","19","29"
"Hebrew","XSH=/","NA","hoe","Chronica_I","16","38"
"Hebrew","XSH[","qal","hoe","Deuteronomium","32","37"
"Hebrew","XSJD/","NA","hojd","Deuteronomium","33","8"
"Hebrew","XSJDH/","NA","hojde","Leviticus","11","19"
"Hebrew","XSJL/","NA","hojl","Reges_I","8","37"
"Hebrew","XSJN/","NA","hojn","Psalmi","89","9"
"Hebrew","XSL[","qal","hol","Deuteronomium","28","38"
"Hebrew","XSM[","qal","hom","Deuteronomium","25","4"
"Hebrew","XSN/","NA","hon","Jesaia","1","31"
"Hebrew","XSN=/","NA","hon","Jesaia","33","6"
"Hebrew","XSN[","nif","hon","Jesaia","23","18"
"Hebrew","XSPS[","pual","hoqo","Exodus","16","14"
"Hebrew","XSR/","NA","hot","Samuel_I","21","16"
"Hebrew","XSR=/","NA","hot","Iob","30","3"
"Hebrew","XSR==/","NA","hot","Deuteronomium","28","48"
"Hebrew","XSRH/","NA","hote","Chronica_II","34","22"
"Hebrew","XSRWN/","NA","hotfn","Ecclesiastes","1","15"
"Hebrew","XSR[","qal","hot","Genesis","8","3"
"Hebrew","XSWT/","NA","hofv","Jesaia","30","3"
"Hebrew","XT/","NA","hv","Genesis","9","2"
"Hebrew","XT=/","NA","hv","Samuel_I","2","4"
"Hebrew","XT==/","NA","hv","Genesis","10","15"
"Hebrew","XTH/","NA","hve","Genesis","35","5"
"Hebrew","XTH=[","qal","hve","Psalmi","52","7"
"Hebrew","XTH[","qal","hve","Jesaia","30","14"
"Hebrew","XTJ/","NA","hvj","Genesis","15","20"
"Hebrew","XTJT/","NA","hvjv","Ezechiel","26","17"
"Hebrew","XTK[","nif","hvk","Daniel","9","24"
"Hebrew","XTLH/","NA","hvle","Iob","38","9"
"Hebrew","XTLN/","NA","hvln","Ezechiel","47","15"
"Hebrew","XTL[","pual","hvl","Ezechiel","16","4"
"Hebrew","XTMT/","NA","hvmv","Genesis","38","25"
"Hebrew","XTM[","qal","hvm","Deuteronomium","32","34"
"Hebrew","XTN/","NA","hvn","Genesis","19","12"
"Hebrew","XTNH/","NA","hvne","Canticum","3","11"
"Hebrew","XTN[","qal","hvn","Exodus","3","1"
"Hebrew","XTP/","NA","hvq","Proverbia","23","28"
"Hebrew","XTP[","qal","hvq","Iob","9","12"
"Hebrew","XTR[","qal","hvt","Ezechiel","8","8"
"Hebrew","XTT/","NA","hvv","Iob","6","21"
"Hebrew","XTT=/","NA","hvv","Chronica_I","4","13"
"Hebrew","XTT[","qal","hvv","Reges_II","19","26"
"Hebrew","XTWL/","NA","hvfl","Ezechiel","30","21"
"Hebrew","XTXTJM/","NA","hvhvjm","Ecclesiastes","12","5"
"Hebrew","XV>/","NA","hia","Genesis","41","9"
"Hebrew","XV>=/","NA","hia","Genesis","13","13"
"Hebrew","XV>H/","NA","hiae","Genesis","20","9"
"Hebrew","XV>H=/","NA","hiae","Exodus","34","7"
"Hebrew","XV>H==/","NA","hiae","Numeri","15","28"
"Hebrew","XV>T/","NA","hiav","Genesis","4","7"
"Hebrew","XV>[","qal","hia","Genesis","20","6"
"Hebrew","XVB=[","qal","hib","Proverbia","7","16"
"Hebrew","XVB[","qal","hib","Deuteronomium","19","5"
"Hebrew","XVH/","NA","hie","Genesis","30","14"
"Hebrew","XVJL/","NA","hijl","Esra","2","57"
"Hebrew","XVJP>/","NA","hijqa","Esra","2","54"
"Hebrew","XVJV>/","NA","hijia","Esra","2","42"
"Hebrew","XVM[","qal","him","Jesaia","48","9"
"Hebrew","XVP[","qal","hiq","Judices","21","21"
"Hebrew","XVR/","NA","hit","Jesaia","11","1"
"Hebrew","XVWC/","NA","hifu","Esra","8","2"
"Hebrew","XWB/","NA","hfb","Ezechiel","18","7"
"Hebrew","XWBH/","NA","hfbe","Genesis","14","15"
"Hebrew","XWB[","piel","hfb","Daniel","1","10"
"Hebrew","XWC=[","qal","hfu","Ecclesiastes","2","25"
"Hebrew","XWCH/","NA","hfue","Chronica_I","4","4"
"Hebrew","XWCJ/","NA","hfuj","Samuel_II","15","32"
"Hebrew","XWCJM/","NA","hfujm","Chronica_I","8","8"
"Hebrew","XWCJM=/","NA","hfujm","Genesis","46","23"
"Hebrew","XWC[","qal","hfu","Numeri","32","17"
"Hebrew","XWD[","qal","hfd","Judices","14","12"
"Hebrew","XWG/","NA","hfc","Jesaia","40","22"
"Hebrew","XWG[","qal","hfc","Iob","26","10"
"Hebrew","XWH/","NA","hfe","Numeri","32","41"
"Hebrew","XWH=/","NA","hfe","Genesis","3","20"
"Hebrew","XWH=[","piel","hfe","Psalmi","19","3"
"Hebrew","XWH[","hsht","hfe","Genesis","18","2"
"Hebrew","XWJ/","NA","hfj","Genesis","10","17"
"Hebrew","XWJLH/","NA","hfjle","Genesis","2","11"
"Hebrew","XWL/","NA","hfl","Genesis","22","17"
"Hebrew","XWL=/","NA","hfl","Iob","29","18"
"Hebrew","XWL==/","NA","hfl","Genesis","10","23"
"Hebrew","XWL[","qal","hfl","Judices","21","21"
"Hebrew","XWM/","NA","hfm","Genesis","30","32"
"Hebrew","XWMH/","NA","hfme","Exodus","14","22"
"Hebrew","XWP/","NA","hfq","Genesis","49","13"
"Hebrew","XWPM/","NA","hfqm","Numeri","26","39"
"Hebrew","XWPMJ/","NA","hfqmj","Numeri","26","39"
"Hebrew","XWQQ/","NA","hfss","Chronica_I","6","60"
"Hebrew","XWR/","NA","hft","Esther","1","6"
"Hebrew","XWR=/","NA","hft","Exodus","17","10"
"Hebrew","XWRJ/","NA","hftj","Jesaia","19","9"
"Hebrew","XWRJ=/","NA","hftj","Chronica_I","5","14"
"Hebrew","XWRJ==/","NA","hftj","Chronica_I","11","32"
"Hebrew","XWRM/","NA","hftm","Chronica_I","8","5"
"Hebrew","XWRN/","NA","hftn","Ezechiel","47","16"
"Hebrew","XWR[","qal","hft","Jesaia","29","22"
"Hebrew","XWS[","qal","hfo","Genesis","45","20"
"Hebrew","XWTM/","NA","hfvm","Genesis","38","18"
"Hebrew","XWTM=/","NA","hfvm","Chronica_I","7","32"
"Hebrew","XWV/","NA","hfi","Genesis","14","23"
"Hebrew","XWX/","NA","hfh","Reges_II","14","9"
"Hebrew","XWX=/","NA","hfh","Samuel_I","13","6"
"Hebrew","XWY/","NA","hfr","Genesis","6","14"
"Hebrew","XX/","NA","hh","Exodus","35","22"
"Hebrew","XY/","NA","hr","Genesis","49","23"
"Hebrew","XYB[","qal","hrb","Deuteronomium","6","11"
"Hebrew","XYH[","qal","hre","Genesis","32","8"
"Hebrew","XYJ/","NA","hrj","Exodus","12","29"
"Hebrew","XYJ=/","NA","hrj","Samuel_I","20","36"
"Hebrew","XYJR/","NA","hrjt","Reges_I","18","5"
"Hebrew","XYJR=/","NA","hrjt","Numeri","11","5"
"Hebrew","XYJR==/","NA","hrjt","Jesaia","35","7"
"Hebrew","XYN/","NA","hrn","Jesaia","49","22"
"Hebrew","XYR/","NA","hrt","Genesis","25","16"
"Hebrew","XYRJ/","NA","hrtj","Samuel_II","23","35"
"Hebrew","XYRMWT/","NA","hrtmfv","Genesis","10","26"
"Hebrew","XYRW/","NA","hrtf","Chronica_I","11","37"
"Hebrew","XYRWN/","NA","hrtfn","Genesis","46","9"
"Hebrew","XYRWN=/","NA","hrtfn","Josua","15","3"
"Hebrew","XYRWNJ/","NA","hrtfnj","Numeri","26","6"
"Hebrew","XYRWT/","NA","hrtfv","Numeri","11","35"
"Hebrew","XYR[","piel","hrt","Chronica_II","5","13"
"Hebrew","XYR_<JNN/","NA","hrt pjnn","Numeri","34","9"
"Hebrew","XYR_<JNWN/","NA","hrt pjnfn","Ezechiel","47","17"
"Hebrew","XYR_>DR/","NA","hrt adt","Numeri","34","4"
"Hebrew","XYR_CW<L/","NA","hrt ufpl","Josua","15","28"
"Hebrew","XYR_GDH/","NA","hrt cde","Josua","15","27"
"Hebrew","XYR_SWSH/","NA","hrt ofoe","Josua","19","5"
"Hebrew","XYR_SWSJM/","NA","hrt ofojm","Chronica_I","4","31"
"Hebrew","XYWR/","NA","hrft","Josua","11","1"
"Hebrew","XYWR_XDTH/","NA","hrft hdve","Josua","15","25"
"Hebrew","XYWT/","NA","hrfv","Exodus","11","4"
"Hebrew","XYY/","NA","hrr","Proverbia","20","17"
"Hebrew","XYYN_TMR/","NA","hrrn vmt","Genesis","14","7"
"Hebrew","XYYRH/","NA","hrrte","Numeri","10","2"
"Hebrew","XYY[","qal","hrr","Proverbia","30","27"
"Hebrew","XZ>L/","NA","hgal","Reges_I","19","15"
"Hebrew","XZH/","NA","hge","Exodus","29","26"
"Hebrew","XZH=/","NA","hge","Samuel_II","24","11"
"Hebrew","XZH[","qal","hge","Exodus","18","21"
"Hebrew","XZJ>L/","NA","hgjal","Chronica_I","23","9"
"Hebrew","XZJH/","NA","hgje","Nehemia","11","5"
"Hebrew","XZJR/","NA","hgjt","Leviticus","11","7"
"Hebrew","XZJR=/","NA","hgjt","Nehemia","10","21"
"Hebrew","XZJWN/","NA","hgjfn","Samuel_II","7","17"
"Hebrew","XZJWN=/","NA","hgjfn","Reges_I","15","18"
"Hebrew","XZJZ/","NA","hgjg","Sacharia","10","1"
"Hebrew","XZQ/","NA","hgs","Exodus","3","19"
"Hebrew","XZQ=/","NA","hgs","Exodus","13","3"
"Hebrew","XZQ==/","NA","hgs","Exodus","19","19"
"Hebrew","XZQ===/","NA","hgs","Psalmi","18","2"
"Hebrew","XZQH/","NA","hgse","Judices","4","3"
"Hebrew","XZQH=/","NA","hgse","Jesaia","8","11"
"Hebrew","XZQJ/","NA","hgsj","Chronica_I","8","17"
"Hebrew","XZQJH/","NA","hgsje","Reges_II","18","1"
"Hebrew","XZQJHW/","NA","hgsjef","Reges_II","16","20"
"Hebrew","XZQ[","qal","hgs","Genesis","41","56"
"Hebrew","XZW/","NA","hgf","Genesis","22","22"
"Hebrew","XZWN/","NA","hgfn","Samuel_I","3","1"
"Hebrew","XZWT/","NA","hgfv","Jesaia","21","2"
"Hebrew","XZWT=/","NA","hgfv","Chronica_II","9","29"
"Hebrew","Y<D/","NA","rpd","Samuel_II","6","13"
"Hebrew","Y<DH/","NA","rpde","Samuel_II","5","24"
"Hebrew","Y<D[","qal","rpd","Genesis","49","22"
"Hebrew","Y<H[","qal","rpe","Jesaia","51","14"
"Hebrew","Y<JP/","NA","rpjq","Genesis","24","65"
"Hebrew","Y<JR/","NA","rpjt","Genesis","19","31"
"Hebrew","Y<JR=/","NA","rpjt","Reges_II","8","21"
"Hebrew","Y<JRH/","NA","rpjte","Genesis","43","33"
"Hebrew","Y<N/","NA","rpn","Numeri","13","22"
"Hebrew","Y<NNJM/","NA","rpnnjm","Josua","19","33"
"Hebrew","Y<N[","qal","rpn","Jesaia","33","20"
"Hebrew","Y<QH/","NA","rpse","Genesis","18","21"
"Hebrew","Y<Q[","qal","rps","Genesis","4","10"
"Hebrew","Y<R/","NA","rpt","Genesis","13","10"
"Hebrew","Y<R[","qal","rpt","Jeremia","30","19"
"Hebrew","Y<Y<JM/","NA","rprpjm","Chronica_II","3","10"
"Hebrew","Y>/","NA","ra","Jesaia","30","22"
"Hebrew","Y>H/","NA","rae","Deuteronomium","23","14"
"Hebrew","Y>H=/","NA","rae","Reges_II","18","27"
"Hebrew","Y>J/","NA","raj","Sacharia","3","3"
"Hebrew","Y>LJM/","NA","raljm","Iob","40","21"
"Hebrew","Y>N/","NA","ran","Genesis","4","2"
"Hebrew","Y>NN/","NA","rann","Micha","1","11"
"Hebrew","Y>Y>JM/","NA","rarajm","Jesaia","22","24"
"Hebrew","YB/","NA","rb","Leviticus","11","29"
"Hebrew","YB</","NA","rbp","Judices","5","30"
"Hebrew","YB<JM/","NA","rbpjm","Samuel_I","13","18"
"Hebrew","YB<WN/","NA","rbpfn","Genesis","36","2"
"Hebrew","YB=/","NA","rb","Numeri","7","3"
"Hebrew","YB>/","NA","rba","Genesis","2","1"
"Hebrew","YB>=/","NA","rba","Chronica_I","12","9"
"Hebrew","YB>H/","NA","rbae","Canticum","2","7"
"Hebrew","YB>JM/","NA","rbajm","Genesis","10","19"
"Hebrew","YB>[","qal","rba","Exodus","38","8"
"Hebrew","YBH/","NA","rbe","Numeri","5","21"
"Hebrew","YBH=/","NA","rbe","Jesaia","29","7"
"Hebrew","YBH[","qal","rbe","Numeri","5","27"
"Hebrew","YBJ/","NA","rbj","Samuel_II","1","19"
"Hebrew","YBJ=/","NA","rbj","Deuteronomium","12","15"
"Hebrew","YBJ>/","NA","rbja","Chronica_I","8","9"
"Hebrew","YBJH/","NA","rbje","Canticum","4","5"
"Hebrew","YBJH=/","NA","rbje","Reges_II","12","2"
"Hebrew","YBR/","NA","rbt","Reges_II","10","8"
"Hebrew","YBR[","qal","rbt","Genesis","41","35"
"Hebrew","YBT/","NA","rbv","Ruth","2","16"
"Hebrew","YBV[","qal","rbi","Ruth","2","14"
"Hebrew","YBW</","NA","rbfp","Jeremia","12","9"
"Hebrew","YD/","NA","rd","Genesis","6","16"
"Hebrew","YD=/","NA","rd","Judices","2","3"
"Hebrew","YDD/","NA","rdd","Numeri","34","8"
"Hebrew","YDH=[","nif","rde","Zephania","3","6"
"Hebrew","YDH[","qal","rde","Exodus","21","13"
"Hebrew","YDJH/","NA","rdje","Numeri","35","20"
"Hebrew","YDJM/","NA","rdjm","Josua","19","35"
"Hebrew","YDJQ/","NA","rdjs","Genesis","6","9"
"Hebrew","YDQ/","NA","rds","Leviticus","19","15"
"Hebrew","YDQH/","NA","rdse","Genesis","15","6"
"Hebrew","YDQJH/","NA","rdsje","Reges_I","22","11"
"Hebrew","YDQJHW/","NA","rdsjef","Reges_I","22","24"
"Hebrew","YDQ[","qal","rds","Genesis","38","26"
"Hebrew","YDWQ/","NA","rdfs","Samuel_II","8","17"
"Hebrew","YHB/","NA","reb","Leviticus","13","30"
"Hebrew","YHB[","hof","reb","Esra","8","27"
"Hebrew","YHL=[","hif","rel","Psalmi","104","15"
"Hebrew","YHL[","qal","rel","Jesaia","12","6"
"Hebrew","YHR/","NA","ret","Genesis","6","16"
"Hebrew","YHRJM/","NA","retjm","Genesis","43","16"
"Hebrew","YHR[","hif","ret","Iob","24","11"
"Hebrew","YJ/","NA","rj","Jesaia","13","21"
"Hebrew","YJ<R/","NA","rjpt","Josua","15","54"
"Hebrew","YJ=/","NA","rj","Numeri","24","24"
"Hebrew","YJB>/","NA","rjba","Samuel_II","9","2"
"Hebrew","YJD/","NA","rjd","Genesis","10","9"
"Hebrew","YJD=/","NA","rjd","Josua","9","5"
"Hebrew","YJD==/","NA","rjd","Jeremia","16","16"
"Hebrew","YJDH/","NA","rjde","Genesis","42","25"
"Hebrew","YJDNJ/","NA","rjdnj","Deuteronomium","3","9"
"Hebrew","YJDWN/","NA","rjdfn","Genesis","10","15"
"Hebrew","YJD[","hit","rjd","Josua","9","12"
"Hebrew","YJH/","NA","rje","Jesaia","35","1"
"Hebrew","YJNQ/","NA","rjns","Jeremia","29","26"
"Hebrew","YJR/","NA","rjt","Jesaia","45","16"
"Hebrew","YJR=/","NA","rjt","Proverbia","26","14"
"Hebrew","YJR==/","NA","rjt","Jesaia","18","2"
"Hebrew","YJR===/","NA","rjt","Samuel_I","4","19"
"Hebrew","YJR[","qal","rjt","Jesaia","59","19"
"Hebrew","YJWN/","NA","rjfn","Jesaia","25","5"
"Hebrew","YJWN=/","NA","rjfn","Reges_II","23","17"
"Hebrew","YJWN==/","NA","rjfn","Samuel_II","5","7"
"Hebrew","YJX>/","NA","rjha","Esra","2","43"
"Hebrew","YJY/","NA","rjr","Exodus","28","36"
"Hebrew","YJY=/","NA","rjr","Chronica_II","20","16"
"Hebrew","YJYH/","NA","rjre","Jesaia","28","4"
"Hebrew","YJYT/","NA","rjrv","Numeri","15","38"
"Hebrew","YL/","NA","rl","Genesis","19","8"
"Hebrew","YL</","NA","rlp","Genesis","2","21"
"Hebrew","YL<=/","NA","rlp","Jeremia","20","10"
"Hebrew","YL<==/","NA","rlp","Josua","18","28"
"Hebrew","YL<[","qal","rlp","Genesis","32","32"
"Hebrew","YLH/","NA","rle","Genesis","4","19"
"Hebrew","YLH[","qal","rle","Samuel_I","2","15"
"Hebrew","YLJ/","NA","rlj","Exodus","12","8"
"Hebrew","YLJL/","NA","rljl","Judices","7","13"
"Hebrew","YLL==[","qal","rll","Nehemia","13","19"
"Hebrew","YLL=[","qal","rll","Reges_II","21","12"
"Hebrew","YLL[","qal","rll","Exodus","15","10"
"Hebrew","YLM/","NA","rlm","Genesis","1","26"
"Hebrew","YLMN</","NA","rlmnp","Judices","8","5"
"Hebrew","YLMNH/","NA","rlmne","Numeri","33","41"
"Hebrew","YLMWN/","NA","rlmfn","Judices","9","48"
"Hebrew","YLMWN=/","NA","rlmfn","Samuel_II","23","28"
"Hebrew","YLMWT/","NA","rlmfv","Jesaia","9","1"
"Hebrew","YLP/","NA","rlq","Nehemia","3","30"
"Hebrew","YLPXD/","NA","rlqhd","Numeri","26","33"
"Hebrew","YLQ/","NA","rls","Samuel_II","23","37"
"Hebrew","YLTJ/","NA","rlvj","Chronica_I","8","20"
"Hebrew","YLXJT/","NA","rlhjv","Reges_II","2","20"
"Hebrew","YLXT/","NA","rlhv","Reges_II","21","13"
"Hebrew","YLX[","qal","rlh","Numeri","14","41"
"Hebrew","YLYL/","NA","rlrl","Deuteronomium","28","42"
"Hebrew","YLYL=/","NA","rlrl","Iob","40","31"
"Hebrew","YLYLJM/","NA","rlrljm","Samuel_II","6","5"
"Hebrew","YLYX/","NA","rlrh","Samuel_I","10","2"
"Hebrew","YM>/","NA","rma","Deuteronomium","29","18"
"Hebrew","YM>=/","NA","rma","Exodus","17","3"
"Hebrew","YM>H/","NA","rmae","Jeremia","2","25"
"Hebrew","YM>WN/","NA","rmafn","Deuteronomium","8","15"
"Hebrew","YM>[","qal","rma","Exodus","17","3"
"Hebrew","YMD/","NA","rmd","Judices","19","3"
"Hebrew","YMD[","nif","rmd","Numeri","25","3"
"Hebrew","YMH/","NA","rme","Jesaia","47","2"
"Hebrew","YMJD/","NA","rmjd","Genesis","24","22"
"Hebrew","YMJD=/","NA","rmjd","Numeri","19","15"
"Hebrew","YMJM/","NA","rmjm","Iob","5","5"
"Hebrew","YMQ[","qal","rms","Hosea","9","14"
"Hebrew","YMR/","NA","rmt","Leviticus","13","47"
"Hebrew","YMRJ/","NA","rmtj","Genesis","10","18"
"Hebrew","YMRJM/","NA","rmtjm","Josua","18","22"
"Hebrew","YMRT/","NA","rmtv","Ezechiel","17","3"
"Hebrew","YMTT/","NA","rmvv","Leviticus","25","23"
"Hebrew","YMT[","qal","rmv","Threni","3","53"
"Hebrew","YMWQJM/","NA","rmfsjm","Samuel_I","25","18"
"Hebrew","YMX/","NA","rmh","Genesis","19","25"
"Hebrew","YMX[","qal","rmh","Genesis","2","5"
"Hebrew","YN/","NA","rn","Amos","4","2"
"Hebrew","YN<[","hif","rnp","Micha","6","8"
"Hebrew","YN=/","NA","rn","Numeri","13","21"
"Hebrew","YN>/","NA","rna","Numeri","32","24"
"Hebrew","YNH/","NA","rne","Samuel_I","17","7"
"Hebrew","YNH=/","NA","rne","Psalmi","8","8"
"Hebrew","YNH==/","NA","rne","Proverbia","25","13"
"Hebrew","YNJNJM/","NA","rnjnjm","Numeri","33","55"
"Hebrew","YNJP/","NA","rnjq","Jesaia","62","3"
"Hebrew","YNJPH/","NA","rnjqe","Jesaia","3","23"
"Hebrew","YNM/","NA","rnm","Genesis","41","23"
"Hebrew","YNN/","NA","rnn","Josua","15","37"
"Hebrew","YNPH/","NA","rnqe","Jesaia","22","18"
"Hebrew","YNP[","qal","rnq","Leviticus","16","4"
"Hebrew","YNTRWT/","NA","rnvtfv","Sacharia","4","12"
"Hebrew","YNW</","NA","rnfp","Proverbia","11","2"
"Hebrew","YNWR/","NA","rnft","Samuel_II","5","8"
"Hebrew","YNX[","qal","rnh","Josua","15","18"
"Hebrew","YNYNT/","NA","rnrnv","Exodus","16","33"
"Hebrew","YP</","NA","rqp","Jesaia","14","29"
"Hebrew","YP<NJ/","NA","rqpnj","Jesaia","11","8"
"Hebrew","YPD[","qal","rqd","Threni","4","8"
"Hebrew","YPH/","NA","rqe","Ezechiel","32","6"
"Hebrew","YPH=[","qal","rqe","Jesaia","21","5"
"Hebrew","YPH[","qal","rqe","Genesis","31","49"
"Hebrew","YPJ/","NA","rqj","Chronica_I","1","36"
"Hebrew","YPJ</","NA","rqjp","Ezechiel","4","15"
"Hebrew","YPJ<H/","NA","rqjpe","Jesaia","22","24"
"Hebrew","YPJH/","NA","rqje","Threni","4","17"
"Hebrew","YPJR/","NA","rqjt","Daniel","8","5"
"Hebrew","YPJRH/","NA","rqjte","Jesaia","28","5"
"Hebrew","YPJT/","NA","rqjv","Jesaia","21","5"
"Hebrew","YPJWN/","NA","rqjfn","Genesis","46","16"
"Hebrew","YPJXT/","NA","rqjhv","Exodus","16","31"
"Hebrew","YPNJH/","NA","rqnje","Jeremia","21","1"
"Hebrew","YPNJHW/","NA","rqnjef","Reges_II","25","18"
"Hebrew","YPNT_P<NX/","NA","rqnv qpnh","Genesis","41","45"
"Hebrew","YPN[","qal","rqn","Exodus","2","2"
"Hebrew","YPP[","piel","rqq","Jesaia","8","19"
"Hebrew","YPRD</","NA","rqtdp","Exodus","7","27"
"Hebrew","YPRH/","NA","rqte","Exodus","2","21"
"Hebrew","YPRN/","NA","rqtn","Deuteronomium","21","12"
"Hebrew","YPR[","qal","rqt","Judices","7","3"
"Hebrew","YPT/","NA","rqv","Chronica_II","3","15"
"Hebrew","YPT=/","NA","rqv","Judices","1","17"
"Hebrew","YPTH/","NA","rqve","Chronica_II","14","9"
"Hebrew","YPW/","NA","rqf","Genesis","36","11"
"Hebrew","YPWJ/","NA","rqfj","Exodus","38","17"
"Hebrew","YPWN/","NA","rqfn","Genesis","13","14"
"Hebrew","YPWN=/","NA","rqfn","Josua","13","27"
"Hebrew","YPWN==/","NA","rqfn","Numeri","26","15"
"Hebrew","YPWNJ/","NA","rqfnj","Numeri","26","15"
"Hebrew","YPWNJ=/","NA","rqfnj","Joel","2","20"
"Hebrew","YPWR/","NA","rqft","Genesis","7","14"
"Hebrew","YPWR=/","NA","rqft","Numeri","22","2"
"Hebrew","YPXT/","NA","rqhv","Samuel_I","26","11"
"Hebrew","YPYPH/","NA","rqrqe","Ezechiel","17","5"
"Hebrew","YQLG/","NA","rslc","Josua","15","31"
"Hebrew","YQLWN/","NA","rslfn","Reges_II","4","42"
"Hebrew","YR/","NA","rt","Numeri","22","26"
"Hebrew","YR<H/","NA","rtpe","Exodus","23","28"
"Hebrew","YR<H=/","NA","rtpe","Josua","15","33"
"Hebrew","YR<J/","NA","rtpj","Chronica_I","2","54"
"Hebrew","YR<T/","NA","rtpv","Leviticus","13","2"
"Hebrew","YR<TJ/","NA","rtpvj","Chronica_I","2","53"
"Hebrew","YR<[","qal","rtp","Leviticus","13","44"
"Hebrew","YR=/","NA","rt","Genesis","14","20"
"Hebrew","YR==/","NA","rt","Exodus","4","25"
"Hebrew","YR===/","NA","rt","Jesaia","5","28"
"Hebrew","YR====/","NA","rt","Josua","19","29"
"Hebrew","YR=====/","NA","rt","Josua","19","35"
"Hebrew","YRB/","NA","rtb","Proverbia","16","27"
"Hebrew","YRBT/","NA","rtbv","Leviticus","13","23"
"Hebrew","YRB[","nif","rtb","Ezechiel","21","3"
"Hebrew","YRDH/","NA","rtde","Reges_I","11","26"
"Hebrew","YRH/","NA","rte","Genesis","35","3"
"Hebrew","YRH=/","NA","rte","Samuel_I","1","6"
"Hebrew","YRJ/","NA","rtj","Genesis","37","25"
"Hebrew","YRJ=/","NA","rtj","Reges_I","7","14"
"Hebrew","YRJ==/","NA","rtj","Chronica_I","25","3"
"Hebrew","YRJX/","NA","rtjh","Judices","9","46"
"Hebrew","YRK/","NA","rtk","Chronica_II","2","15"
"Hebrew","YRPJ/","NA","rtqj","Nehemia","3","31"
"Hebrew","YRPT/","NA","rtqv","Reges_I","17","9"
"Hebrew","YRP[","qal","rtq","Judices","7","4"
"Hebrew","YRR=[","qal","rtt","Exodus","23","22"
"Hebrew","YRRH/","NA","rtte","Judices","7","22"
"Hebrew","YRR[","qal","rtt","Genesis","32","8"
"Hebrew","YRT/","NA","rtv","Chronica_I","4","7"
"Hebrew","YRTN/","NA","rtvn","Josua","3","16"
"Hebrew","YRT_HCXR/","NA","rtv euht","Josua","13","19"
"Hebrew","YRW<H/","NA","rtfpe","Reges_I","11","26"
"Hebrew","YRWJH/","NA","rtfje","Samuel_I","26","6"
"Hebrew","YRWR/","NA","rtft","Genesis","42","35"
"Hebrew","YRWR=/","NA","rtft","Samuel_II","17","13"
"Hebrew","YRWR==/","NA","rtft","Samuel_I","9","1"
"Hebrew","YRX[","qal","rth","Zephania","1","14"
"Hebrew","YW/","NA","rf","Jesaia","28","10"
"Hebrew","YW<R/","NA","rfpt","Numeri","1","8"
"Hebrew","YW>R/","NA","rfat","Genesis","27","16"
"Hebrew","YWB>/","NA","rfba","Samuel_I","14","47"
"Hebrew","YWD[","qal","rfd","Genesis","27","3"
"Hebrew","YWH[","piel","rfe","Genesis","2","16"
"Hebrew","YWLH/","NA","rfle","Jesaia","44","27"
"Hebrew","YWM/","NA","rfm","Samuel_II","12","16"
"Hebrew","YWM[","qal","rfm","Judices","20","26"
"Hebrew","YWP/","NA","rfq","Psalmi","19","11"
"Hebrew","YWP=/","NA","rfq","Samuel_I","1","1"
"Hebrew","YWPJ/","NA","rfqj","Chronica_I","6","11"
"Hebrew","YPR/","NA","rqt","Iob","2","11"
"Hebrew","YWPX/","NA","rfqh","Chronica_I","7","35"
"Hebrew","YWP[","qal","rfq","Threni","3","54"
"Hebrew","YWQ/","NA","rfs","Daniel","9","25"
"Hebrew","YWQH/","NA","rfse","Jesaia","8","22"
"Hebrew","YWQ[","qal","rfs","Jesaia","26","16"
"Hebrew","YWR/","NA","rft","Exodus","17","6"
"Hebrew","YWR=/","NA","rft","Iob","22","24"
"Hebrew","YWR==/","NA","rft","Numeri","25","15"
"Hebrew","YWR==[","qal","rft","Exodus","32","4"
"Hebrew","YWR=[","qal","rft","Deuteronomium","2","9"
"Hebrew","YWRH/","NA","rfte","Ezechiel","43","11"
"Hebrew","YWRJ>L/","NA","rftjal","Numeri","3","35"
"Hebrew","YWRJCDJ/","NA","rftjudj","Numeri","1","6"
"Hebrew","YWRNJM/","NA","rftnjm","Canticum","4","9"
"Hebrew","YWR[","qal","rft","Deuteronomium","14","25"
"Hebrew","YWT[","hif","rfv","Jesaia","27","4"
"Hebrew","YWXH/","NA","rfhe","Jesaia","24","11"
"Hebrew","YWX[","qal","rfh","Jesaia","42","11"
"Hebrew","YWY=[","hif","rfr","Canticum","2","9"
"Hebrew","YWY[","qal","rfr","Ezechiel","7","10"
"Hebrew","YX/","NA","rh","Jesaia","18","4"
"Hebrew","YXH/","NA","rhe","Jesaia","5","13"
"Hebrew","YXH[","qal","rhe","Threni","4","7"
"Hebrew","YXJX/","NA","rhjh","Ezechiel","24","7"
"Hebrew","YXJXH/","NA","rhjhe","Psalmi","68","7"
"Hebrew","YXNH/","NA","rhne","Joel","2","20"
"Hebrew","YXQ/","NA","rhs","Genesis","21","6"
"Hebrew","YXQ[","qal","rhs","Genesis","17","17"
"Hebrew","YXR/","NA","rht","Judices","5","10"
"Hebrew","YXR=/","NA","rht","Genesis","23","8"
"Hebrew","YXR==/","NA","rht","Ezechiel","27","18"
"Hebrew","YXYXH/","NA","rhrhe","Jesaia","58","11"
"Hebrew","Z<H/","NA","gpe","Genesis","3","19"
"Hebrew","Z<JR/","NA","gpjt","Jesaia","28","10"
"Hebrew","Z<K[","nif","gpk","Iob","17","1"
"Hebrew","Z<M/","NA","gpm","Jesaia","10","5"
"Hebrew","Z<M[","qal","gpm","Numeri","23","7"
"Hebrew","Z<P/","NA","gpq","Jesaia","30","30"
"Hebrew","Z<P=/","NA","gpq","Reges_I","20","43"
"Hebrew","Z<P[","qal","gpq","Genesis","40","6"
"Hebrew","Z<QH/","NA","gpse","Genesis","18","20"
"Hebrew","Z<Q[","qal","gps","Exodus","2","23"
"Hebrew","Z<WH/","NA","gpfe","Deuteronomium","28","25"
"Hebrew","Z<WN/","NA","gpfn","Genesis","36","27"
"Hebrew","Z>B/","NA","gab","Genesis","49","27"
"Hebrew","Z>B=/","NA","gab","Judices","7","25"
"Hebrew","Z>T","NA","gav","Genesis","2","23"
"Hebrew","ZBD/","NA","gbd","Genesis","30","20"
"Hebrew","ZBD=/","NA","gbd","Esra","10","27"
"Hebrew","ZBDJ/","NA","gbdj","Josua","7","1"
"Hebrew","ZBDJ>L/","NA","gbdjal","Nehemia","11","14"
"Hebrew","ZBDJH/","NA","gbdje","Esra","8","8"
"Hebrew","ZBDJHW/","NA","gbdjef","Chronica_I","26","2"
"Hebrew","ZBD[","qal","gbd","Genesis","30","20"
"Hebrew","ZBJ/","NA","gbj","Esra","10","28"
"Hebrew","ZBJN>/","NA","gbjna","Esra","10","43"
"Hebrew","ZBL/","NA","gbl","Reges_I","8","13"
"Hebrew","ZBL=/","NA","gbl","Judices","9","28"
"Hebrew","ZBL[","qal","gbl","Genesis","30","20"
"Hebrew","ZBWB/","NA","gbfb","Reges_II","1","2"
"Hebrew","ZBWD/","NA","gbfd","Reges_I","4","5"
"Hebrew","ZBWDH/","NA","gbfde","Reges_II","23","36"
"Hebrew","ZBWLNJ/","NA","gbflnj","Numeri","26","27"
"Hebrew","ZBWLN/","NA","gbfln","Genesis","30","20"
"Hebrew","ZBX/","NA","gbh","Genesis","31","54"
"Hebrew","ZBX=/","NA","gbh","Judices","8","5"
"Hebrew","ZBX[","qal","gbh","Genesis","31","54"
"Hebrew","ZD/","NA","gd","Jesaia","13","11"
"Hebrew","ZDWN/","NA","gdfn","Deuteronomium","17","12"
"Hebrew","ZG/","NA","gc","Numeri","6","4"
"Hebrew","ZH","NA","ge","Genesis","5","1"
"Hebrew","ZH=","NA","ge","Judices","18","4"
"Hebrew","ZHB/","NA","geb","Genesis","2","11"
"Hebrew","ZHM/","NA","gem","Chronica_II","11","19"
"Hebrew","ZHM[","piel","gem","Iob","33","20"
"Hebrew","ZHR/","NA","get","Ezechiel","8","2"
"Hebrew","ZHR=[","hif","get","Daniel","12","3"
"Hebrew","ZHR[","nif","get","Ezechiel","3","21"
"Hebrew","ZJ</","NA","gjp","Chronica_I","5","13"
"Hebrew","ZJDWN/","NA","gjdfn","Psalmi","124","5"
"Hebrew","ZJD[","qal","gjd","Exodus","18","11"
"Hebrew","ZJN>/","NA","gjna","Chronica_I","23","10"
"Hebrew","ZJP/","NA","gjq","Josua","15","24"
"Hebrew","ZJP=/","NA","gjq","Chronica_I","4","16"
"Hebrew","ZJPH/","NA","gjqe","Chronica_I","4","16"
"Hebrew","ZJPJ/","NA","gjqj","Samuel_I","23","19"
"Hebrew","ZJQH/","NA","gjse","Jesaia","50","11"
"Hebrew","ZJT/","NA","gjv","Genesis","8","11"
"Hebrew","ZJTN/","NA","gjvn","Chronica_I","7","10"
"Hebrew","ZJZ/","NA","gjg","Psalmi","50","11"
"Hebrew","ZJZ=/","NA","gjg","Jesaia","66","11"
"Hebrew","ZJZ>/","NA","gjga","Chronica_I","4","37"
"Hebrew","ZJZH/","NA","gjge","Chronica_I","23","11"
"Hebrew","ZK/","NA","gk","Exodus","27","20"
"Hebrew","ZKH[","qal","gke","Micha","6","11"
"Hebrew","ZKJ/","NA","gkj","Esra","2","9"
"Hebrew","ZKK[","qal","gkk","Iob","15","15"
"Hebrew","ZKR/","NA","gkt","Exodus","3","15"
"Hebrew","ZKR=/","NA","gkt","Genesis","1","27"
"Hebrew","ZKR==/","NA","gkt","Chronica_I","8","31"
"Hebrew","ZKRJ/","NA","gktj","Exodus","6","21"
"Hebrew","ZKRJH/","NA","gktje","Reges_II","14","29"
"Hebrew","ZKRJHW/","NA","gktjef","Reges_II","15","8"
"Hebrew","ZKRWN/","NA","gktfn","Exodus","12","14"
"Hebrew","ZKR[","qal","gkt","Genesis","8","1"
"Hebrew","ZKWKJT/","NA","gkfkjv","Iob","28","17"
"Hebrew","ZKWR/","NA","gkft","Exodus","23","17"
"Hebrew","ZKWR=/","NA","gkft","Psalmi","103","14"
"Hebrew","ZKWR==/","NA","gkft","Numeri","13","4"
"Hebrew","ZL<PH/","NA","glpqe","Psalmi","11","6"
"Hebrew","ZLL[","qal","gll","Deuteronomium","21","20"
"Hebrew","ZLPH/","NA","glqe","Genesis","29","24"
"Hebrew","ZLT/","NA","glv","Psalmi","12","9"
"Hebrew","ZLZLJM/","NA","glgljm","Jesaia","18","5"
"Hebrew","ZMH/","NA","gme","Leviticus","18","17"
"Hebrew","ZMH=/","NA","gme","Chronica_I","6","5"
"Hebrew","ZMJR/","NA","gmjt","Samuel_II","23","1"
"Hebrew","ZMJR=/","NA","gmjt","Canticum","2","12"
"Hebrew","ZMJRH/","NA","gmjte","Chronica_I","7","8"
"Hebrew","ZMM/","NA","gmm","Psalmi","140","9"
"Hebrew","ZMM[","qal","gmm","Genesis","11","6"
"Hebrew","ZMN/","NA","gmn","Ecclesiastes","3","1"
"Hebrew","ZMN[","pual","gmn","Esra","10","14"
"Hebrew","ZMR/","NA","gmt","Deuteronomium","14","5"
"Hebrew","ZMR=[","qal","gmt","Leviticus","25","3"
"Hebrew","ZMRH/","NA","gmte","Jesaia","51","3"
"Hebrew","ZMRH=/","NA","gmte","Genesis","43","11"
"Hebrew","ZMRJ/","NA","gmtj","Numeri","25","14"
"Hebrew","ZMRJ=/","NA","gmtj","Jeremia","25","25"
"Hebrew","ZMRN/","NA","gmtn","Genesis","25","2"
"Hebrew","ZMR[","piel","gmt","Judices","5","3"
"Hebrew","ZMWRH/","NA","gmfte","Numeri","13","23"
"Hebrew","ZMZMJM/","NA","gmgmjm","Deuteronomium","2","20"
"Hebrew","ZN/","NA","gn","Psalmi","144","13"
"Hebrew","ZNB/","NA","gnb","Exodus","4","4"
"Hebrew","ZNB[","piel","gnb","Deuteronomium","25","18"
"Hebrew","ZNH=[","qal","gne","Judices","19","2"
"Hebrew","ZNH[","qal","gne","Genesis","34","31"
"Hebrew","ZNQ[","piel","gns","Deuteronomium","33","22"
"Hebrew","ZNWNJM/","NA","gnfnjm","Genesis","38","24"
"Hebrew","ZNWT/","NA","gnfv","Numeri","14","33"
"Hebrew","ZNWX/","NA","gnfh","Josua","15","34"
"Hebrew","ZNWX=/","NA","gnfh","Chronica_I","4","18"
"Hebrew","ZNX=[","hif","gnh","Jesaia","19","6"
"Hebrew","ZNX[","qal","gnh","Hosea","8","3"
"Hebrew","ZPRWN/","NA","gqtfn","Numeri","34","9"
"Hebrew","ZPT/","NA","gqv","Exodus","2","3"
"Hebrew","ZQJM/","NA","gsjm","Jesaia","45","14"
"Hebrew","ZQ/","NA","gs","Proverbia","26","18"
"Hebrew","ZQN/","NA","gsn","Genesis","18","11"
"Hebrew","ZQN=/","NA","gsn","Leviticus","13","29"
"Hebrew","ZQN==/","NA","gsn","Genesis","48","10"
"Hebrew","ZQNH/","NA","gsne","Genesis","24","36"
"Hebrew","ZQNJM/","NA","gsnjm","Genesis","21","2"
"Hebrew","ZQN[","qal","gsn","Genesis","18","12"
"Hebrew","ZQP[","qal","gsq","Psalmi","145","14"
"Hebrew","ZQQ[","qal","gss","Iob","28","1"
"Hebrew","ZR/","NA","gt","Exodus","29","33"
"Hebrew","ZR</","NA","gtp","Genesis","1","11"
"Hebrew","ZR<JM/","NA","gtpjm","Daniel","1","12"
"Hebrew","ZR<NJM/","NA","gtpnjm","Daniel","1","16"
"Hebrew","ZR<[","qal","gtp","Genesis","1","29"
"Hebrew","ZR=/","NA","gt","Exodus","25","11"
"Hebrew","ZR>/","NA","gta","Numeri","11","20"
"Hebrew","ZRBBL/","NA","gtbbl","Haggai","1","1"
"Hebrew","ZRB[","pual","gtb","Iob","6","17"
"Hebrew","ZRC/","NA","gtu","Esther","5","10"
"Hebrew","ZRD/","NA","gtd","Numeri","21","12"
"Hebrew","ZRH=[","piel","gte","Psalmi","139","3"
"Hebrew","ZRH[","qal","gte","Exodus","32","20"
"Hebrew","ZRM/","NA","gtm","Jesaia","4","6"
"Hebrew","ZRMH/","NA","gtme","Ezechiel","23","20"
"Hebrew","ZRM[","qal","gtm","Psalmi","90","5"
"Hebrew","ZRQ=[","qal","gts","Hosea","7","9"
"Hebrew","ZRQ[","qal","gts","Exodus","9","8"
"Hebrew","ZRR[","piel","gtt","Reges_II","4","35"
"Hebrew","ZRT/","NA","gtv","Exodus","28","16"
"Hebrew","ZRW</","NA","gtfp","Genesis","49","24"
"Hebrew","ZRW<=/","NA","gtfp","Leviticus","11","37"
"Hebrew","ZRX/","NA","gth","Jesaia","60","3"
"Hebrew","ZRX=/","NA","gth","Genesis","36","13"
"Hebrew","ZRXJ/","NA","gthj","Numeri","26","13"
"Hebrew","ZRXJH/","NA","gthje","Esra","7","4"
"Hebrew","ZRX[","qal","gth","Genesis","32","32"
"Hebrew","ZRZJP/","NA","gtgjq","Psalmi","72","6"
"Hebrew","ZRZJR/","NA","gtgjt","Proverbia","30","31"
"Hebrew","ZTM/","NA","gvm","Chronica_I","23","8"
"Hebrew","ZTR/","NA","gvt","Esther","1","10"
"Hebrew","ZTW>/","NA","gvfa","Esra","2","8"
"Hebrew","ZW","NA","gf","Exodus","15","13"
"Hebrew","ZW/","NA","gf","Reges_I","6","1"
"Hebrew","ZW<H/","NA","gfpe","Jesaia","28","19"
"Hebrew","ZW<[","qal","gfp","Ecclesiastes","12","3"
"Hebrew","ZW=","NA","gf","Hosea","7","16"
"Hebrew","ZWB/","NA","gfb","Leviticus","15","2"
"Hebrew","ZWB[","qal","gfb","Exodus","3","8"
"Hebrew","ZWJT/","NA","gfjv","Sacharia","9","15"
"Hebrew","ZWLH/","NA","gfle","Deuteronomium","1","36"
"Hebrew","ZWL[","qal","gfl","Jesaia","46","6"
"Hebrew","ZWR==[","qal","gft","Iob","19","17"
"Hebrew","ZWR=[","qal","gft","Judices","6","38"
"Hebrew","ZWR[","qal","gft","Psalmi","78","30"
"Hebrew","ZWXT/","NA","gfhv","Chronica_I","4","20"
"Hebrew","ZWZJM/","NA","gfgjm","Genesis","14","5"
"Hebrew","ZXLT/","NA","ghlv","Reges_I","1","9"
"Hebrew","ZXL[","qal","ghl","Deuteronomium","32","24"
"Hebrew","ZXX[","nif","ghh","Exodus","28","28"
"Hebrew","ZZ>/","NA","gga","Chronica_I","2","33"
"Hebrew","WCNJ/","NA","funj","Chronica_I","6","13"
"Hebrew",">BJCJ/","NA","abjuj","Samuel_I","26","6"
"Hebrew","PRT=/","NA","qtv","Genesis","49","22"
"Hebrew","TNJM/","NA","vnjm","Ezechiel","29","3"
"Hebrew","XJL==[","qal","hjl","Genesis","8","10"
"Aramaic","<BD/","NA","pbd","Daniel","2","4"
"Aramaic","<BD[","peal","pbd","Jeremia","10","11"
"Aramaic","<BD_NGW/","NA","pbd ncf","Daniel","2","49"
"Aramaic","<BJDH/","NA","pbjde","Daniel","2","49"
"Aramaic","<BR/","NA","pbt","Esra","4","10"
"Aramaic","<CT[","peal","puv","Daniel","6","4"
"Aramaic","<D","NA","pd","Daniel","2","9"
"Aramaic","<DH[","peal","pde","Daniel","3","27"
"Aramaic","<DN/","NA","pdn","Daniel","2","8"
"Aramaic","<DW>/","NA","pdfa","Esra","5","1"
"Aramaic","<FB/","NA","pub","Daniel","4","12"
"Aramaic","<FR/","NA","put","Daniel","4","26"
"Aramaic","<FRJN/","NA","putjn","Daniel","6","2"
"Aramaic","<JN/","NA","pjn","Daniel","4","31"
"Aramaic","<JR/","NA","pjt","Daniel","4","10"
"Aramaic","<L","NA","pl","Daniel","2","10"
"Aramaic","<L</","NA","plp","Daniel","7","5"
"Aramaic","<L>","NA","pla","Daniel","6","3"
"Aramaic","<LH/","NA","ple","Daniel","6","5"
"Aramaic","<LJ/","NA","plj","Daniel","3","26"
"Aramaic","<LJ=/","NA","plj","Daniel","6","11"
"Aramaic","<LJWN/","NA","pljfn","Daniel","7","18"
"Aramaic","<LL[","peal","pll","Daniel","2","16"
"Aramaic","<LM/","NA","plm","Daniel","2","4"
"Aramaic","<LMJ/","NA","plmj","Esra","4","9"
"Aramaic","<LWH/","NA","plfe","Esra","6","9"
"Aramaic","<M","NA","pm","Daniel","2","11"
"Aramaic","<M/","NA","pm","Daniel","2","44"
"Aramaic","<MJQ/","NA","pmjs","Daniel","2","22"
"Aramaic","<MR/","NA","pmt","Daniel","7","9"
"Aramaic","<NC/","NA","pnu","Esra","7","26"
"Aramaic","<NH/","NA","pne","Daniel","4","24"
"Aramaic","<NH[","peal","pne","Daniel","2","5"
"Aramaic","<NN/","NA","pnn","Daniel","7","13"
"Aramaic","<NP/","NA","pnq","Daniel","4","9"
"Aramaic","<PJ/","NA","pqj","Daniel","4","9"
"Aramaic","<QR/","NA","pst","Daniel","4","12"
"Aramaic","<QR[","etpe","pst","Daniel","7","8"
"Aramaic","<R/","NA","pt","Daniel","4","16"
"Aramaic","<RB[","pael","ptb","Daniel","2","41"
"Aramaic","<RD/","NA","ptd","Daniel","5","21"
"Aramaic","<RWH/","NA","ptfe","Esra","4","14"
"Aramaic","<TJD/","NA","pvjd","Daniel","3","15"
"Aramaic","<TJQ/","NA","pvjs","Daniel","7","9"
"Aramaic","<VH/","NA","pie","Daniel","2","14"
"Aramaic","<WD/","NA","pfd","Daniel","4","28"
"Aramaic","<WJH/","NA","pfje","Daniel","4","24"
"Aramaic","<WP/","NA","pfq","Daniel","2","38"
"Aramaic","<WR/","NA","pft","Daniel","2","35"
"Aramaic","<YJB/","NA","prjb","Daniel","6","21"
"Aramaic","<Z/","NA","pg","Esra","6","17"
"Aramaic","<ZQH/","NA","pgse","Daniel","6","18"
"Aramaic","<ZR>/","NA","pgta","Esra","7","12"
"Aramaic","<ZRJH/","NA","pgtje","Daniel","2","17"
"Aramaic","></","NA","ap","Daniel","5","4"
"Aramaic",">B/","NA","ab","Daniel","2","23"
"Aramaic",">B=/","NA","ab","Daniel","4","9"
"Aramaic",">BD[","peal","abd","Jeremia","10","11"
"Aramaic",">BN/","NA","abn","Daniel","2","34"
"Aramaic",">C/","NA","au","Esra","4","12"
"Aramaic",">C>/","NA","aua","Daniel","7","11"
"Aramaic",">CP/","NA","auq","Daniel","2","10"
"Aramaic",">CRN/","NA","autn","Esra","5","3"
"Aramaic",">CTDWR/","NA","auvdft","Esra","4","15"
"Aramaic",">DJN","NA","adjn","Daniel","2","14"
"Aramaic",">DR/","NA","adt","Esra","6","15"
"Aramaic",">DR</","NA","adtp","Esra","4","23"
"Aramaic",">DR=/","NA","adt","Daniel","2","35"
"Aramaic",">DRGZR/","NA","adtcgt","Daniel","3","2"
"Aramaic",">DRZD>","NA","adtgda","Esra","7","23"
"Aramaic",">GRH/","NA","acte","Esra","4","8"
"Aramaic",">JLN/","NA","ajln","Daniel","4","7"
"Aramaic",">JMTNJ/","NA","ajmvnj","Daniel","7","7"
"Aramaic",">JTJ/","NA","ajvj","Daniel","2","10"
"Aramaic",">KL[","peal","akl","Daniel","3","8"
"Aramaic",">L","NA","al","Daniel","2","24"
"Aramaic",">L=","NA","al","Esra","5","15"
"Aramaic",">LH","NA","ale","Jeremia","10","11"
"Aramaic",">LH/","NA","ale","Jeremia","10","11"
"Aramaic",">LJN","NA","aljn","Daniel","2","40"
"Aramaic",">LK","NA","alk","Daniel","3","12"
"Aramaic",">LP/","NA","alq","Daniel","5","1"
"Aramaic",">LW","NA","alf","Daniel","2","31"
"Aramaic",">MH/","NA","ame","Daniel","3","1"
"Aramaic",">MH=/","NA","ame","Daniel","3","4"
"Aramaic",">MN[","haf","amn","Daniel","2","45"
"Aramaic",">MR/","NA","amt","Esra","6","9"
"Aramaic",">MR[","peal","amt","Jeremia","10","11"
"Aramaic",">NC/","NA","anu","Daniel","2","10"
"Aramaic",">NH","NA","ane","Daniel","2","8"
"Aramaic",">NJN","NA","anjn","Daniel","7","17"
"Aramaic",">NP/","NA","anq","Daniel","2","46"
"Aramaic",">NS[","peal","ano","Daniel","4","6"
"Aramaic",">NTH","NA","anve","Daniel","2","29"
"Aramaic",">NTWN","NA","anvfn","Daniel","2","8"
"Aramaic",">NWN","NA","anfn","Daniel","2","44"
"Aramaic",">NXN>","NA","anhna","Daniel","3","16"
"Aramaic",">P","NA","aq","Daniel","6","23"
"Aramaic",">PRSJ/","NA","aqtoj","Esra","4","9"
"Aramaic",">PRSKJ/","NA","aqtokj","Esra","5","6"
"Aramaic",">PRSTKJ/","NA","aqtovkj","Esra","4","9"
"Aramaic",">PTM/","NA","aqvm","Esra","4","13"
"Aramaic",">R</","NA","atp","Jeremia","10","11"
"Aramaic",">R<J/","NA","atpj","Daniel","6","25"
"Aramaic",">RB</","NA","atbp","Daniel","3","25"
"Aramaic",">RGWN/","NA","atcfn","Daniel","5","7"
"Aramaic",">RJH/","NA","atje","Daniel","6","8"
"Aramaic",">RJK/","NA","atjk","Esra","4","14"
"Aramaic",">RJWK/","NA","atjfk","Daniel","2","14"
"Aramaic",">RKBH/","NA","atkbe","Daniel","5","6"
"Aramaic",">RKH/","NA","atke","Daniel","4","24"
"Aramaic",">RKWJ/","NA","atkfj","Esra","4","9"
"Aramaic",">RQ/","NA","ats","Jeremia","10","11"
"Aramaic",">RTXCFT>/","NA","atvhuuva","Esra","4","8"
"Aramaic",">RW","NA","atf","Daniel","7","2"
"Aramaic",">RX/","NA","ath","Daniel","4","34"
"Aramaic",">SNPR/","NA","aonqt","Esra","4","10"
"Aramaic",">SPRN>","NA","aoqtna","Esra","5","8"
"Aramaic",">SR/","NA","aot","Daniel","6","8"
"Aramaic",">SWR/","NA","aoft","Daniel","4","12"
"Aramaic",">T/","NA","av","Daniel","3","32"
"Aramaic",">TH[","peal","ave","Daniel","3","2"
"Aramaic",">TR/","NA","avt","Daniel","2","35"
"Aramaic",">TWN/","NA","avfn","Daniel","3","6"
"Aramaic",">X/","NA","ah","Esra","7","18"
"Aramaic",">XCDRPN/","NA","ahudtqn","Daniel","3","2"
"Aramaic",">XJDH/","NA","ahjde","Daniel","5","12"
"Aramaic",">XMT>/","NA","ahmva","Esra","6","2"
"Aramaic",">XR/","NA","aht","Daniel","2","29"
"Aramaic",">XRJ/","NA","ahtj","Daniel","2","39"
"Aramaic",">XRJ=/","NA","ahtj","Daniel","2","28"
"Aramaic",">XRJN","NA","ahtjn","Daniel","4","5"
"Aramaic",">XRN/","NA","ahtn","Daniel","2","11"
"Aramaic",">YB</","NA","arbp","Daniel","2","41"
"Aramaic",">ZD>","NA","agda","Daniel","2","5"
"Aramaic",">ZH[","peal","age","Daniel","3","19"
"Aramaic",">ZL[","peal","agl","Daniel","2","17"
"Aramaic","B","NA","b","Daniel","2","14"
"Aramaic","B<H[","peal","bpe","Daniel","2","13"
"Aramaic","B<L/","NA","bpl","Esra","4","8"
"Aramaic","B<W/","NA","bpf","Daniel","6","8"
"Aramaic","B>C[","peal","bau","Daniel","6","15"
"Aramaic","B>JC/","NA","baju","Esra","4","12"
"Aramaic","B>TR/","NA","bavt","Daniel","2","39"
"Aramaic","BBL/","NA","bbl","Daniel","2","12"
"Aramaic","BBLJ/","NA","bblj","Esra","4","9"
"Aramaic","BDR[","pael","bdt","Daniel","4","11"
"Aramaic","BFR/","NA","but","Daniel","2","11"
"Aramaic","BHJLW/","NA","bejlf","Esra","4","23"
"Aramaic","BHL[","pael","bel","Daniel","4","2"
"Aramaic","BJN/","NA","bjn","Daniel","7","5"
"Aramaic","BJNH/","NA","bjne","Daniel","2","21"
"Aramaic","BJRH/","NA","bjte","Esra","6","2"
"Aramaic","BJT/","NA","bjv","Daniel","2","5"
"Aramaic","BJT[","peal","bjv","Daniel","6","19"
"Aramaic","BL/","NA","bl","Daniel","6","15"
"Aramaic","BLC>YR/","NA","bluart","Daniel","5","1"
"Aramaic","BLH[","pael","ble","Daniel","7","25"
"Aramaic","BLVC>YR/","NA","bliuart","Daniel","2","26"
"Aramaic","BLW/","NA","blf","Esra","4","13"
"Aramaic","BNH[","peal","bne","Daniel","4","27"
"Aramaic","BNJN/","NA","bnjn","Esra","5","4"
"Aramaic","BNS[","peal","bno","Daniel","2","12"
"Aramaic","BQ<H/","NA","bspe","Daniel","3","1"
"Aramaic","BQR[","pael","bst","Esra","4","15"
"Aramaic","BR/","NA","bt","Daniel","2","25"
"Aramaic","BR=/","NA","bt","Daniel","2","38"
"Aramaic","BRK/","NA","btk","Daniel","6","11"
"Aramaic","BRK=[","peal","btk","Daniel","6","11"
"Aramaic","BRK[","peal","btk","Daniel","3","28"
"Aramaic","BRM","NA","btm","Daniel","2","28"
"Aramaic","BT/","NA","bv","Esra","7","22"
"Aramaic","BVL[","peal","bil","Esra","4","24"
"Aramaic","C<H/","NA","upe","Daniel","3","6"
"Aramaic","C>LH/","NA","uale","Daniel","4","14"
"Aramaic","C>LTJ>L/","NA","ualvjal","Esra","5","2"
"Aramaic","C>L[","peal","ual","Daniel","2","10"
"Aramaic","C>R/","NA","uat","Daniel","2","18"
"Aramaic","CB</","NA","ubp","Daniel","3","19"
"Aramaic","CBC[","htpa","ubu","Daniel","5","9"
"Aramaic","CBJB/","NA","ubjb","Daniel","3","22"
"Aramaic","CBQ[","peal","ubs","Daniel","4","12"
"Aramaic","CBV/","NA","ubi","Esra","6","17"
"Aramaic","CBX[","pael","ubh","Daniel","2","23"
"Aramaic","CCBYR/","NA","uubrt","Esra","5","14"
"Aramaic","CDRK/","NA","udtk","Daniel","2","49"
"Aramaic","CDR[","htpa","udt","Daniel","6","15"
"Aramaic","CGL/","NA","ucl","Daniel","5","2"
"Aramaic","CKN[","peal","ukn","Daniel","4","18"
"Aramaic","CKX[","haf","ukh","Daniel","2","25"
"Aramaic","CLH/","NA","ule","Daniel","4","1"
"Aramaic","CLJV/","NA","ulji","Daniel","2","10"
"Aramaic","CLM/","NA","ulm","Daniel","3","31"
"Aramaic","CLM[","peal","ulm","Esra","5","16"
"Aramaic","CLVN/","NA","ulin","Daniel","3","33"
"Aramaic","CLVN=/","NA","ulin","Daniel","3","2"
"Aramaic","CLV[","peal","uli","Daniel","2","39"
"Aramaic","CLW/","NA","ulf","Daniel","3","29"
"Aramaic","CLWH/","NA","ulfe","Daniel","4","24"
"Aramaic","CLX[","peal","ulh","Daniel","3","2"
"Aramaic","CM/","NA","um","Daniel","2","20"
"Aramaic","CM<[","peal","ump","Daniel","3","5"
"Aramaic","CMC/","NA","umu","Daniel","6","15"
"Aramaic","CMCJ/","NA","umuj","Esra","4","8"
"Aramaic","CMC[","pael","umu","Daniel","7","10"
"Aramaic","CMD[","haf","umd","Daniel","7","26"
"Aramaic","CMJN/","NA","umjn","Jeremia","10","11"
"Aramaic","CMM[","etpa","umm","Daniel","4","16"
"Aramaic","CMRJN/","NA","umtjn","Esra","4","10"
"Aramaic","CN/","NA","un","Daniel","7","5"
"Aramaic","CNH/","NA","une","Daniel","6","1"
"Aramaic","CNH=/","NA","une","Daniel","6","19"
"Aramaic","CNH[","peal","une","Daniel","3","27"
"Aramaic","CPJR/","NA","uqjt","Daniel","4","9"
"Aramaic","CPL/","NA","uql","Daniel","4","14"
"Aramaic","CPL[","haf","uql","Daniel","4","34"
"Aramaic","CPRPR/","NA","uqtqt","Daniel","6","20"
"Aramaic","CPR[","peal","uqt","Daniel","3","32"
"Aramaic","CPV[","peal","uqi","Esra","7","25"
"Aramaic","CQ/","NA","us","Daniel","2","33"
"Aramaic","CRC/","NA","utu","Daniel","4","12"
"Aramaic","CRCJ/","NA","utuj","Esra","7","26"
"Aramaic","CRH[","peal","ute","Daniel","2","22"
"Aramaic","CT/","NA","uv","Daniel","3","1"
"Aramaic","CTH[","peal","uve","Daniel","5","1"
"Aramaic","CTJN/","NA","uvjn","Daniel","3","1"
"Aramaic","CTR_BWZNJ/","NA","uvt bfgnj","Esra","5","3"
"Aramaic","CWCNKJ/","NA","ufunkj","Esra","4","9"
"Aramaic","CWH[","pael","ufe","Daniel","5","21"
"Aramaic","CWR/","NA","uft","Esra","4","12"
"Aramaic","CXT[","peal","uhv","Daniel","2","9"
"Aramaic","D>","NA","da","Daniel","4","27"
"Aramaic","DB/","NA","db","Daniel","7","5"
"Aramaic","DBQ[","peal","dbs","Daniel","2","43"
"Aramaic","DBRH/","NA","dbte","Daniel","2","30"
"Aramaic","DBX/","NA","dbh","Esra","6","3"
"Aramaic","DBX[","peal","dbh","Esra","6","3"
"Aramaic","DHB/","NA","deb","Daniel","2","32"
"Aramaic","DHJ/","NA","dej","Esra","4","9"
"Aramaic","DJ","NA","dj","Jeremia","10","11"
"Aramaic","DJN/","NA","djn","Daniel","4","34"
"Aramaic","DJN=/","NA","djn","Esra","7","25"
"Aramaic","DJNJ/","NA","djnj","Esra","4","9"
"Aramaic","DJN[","peal","djn","Esra","7","25"
"Aramaic","DK","NA","dk","Esra","5","16"
"Aramaic","DK=","NA","dk","Esra","4","13"
"Aramaic","DKN","NA","dkn","Daniel","2","31"
"Aramaic","DKR/","NA","dkt","Esra","6","9"
"Aramaic","DKRN/","NA","dktn","Esra","4","15"
"Aramaic","DKRWN/","NA","dktfn","Esra","6","2"
"Aramaic","DLQ[","peal","dls","Daniel","7","9"
"Aramaic","DMH[","peal","dme","Daniel","3","25"
"Aramaic","DNH","NA","dne","Jeremia","10","11"
"Aramaic","DNJ>L/","NA","dnjal","Daniel","2","13"
"Aramaic","DQQ[","haf","dss","Daniel","2","34"
"Aramaic","DR/","NA","dt","Daniel","3","33"
"Aramaic","DR</","NA","dtp","Daniel","2","32"
"Aramaic","DRJWC/","NA","dtjfu","Daniel","6","1"
"Aramaic","DT/","NA","dv","Daniel","2","9"
"Aramaic","DT>/","NA","dva","Daniel","4","12"
"Aramaic","DTBR/","NA","dvbt","Daniel","3","2"
"Aramaic","DWC[","peal","dfu","Daniel","7","23"
"Aramaic","DWQ[","peal","dfs","Daniel","2","35"
"Aramaic","DWR>/","NA","dfta","Daniel","3","1"
"Aramaic","DWR[","peal","dft","Daniel","2","38"
"Aramaic","DXL[","peal","dhl","Daniel","2","31"
"Aramaic","DXWH/","NA","dhfe","Daniel","6","19"
"Aramaic","F<R/","NA","upt","Daniel","3","27"
"Aramaic","FB/","NA","ub","Esra","5","5"
"Aramaic","FBK>/","NA","ubka","Daniel","3","5"
"Aramaic","FG>[","peal","uca","Daniel","3","31"
"Aramaic","FGJ>/","NA","ucja","Daniel","2","6"
"Aramaic","FHDW/","NA","uedf","Genesis","31","47"
"Aramaic","FJM[","peal","ujm","Daniel","3","10"
"Aramaic","FKLTNW/","NA","uklvnf","Daniel","5","11"
"Aramaic","FKL[","htpa","ukl","Daniel","7","8"
"Aramaic","FN>[","peal","una","Daniel","4","16"
"Aramaic","FVR/","NA","uit","Daniel","7","5"
"Aramaic","GB/","NA","cb","Daniel","7","6"
"Aramaic","GB=/","NA","cb","Daniel","6","8"
"Aramaic","GBR/","NA","cbt","Daniel","2","25"
"Aramaic","GBR=/","NA","cbt","Daniel","3","20"
"Aramaic","GBWRH/","NA","cbfte","Daniel","2","20"
"Aramaic","GCM/","NA","cum","Daniel","3","27"
"Aramaic","GDBR/","NA","cdbt","Daniel","3","2"
"Aramaic","GDD[","peal","cdd","Daniel","4","11"
"Aramaic","GJR/","NA","cjt","Daniel","5","5"
"Aramaic","GLGL/","NA","clcl","Daniel","7","9"
"Aramaic","GLH[","peal","cle","Daniel","2","22"
"Aramaic","GLL/","NA","cll","Esra","5","8"
"Aramaic","GLW/","NA","clf","Daniel","2","25"
"Aramaic","GMR[","peal","cmt","Esra","7","12"
"Aramaic","GNZ/","NA","cng","Esra","5","17"
"Aramaic","GP/","NA","cq","Daniel","7","4"
"Aramaic","GRM/","NA","ctm","Daniel","6","25"
"Aramaic","GW>/","NA","cfa","Daniel","3","6"
"Aramaic","GWH/","NA","cfe","Daniel","4","34"
"Aramaic","GWX[","haf","cfh","Daniel","7","2"
"Aramaic","GZBR/","NA","cgbt","Esra","7","21"
"Aramaic","GZRH/","NA","cgte","Daniel","4","14"
"Aramaic","GZR[","peal","cgt","Daniel","2","27"
"Aramaic","H","NA","e","Daniel","2","26"
"Aramaic","H>","NA","ea","Daniel","3","25"
"Aramaic","H>=","NA","ea","Daniel","2","43"
"Aramaic","HDBR/","NA","edbt","Daniel","3","24"
"Aramaic","HDM/","NA","edm","Daniel","2","5"
"Aramaic","HDR/","NA","edt","Daniel","4","27"
"Aramaic","HDR[","pael","edt","Daniel","4","31"
"Aramaic","HJ>","NA","eja","Daniel","2","9"
"Aramaic","HJKL/","NA","ejkl","Daniel","4","1"
"Aramaic","HLK/","NA","elk","Esra","4","13"
"Aramaic","HLK[","peal","elk","Esra","5","5"
"Aramaic","HMNJK/","NA","emnjk","Daniel","5","7"
"Aramaic","HMW","NA","emf","Esra","4","10"
"Aramaic","HMWN","NA","emfn","Daniel","2","34"
"Aramaic","HN","NA","en","Daniel","2","5"
"Aramaic","HRHR/","NA","etet","Daniel","4","2"
"Aramaic","HW>","NA","efa","Daniel","2","21"
"Aramaic","HWH[","peal","efe","Daniel","2","20"
"Aramaic","J<V[","peal","jpi","Esra","7","14"
"Aramaic","JBCH/","NA","jbue","Daniel","2","10"
"Aramaic","JBL[","haf","jbl","Esra","5","14"
"Aramaic","JCW</","NA","jufp","Esra","5","2"
"Aramaic","JD/","NA","jd","Daniel","2","34"
"Aramaic","JD<[","peal","jdp","Daniel","2","8"
"Aramaic","JDH[","haf","jde","Daniel","2","23"
"Aramaic","JFR>L/","NA","jutal","Esra","5","1"
"Aramaic","JGR/","NA","jct","Genesis","31","47"
"Aramaic","JHB[","peal","jeb","Daniel","2","21"
"Aramaic","JHWD/","NA","jefd","Daniel","2","25"
"Aramaic","JHWDJ/","NA","jefdj","Daniel","3","8"
"Aramaic","JKL[","peal","jkl","Daniel","2","10"
"Aramaic","JM/","NA","jm","Daniel","7","2"
"Aramaic","JQDH/","NA","jsde","Daniel","7","11"
"Aramaic","JQD[","peal","jsd","Daniel","3","6"
"Aramaic","JQJR/","NA","jsjt","Daniel","2","11"
"Aramaic","JQR/","NA","jst","Daniel","2","6"
"Aramaic","JRKH/","NA","jtke","Daniel","2","32"
"Aramaic","JRWCLM/","NA","jtfulm","Daniel","5","2"
"Aramaic","JRX/","NA","jth","Daniel","4","26"
"Aramaic","JSP[","hof","joq","Daniel","4","33"
"Aramaic","JT","NA","jv","Daniel","3","12"
"Aramaic","JTB[","peal","jvb","Daniel","7","9"
"Aramaic","JTJR/","NA","jvjt","Daniel","2","31"
"Aramaic","JVB[","peal","jib","Esra","7","18"
"Aramaic","JWM/","NA","jfm","Daniel","2","28"
"Aramaic","JWYDQ/","NA","jfrds","Esra","5","2"
"Aramaic","JXV[","pael","jhi","Esra","4","12"
"Aramaic","JYB[","pael","jrb","Daniel","7","19"
"Aramaic","JYJB/","NA","jrjb","Daniel","2","8"
"Aramaic","K","NA","k","Jeremia","10","11"
"Aramaic","K<N","NA","kpn","Daniel","2","23"
"Aramaic","K<NT","NA","kpnv","Esra","4","10"
"Aramaic","K<T","NA","kpv","Esra","4","17"
"Aramaic","KDBH/","NA","kdbe","Daniel","2","9"
"Aramaic","KFDJ/","NA","kudj","Daniel","2","5"
"Aramaic","KH","NA","ke","Daniel","7","28"
"Aramaic","KHL[","peal","kel","Daniel","2","26"
"Aramaic","KHN/","NA","ken","Esra","6","9"
"Aramaic","KKR/","NA","kkt","Esra","7","22"
"Aramaic","KL/","NA","kl","Psalmi","116","12"
"Aramaic","KLL[","shaf","kll","Esra","4","12"
"Aramaic","KN","NA","kn","Daniel","2","24"
"Aramaic","KNC[","peal","knu","Daniel","3","2"
"Aramaic","KNM>","NA","knma","Esra","4","8"
"Aramaic","KNT/","NA","knv","Esra","4","9"
"Aramaic","KPT[","peil","kqv","Daniel","3","21"
"Aramaic","KR/","NA","kt","Esra","7","22"
"Aramaic","KRBLH/","NA","ktble","Daniel","3","21"
"Aramaic","KRH[","etpe","kte","Daniel","7","15"
"Aramaic","KRS>/","NA","ktoa","Daniel","5","20"
"Aramaic","KRWZ/","NA","ktfg","Daniel","3","4"
"Aramaic","KRZ[","haf","ktg","Daniel","5","29"
"Aramaic","KSP/","NA","koq","Daniel","2","32"
"Aramaic","KTB/","NA","kvb","Daniel","5","7"
"Aramaic","KTB[","peal","kvb","Daniel","5","5"
"Aramaic","KTL/","NA","kvl","Daniel","5","5"
"Aramaic","KWH/","NA","kfe","Daniel","6","11"
"Aramaic","KWRC/","NA","kftu","Daniel","6","29"
"Aramaic","L","NA","l","Jeremia","10","11"
"Aramaic","L>","NA","la","Jeremia","10","11"
"Aramaic","LB/","NA","lb","Daniel","7","28"
"Aramaic","LBB/","NA","lbb","Daniel","2","30"
"Aramaic","LBC[","peal","lbu","Daniel","5","7"
"Aramaic","LBWC/","NA","lbfu","Daniel","3","21"
"Aramaic","LCN/","NA","lun","Daniel","3","4"
"Aramaic","LHN","NA","len","Daniel","2","6"
"Aramaic","LHN=","NA","len","Daniel","2","11"
"Aramaic","LJLJ/","NA","ljlj","Daniel","2","19"
"Aramaic","LWJ/","NA","lfj","Esra","6","16"
"Aramaic","LWT","NA","lfv","Esra","4","12"
"Aramaic","LXM/","NA","lhm","Daniel","5","1"
"Aramaic","LXNH/","NA","lhne","Daniel","5","2"
"Aramaic","M<BD/","NA","mpbd","Daniel","4","34"
"Aramaic","M<H/","NA","mpe","Daniel","2","32"
"Aramaic","M<L/","NA","mpl","Daniel","6","15"
"Aramaic","M>H/","NA","mae","Daniel","6","2"
"Aramaic","M>MR/","NA","mamt","Daniel","4","14"
"Aramaic","M>N/","NA","man","Daniel","5","2"
"Aramaic","M>ZN>/","NA","magna","Daniel","5","27"
"Aramaic","MCH/","NA","mue","Esra","6","18"
"Aramaic","MCKB/","NA","mukb","Daniel","2","28"
"Aramaic","MCKN/","NA","mukn","Esra","7","15"
"Aramaic","MCRWQJ/","NA","mutfsj","Daniel","3","5"
"Aramaic","MCT>/","NA","muva","Daniel","5","10"
"Aramaic","MCX/","NA","muh","Esra","6","9"
"Aramaic","MDBX/","NA","mdbh","Esra","7","17"
"Aramaic","MDH/","NA","mde","Esra","4","13"
"Aramaic","MDJ/","NA","mdj","Daniel","5","28"
"Aramaic","MDJ=/","NA","mdj","Daniel","6","1"
"Aramaic","MDJNH/","NA","mdjne","Daniel","2","48"
"Aramaic","MDWR/","NA","mdft","Daniel","2","11"
"Aramaic","MGLH/","NA","mcle","Esra","6","2"
"Aramaic","MGR[","pael","mct","Esra","6","12"
"Aramaic","MH","NA","me","Daniel","2","15"
"Aramaic","MJC>L/","NA","mjual","Daniel","2","17"
"Aramaic","MJCK/","NA","mjuk","Daniel","2","49"
"Aramaic","ML>K/","NA","mlak","Daniel","3","28"
"Aramaic","ML>[","peal","mla","Daniel","2","35"
"Aramaic","MLH/","NA","mle","Daniel","2","5"
"Aramaic","MLK/","NA","mlk","Daniel","2","4"
"Aramaic","MLK=/","NA","mlk","Daniel","4","24"
"Aramaic","MLKH/","NA","mlke","Daniel","5","10"
"Aramaic","MLKW/","NA","mlkf","Daniel","2","37"
"Aramaic","MLL[","pael","mll","Daniel","6","22"
"Aramaic","MLX/","NA","mlh","Esra","4","14"
"Aramaic","MLX[","peal","mlh","Esra","4","14"
"Aramaic","MN","NA","mn","Jeremia","10","11"
"Aramaic","MN=","NA","mn","Daniel","3","6"
"Aramaic","MN>/","NA","mna","Daniel","5","25"
"Aramaic","MND</","NA","mndp","Daniel","2","21"
"Aramaic","MNH[","peal","mne","Daniel","5","26"
"Aramaic","MNJN/","NA","mnjn","Esra","6","17"
"Aramaic","MNXH/","NA","mnhe","Daniel","2","46"
"Aramaic","MR>/","NA","mta","Daniel","2","47"
"Aramaic","MRD/","NA","mtd","Esra","4","19"
"Aramaic","MRD=/","NA","mtd","Esra","4","12"
"Aramaic","MTNH/","NA","mvne","Daniel","2","6"
"Aramaic","MV>[","peal","mia","Daniel","4","8"
"Aramaic","MWT/","NA","mfv","Esra","7","26"
"Aramaic","MX>[","peal","mha","Daniel","2","34"
"Aramaic","MXLQH/","NA","mhlse","Esra","6","18"
"Aramaic","MZWN/","NA","mgfn","Daniel","4","9"
"Aramaic","NB>[","htpa","nba","Esra","5","1"
"Aramaic","NBJ>/","NA","nbja","Esra","5","1"
"Aramaic","NBRCH/","NA","nbtue","Daniel","5","5"
"Aramaic","NBW>H/","NA","nbfae","Esra","6","14"
"Aramaic","NBWKDNYR/","NA","nbfkdnrt","Daniel","2","28"
"Aramaic","NBZBH/","NA","nbgbe","Daniel","2","6"
"Aramaic","NCJN/","NA","nujn","Daniel","6","25"
"Aramaic","NCMH/","NA","nume","Daniel","5","23"
"Aramaic","NCR/","NA","nut","Daniel","4","30"
"Aramaic","NCTWN/","NA","nuvfn","Esra","4","18"
"Aramaic","NDBK/","NA","ndbk","Esra","6","4"
"Aramaic","NDB[","htpa","ndb","Esra","7","13"
"Aramaic","NDD[","peal","ndd","Daniel","6","19"
"Aramaic","NDNH/","NA","ndne","Daniel","7","15"
"Aramaic","NF>[","peal","nua","Daniel","2","35"
"Aramaic","NGD/","NA","ncd","Daniel","6","11"
"Aramaic","NGD[","peal","ncd","Daniel","7","10"
"Aramaic","NGH/","NA","nce","Daniel","6","20"
"Aramaic","NHJRW/","NA","nejtf","Daniel","5","11"
"Aramaic","NHR/","NA","net","Daniel","7","10"
"Aramaic","NHWR/","NA","neft","Daniel","2","22"
"Aramaic","NJXWX/","NA","njhfh","Daniel","2","46"
"Aramaic","NKS/","NA","nko","Esra","6","8"
"Aramaic","NMR/","NA","nmt","Daniel","7","6"
"Aramaic","NPL[","peal","nql","Daniel","2","46"
"Aramaic","NPQH/","NA","nqse","Esra","6","4"
"Aramaic","NPQ[","peal","nqs","Daniel","2","13"
"Aramaic","NQ>/","NA","nsa","Daniel","7","9"
"Aramaic","NQC[","peal","nsu","Daniel","5","6"
"Aramaic","NSK/","NA","nok","Esra","7","17"
"Aramaic","NSK[","pael","nok","Daniel","2","46"
"Aramaic","NSX[","htpe","noh","Esra","6","11"
"Aramaic","NTJN/","NA","nvjn","Esra","7","24"
"Aramaic","NTN[","peal","nvn","Daniel","2","16"
"Aramaic","NTR[","afel","nvt","Daniel","4","11"
"Aramaic","NVL[","peal","nil","Daniel","4","31"
"Aramaic","NVR[","peal","nit","Daniel","7","28"
"Aramaic","NWD[","peal","nfd","Daniel","4","11"
"Aramaic","NWLW/","NA","nflf","Daniel","2","5"
"Aramaic","NWR/","NA","nft","Daniel","3","6"
"Aramaic","NXC/","NA","nhu","Daniel","2","32"
"Aramaic","NXT[","peal","nhv","Daniel","4","10"
"Aramaic","NYBH/","NA","nrbe","Daniel","2","41"
"Aramaic","NYL[","haf","nrl","Daniel","3","29"
"Aramaic","NYX[","htpa","nrh","Daniel","6","4"
"Aramaic","NZQ[","peal","ngs","Daniel","6","3"
"Aramaic","PCR/","NA","qut","Daniel","2","4"
"Aramaic","PCR[","peal","qut","Daniel","5","16"
"Aramaic","PLG/","NA","qlc","Daniel","7","25"
"Aramaic","PLGH/","NA","qlce","Esra","6","18"
"Aramaic","PLG[","peal","qlc","Daniel","2","41"
"Aramaic","PLXN/","NA","qlhn","Esra","7","19"
"Aramaic","PLX[","peal","qlh","Daniel","3","12"
"Aramaic","PM/","NA","qm","Daniel","4","28"
"Aramaic","PRCGN/","NA","qtucn","Esra","4","11"
"Aramaic","PRC[","pael","qtu","Esra","4","18"
"Aramaic","PRQ[","peal","qts","Daniel","4","24"
"Aramaic","PRS/","NA","qto","Daniel","5","28"
"Aramaic","PRS=/","NA","qto","Daniel","5","25"
"Aramaic","PRSJ/","NA","qtoj","Daniel","6","29"
"Aramaic","PRZL/","NA","qtgl","Daniel","2","33"
"Aramaic","PS/","NA","qo","Daniel","5","5"
"Aramaic","PSNTRJN/","NA","qonvtjn","Daniel","3","5"
"Aramaic","PTGM/","NA","qvcm","Daniel","3","16"
"Aramaic","PTJ/","NA","qvj","Daniel","3","1"
"Aramaic","PTX[","peal","qvh","Daniel","6","11"
"Aramaic","PVC/","NA","qiu","Daniel","3","21"
"Aramaic","PXH/","NA","qhe","Daniel","3","2"
"Aramaic","PXR/","NA","qht","Daniel","2","41"
"Aramaic","QBL/","NA","sbl","Daniel","2","8"
"Aramaic","QBL[","pael","sbl","Daniel","2","6"
"Aramaic","QCV/","NA","sui","Daniel","2","47"
"Aramaic","QDJC/","NA","sdju","Daniel","4","5"
"Aramaic","QDM/","NA","sdm","Daniel","2","6"
"Aramaic","QDMH/","NA","sdme","Daniel","6","11"
"Aramaic","QDMJ/","NA","sdmj","Daniel","7","4"
"Aramaic","QJM/","NA","sjm","Daniel","4","23"
"Aramaic","QJM=/","NA","sjm","Daniel","6","8"
"Aramaic","QJV/","NA","sji","Daniel","2","35"
"Aramaic","QL/","NA","sl","Daniel","3","5"
"Aramaic","QNH[","peal","sne","Esra","7","17"
"Aramaic","QR>[","peal","sta","Daniel","3","4"
"Aramaic","QRB/","NA","stb","Daniel","7","21"
"Aramaic","QRB[","peal","stb","Daniel","3","8"
"Aramaic","QRJH/","NA","stje","Esra","4","10"
"Aramaic","QRN/","NA","stn","Daniel","3","5"
"Aramaic","QRY/","NA","str","Daniel","3","8"
"Aramaic","QTRS/","NA","svto","Daniel","3","5"
"Aramaic","QVL[","peal","sil","Daniel","5","19"
"Aramaic","QVR/","NA","sit","Daniel","5","6"
"Aramaic","QWM[","peal","sfm","Daniel","2","31"
"Aramaic","QYP/","NA","srq","Esra","7","23"
"Aramaic","QYP[","peal","srq","Daniel","2","12"
"Aramaic","QYT/","NA","srv","Daniel","2","42"
"Aramaic","QYY[","pael","srr","Daniel","4","11"
"Aramaic","R<<[","peal","tpp","Daniel","2","40"
"Aramaic","R<JWN/","NA","tpjfn","Daniel","2","29"
"Aramaic","R<NN/","NA","tpnn","Daniel","4","1"
"Aramaic","R<W/","NA","tpf","Esra","5","17"
"Aramaic","R>C/","NA","tau","Daniel","2","28"
"Aramaic","RB/","NA","tb","Daniel","2","10"
"Aramaic","RB=/","NA","tb","Daniel","2","14"
"Aramaic","RBH[","peal","tbe","Daniel","4","8"
"Aramaic","RBJ<J/","NA","tbjpj","Daniel","2","40"
"Aramaic","RBRBNJN/","NA","tbtbnjn","Daniel","4","33"
"Aramaic","RBW/","NA","tbf","Daniel","4","19"
"Aramaic","RBW=/","NA","tbf","Daniel","7","10"
"Aramaic","RCM[","peal","tum","Daniel","6","9"
"Aramaic","RGC[","haf","tcu","Daniel","6","7"
"Aramaic","RGL/","NA","tcl","Daniel","2","33"
"Aramaic","RGZ/","NA","tcg","Daniel","3","13"
"Aramaic","RGZ[","haf","tcg","Esra","5","12"
"Aramaic","RJX/","NA","tjh","Daniel","3","27"
"Aramaic","RMH[","peal","tme","Daniel","3","20"
"Aramaic","RPS[","peal","tqo","Daniel","7","7"
"Aramaic","RW/","NA","tf","Daniel","2","31"
"Aramaic","RWM/","NA","tfm","Daniel","3","1"
"Aramaic","RWM[","peal","tfm","Daniel","5","20"
"Aramaic","RWX/","NA","tfh","Daniel","2","35"
"Aramaic","RXJQ/","NA","thjs","Esra","6","6"
"Aramaic","RXMJN/","NA","thmjn","Daniel","2","18"
"Aramaic","RXWM/","NA","thfm","Esra","4","8"
"Aramaic","RXY[","htpe","thr","Daniel","3","28"
"Aramaic","RZ/","NA","tg","Daniel","2","18"
"Aramaic","S<D[","pael","opd","Esra","5","2"
"Aramaic","SBL[","pael","obl","Esra","6","3"
"Aramaic","SBR[","peal","obt","Daniel","7","25"
"Aramaic","SGD[","peal","ocd","Daniel","2","46"
"Aramaic","SGN/","NA","ocn","Daniel","2","48"
"Aramaic","SGR[","peal","oct","Daniel","6","23"
"Aramaic","SLQ[","peal","ols","Daniel","2","29"
"Aramaic","SPR/","NA","oqt","Daniel","7","10"
"Aramaic","SPR=/","NA","oqt","Esra","4","8"
"Aramaic","SRBL/","NA","otbl","Daniel","3","21"
"Aramaic","SRK/","NA","otk","Daniel","6","3"
"Aramaic","STR=[","peal","ovt","Esra","5","12"
"Aramaic","STR[","pael","ovt","Daniel","2","22"
"Aramaic","SWMPNJH/","NA","ofmqnje","Daniel","3","5"
"Aramaic","SWP/","NA","ofq","Daniel","4","8"
"Aramaic","SWP[","peal","ofq","Daniel","4","30"
"Aramaic","TBR[","peal","vbt","Daniel","2","42"
"Aramaic","TDJR/","NA","vdjt","Daniel","6","17"
"Aramaic","TGMWL/","NA","vcmfl","Psalmi","116","12"
"Aramaic","TLG/","NA","vlc","Daniel","7","9"
"Aramaic","TLJTJ/","NA","vljvj","Daniel","2","39"
"Aramaic","TLT/","NA","vlv","Daniel","3","23"
"Aramaic","TLT=/","NA","vlv","Daniel","5","7"
"Aramaic","TLTJN/","NA","vlvjn","Daniel","6","8"
"Aramaic","TMH","NA","vme","Esra","5","17"
"Aramaic","TMH/","NA","vme","Daniel","3","32"
"Aramaic","TNJN/","NA","vnjn","Daniel","7","5"
"Aramaic","TNJNWT","NA","vnjnfv","Daniel","2","7"
"Aramaic","TPTJ/","NA","vqvj","Daniel","3","2"
"Aramaic","TQJP/","NA","vsjq","Daniel","2","40"
"Aramaic","TQL/","NA","vsl","Daniel","5","25"
"Aramaic","TQN[","hof","vsn","Daniel","4","33"
"Aramaic","TQP/","NA","vsq","Daniel","2","37"
"Aramaic","TQP=/","NA","vsq","Daniel","4","27"
"Aramaic","TQP[","peal","vsq","Daniel","4","8"
"Aramaic","TR</","NA","vtp","Daniel","2","49"
"Aramaic","TR<=/","NA","vtp","Esra","7","24"
"Aramaic","TRJN/","NA","vtjn","Daniel","4","26"
"Aramaic","TTNJ/","NA","vvnj","Esra","5","3"
"Aramaic","TWB[","peal","vfb","Daniel","4","31"
"Aramaic","TWH[","peal","vfe","Daniel","3","24"
"Aramaic","TWR/","NA","vft","Daniel","4","22"
"Aramaic","TXWT/","NA","vhfv","Jeremia","10","11"
"Aramaic","V<M/","NA","ipm","Daniel","2","14"
"Aramaic","V<M[","pael","ipm","Daniel","4","22"
"Aramaic","V>B[","peal","iab","Daniel","6","24"
"Aramaic","VB/","NA","ib","Daniel","2","32"
"Aramaic","VBX/","NA","ibh","Daniel","2","14"
"Aramaic","VJN/","NA","ijn","Daniel","2","41"
"Aramaic","VL/","NA","il","Daniel","4","12"
"Aramaic","VLL[","haf","ill","Daniel","4","9"
"Aramaic","VPR/","NA","iqt","Daniel","4","30"
"Aramaic","VRD[","peal","itd","Daniel","4","22"
"Aramaic","VRPLJ/","NA","itqlj","Esra","4","9"
"Aramaic","VWR/","NA","ift","Daniel","2","35"
"Aramaic","VWT","NA","ifv","Daniel","6","19"
"Aramaic","W","NA","f","Jeremia","10","11"
"Aramaic","XBL/","NA","hbl","Daniel","3","25"
"Aramaic","XBL[","pael","hbl","Daniel","4","20"
"Aramaic","XBR/","NA","hbt","Daniel","2","13"
"Aramaic","XBRH/","NA","hbte","Daniel","7","20"
"Aramaic","XBWLH/","NA","hbfle","Daniel","6","23"
"Aramaic","XCB[","peal","hub","Daniel","4","32"
"Aramaic","XCL[","peal","hul","Daniel","2","40"
"Aramaic","XCWK/","NA","hufk","Daniel","2","22"
"Aramaic","XCXH/","NA","huhe","Esra","6","9"
"Aramaic","XCXW/","NA","huhf","Esra","7","20"
"Aramaic","XCX[","peal","huh","Daniel","3","16"
"Aramaic","XD/","NA","hd","Daniel","2","9"
"Aramaic","XDH/","NA","hde","Daniel","2","32"
"Aramaic","XDT/","NA","hdv","Esra","6","4"
"Aramaic","XDWH/","NA","hdfe","Esra","6","16"
"Aramaic","XGJ/","NA","hcj","Esra","5","1"
"Aramaic","XJ/","NA","hj","Daniel","2","30"
"Aramaic","XJH[","peal","hje","Daniel","2","4"
"Aramaic","XJJN/","NA","hjjn","Daniel","7","12"
"Aramaic","XJL/","NA","hjl","Daniel","3","4"
"Aramaic","XJWH/","NA","hjfe","Daniel","2","38"
"Aramaic","XKJM/","NA","hkjm","Daniel","2","12"
"Aramaic","XKMH/","NA","hkme","Daniel","2","20"
"Aramaic","XLM/","NA","hlm","Daniel","2","4"
"Aramaic","XLP[","peal","hlq","Daniel","4","13"
"Aramaic","XLQ/","NA","hls","Daniel","4","12"
"Aramaic","XMH/","NA","hme","Daniel","3","13"
"Aramaic","XMR/","NA","hmt","Daniel","5","1"
"Aramaic","XNKH/","NA","hnke","Daniel","3","2"
"Aramaic","XNNJH/","NA","hnnje","Daniel","2","17"
"Aramaic","XNN[","peal","hnn","Daniel","4","24"
"Aramaic","XNVH/","NA","hnie","Esra","6","9"
"Aramaic","XRB[","hof","htb","Esra","4","15"
"Aramaic","XRK[","htpa","htk","Daniel","3","27"
"Aramaic","XRVM/","NA","htim","Daniel","2","10"
"Aramaic","XRY/","NA","htr","Daniel","5","6"
"Aramaic","XSJR/","NA","hojt","Daniel","5","27"
"Aramaic","XSN/","NA","hon","Daniel","2","37"
"Aramaic","XSN[","haf","hon","Daniel","7","18"
"Aramaic","XSP/","NA","hoq","Daniel","2","33"
"Aramaic","XTM[","peal","hvm","Daniel","6","18"
"Aramaic","XV>/","NA","hia","Daniel","4","24"
"Aramaic","XV>H/","NA","hiae","Esra","6","17"
"Aramaic","XWH[","pael","hfe","Daniel","2","4"
"Aramaic","XWR/","NA","hft","Daniel","7","9"
"Aramaic","XYP[","haf","hrq","Daniel","2","15"
"Aramaic","XZH[","peal","hge","Daniel","2","8"
"Aramaic","XZW/","NA","hgf","Daniel","2","19"
"Aramaic","XZWT/","NA","hgfv","Daniel","4","8"
"Aramaic","YB<[","htpa","rbp","Daniel","4","12"
"Aramaic","YBH[","peal","rbe","Daniel","4","14"
"Aramaic","YBW/","NA","rbf","Daniel","6","18"
"Aramaic","YD/","NA","rd","Daniel","6","5"
"Aramaic","YD>","NA","rda","Daniel","3","14"
"Aramaic","YDQH/","NA","rdse","Daniel","4","24"
"Aramaic","YLH[","pael","rle","Daniel","6","11"
"Aramaic","YLM/","NA","rlm","Daniel","2","31"
"Aramaic","YLX[","haf","rlh","Daniel","3","30"
"Aramaic","YPJR/","NA","rqjt","Esra","6","17"
"Aramaic","YPR/","NA","rqt","Daniel","4","9"
"Aramaic","YW>R/","NA","rfat","Daniel","5","7"
"Aramaic","Z<JR/","NA","gpjt","Daniel","7","8"
"Aramaic","Z<Q[","peal","gps","Daniel","6","21"
"Aramaic","ZBN[","peal","gbn","Daniel","2","8"
"Aramaic","ZHJR/","NA","gejt","Esra","4","22"
"Aramaic","ZJD[","haf","gjd","Daniel","5","20"
"Aramaic","ZJW/","NA","gjf","Daniel","2","31"
"Aramaic","ZKRJH/","NA","gktje","Esra","5","1"
"Aramaic","ZKW/","NA","gkf","Daniel","6","23"
"Aramaic","ZMN/","NA","gmn","Daniel","2","16"
"Aramaic","ZMN[","htpe","gmn","Daniel","2","9"
"Aramaic","ZMR/","NA","gmt","Daniel","3","5"
"Aramaic","ZMR=/","NA","gmt","Esra","7","24"
"Aramaic","ZN/","NA","gn","Daniel","3","5"
"Aramaic","ZQP[","peal","gsq","Esra","6","11"
"Aramaic","ZR</","NA","gtp","Daniel","2","43"
"Aramaic","ZRBBL/","NA","gtbbl","Esra","5","2"
"Aramaic","ZW<[","peal","gfp","Daniel","5","19"
"Aramaic","ZWN[","htpe","gfn","Daniel","4","9"
"greek","1","","αλφα","Revelation","1","8"
"greek","2","","ααρων","Luke","1","5"
"greek","3","","αβαδδων","Revelation","9","11"
"greek","4","","αβαρης","II_Corinthians","11","9"
"greek","5","","αββα","Mark","14","36"
"greek","6","","αβελ","Matthew","23","35"
"greek","7","","αβια","Matthew","1","7"
"greek","8","","αβιαθαρ","Mark","2","26"
"greek","9","","αβιληνη","Luke","3","1"
"greek","10","","αβιουδ","Matthew","1","13"
"greek","11","","αβρααμ","Matthew","1","1"
"greek","12","","αβυσσος","Luke","8","31"
"greek","13","","αγαβος","Acts","11","28"
"greek","14","","αγαθοεργεω","Acts","14","17"
"greek","15","","αγαθοποιεω","Luke","6","9"
"greek","16","","αγαθοποιια","I_Peter","4","19"
"greek","17","","αγαθοποιος","I_Peter","2","14"
"greek","18","","αγαθος","Matthew","5","45"
"greek","19","","αγαθωσυνη","Romans","15","14"
"greek","20","","αγαλλιασις","Luke","1","14"
"greek","21","","αγαλλιαω","Matthew","5","12"
"greek","22","","αγαμος","I_Corinthians","7","8"
"greek","23","","αγανακτεω","Matthew","20","24"
"greek","24","","αγανακτησις","II_Corinthians","7","11"
"greek","25","","αγαπαω","Matthew","5","43"
"greek","26","","αγαπη","Matthew","24","12"
"greek","27","","αγαπητος","Matthew","3","17"
"greek","28","","αγαρ","Galatians","4","24"
"greek","29","","αγγαρευω","Matthew","5","41"
"greek","30","","αγγειον","Matthew","25","4"
"greek","30","","αγγος","Matthew","13","48"
"greek","31","","αγγελια","I_John","1","5"
"greek","32","","αγγελος","Matthew","1","20"
"greek","34","","αγελη","Matthew","8","30"
"greek","35","","αγενεαλογητος","Hebrews","7","3"
"greek","36","","αγενης","I_Corinthians","1","28"
"greek","37","","αγιαζω","Matthew","6","9"
"greek","38","","αγιασμος","Romans","6","19"
"greek","40","","αγιος","Matthew","1","18"
"greek","41","","αγιοτης","II_Corinthians","1","12"
"greek","42","","αγιωσυνη","Romans","1","4"
"greek","43","","αγκαλη","Luke","2","28"
"greek","44","","αγκιστρον","Matthew","17","27"
"greek","45","","αγκυρα","Acts","27","29"
"greek","46","","αγναφος","Matthew","9","16"
"greek","47","","αγνεια","I_Timothy","4","12"
"greek","48","","αγνιζω","John","11","55"
"greek","49","","αγνισμος","Acts","21","26"
"greek","50","","αγνοεω","Mark","9","32"
"greek","51","","αγνοημα","Hebrews","9","7"
"greek","52","","αγνοια","Acts","3","17"
"greek","53","","αγνος","II_Corinthians","7","11"
"greek","54","","αγνοτης","II_Corinthians","6","6"
"greek","55","","αγνως","Philippians","1","17"
"greek","56","","αγνωσια","I_Corinthians","15","34"
"greek","57","","αγνωστος","Acts","17","23"
"greek","58","","αγορα","Matthew","11","16"
"greek","59","","αγοραζω","Matthew","13","44"
"greek","60","","αγοραιος","Acts","17","5"
"greek","61","","αγρα","Luke","5","4"
"greek","62","","αγραμματος","Acts","4","13"
"greek","63","","αγραυλεω","Luke","2","8"
"greek","64","","αγρευω","Mark","12","13"
"greek","65","","αγριελαιος","Romans","11","17"
"greek","66","","αγριος","Matthew","3","4"
"greek","67","","αγριππας","Acts","25","13"
"greek","68","","αγρος","Matthew","6","28"
"greek","69","","αγρυπνεω","Mark","13","33"
"greek","70","","αγρυπνια","II_Corinthians","6","5"
"greek","71","","αγω","Matthew","10","18"
"greek","72","","αγωγη","II_Timothy","3","10"
"greek","73","","αγων","Philippians","1","30"
"greek","74","","αγωνια","Luke","22","44"
"greek","75","","αγωνιζομαι","Luke","13","24"
"greek","76","","αδαμ","Luke","3","38"
"greek","77","","αδαπανος","I_Corinthians","9","18"
"greek","78","","αδδι","Luke","3","28"
"greek","79","","αδελφη","Matthew","12","50"
"greek","80","","αδελφος","Matthew","1","2"
"greek","81","","αδελφοτης","I_Peter","2","17"
"greek","82","","αδηλος","Luke","11","44"
"greek","83","","αδηλοτης","I_Timothy","6","17"
"greek","84","","αδηλως","I_Corinthians","9","26"
"greek","85","","αδημονεω","Matthew","26","37"
"greek","86","","ωδης","Matthew","11","23"
"greek","87","","αδιακριτος","James","3","17"
"greek","88","","αδιαλειπτος","Romans","9","2"
"greek","89","","αδιαλειπτως","Romans","1","9"
"greek","91","","αδικεω","Matthew","20","13"
"greek","92","","αδικημα","Acts","18","14"
"greek","93","","αδικια","Luke","13","27"
"greek","94","","αδικος","Matthew","5","45"
"greek","95","","αδικως","I_Peter","2","19"
"greek","96","","αδοκιμος","Romans","1","28"
"greek","97","","αδολος","I_Peter","2","2"
"greek","98","","αδραμυττηνος","Acts","27","2"
"greek","99","","αδριας","Acts","27","27"
"greek","100","","αδροτης","II_Corinthians","8","20"
"greek","101","","αδυνατεω","Matthew","17","20"
"greek","102","","αδυνατος","Matthew","19","26"
"greek","103","","ωδω","Ephesians","5","19"
"greek","104","","αει","Acts","7","51"
"greek","105","","αετος","Matthew","24","28"
"greek","106","","αζυμος","Matthew","26","17"
"greek","107","","αζωρ","Matthew","1","13"
"greek","108","","αζωτος","Acts","8","40"
"greek","109","","αηρ","Acts","22","23"
"greek","110","","αθανασια","I_Corinthians","15","53"
"greek","111","","αθεμιτος","Acts","10","28"
"greek","112","","αθεος","Ephesians","2","12"
"greek","113","","αθεσμος","II_Peter","2","7"
"greek","114","","αθετεω","Mark","6","26"
"greek","115","","αθετησις","Hebrews","7","18"
"greek","116","","αθηναι","Acts","17","15"
"greek","117","","αθηναιος","Acts","17","21"
"greek","118","","αθλεω","II_Timothy","2","5"
"greek","119","","αθλησις","Hebrews","10","32"
"greek","120","","αθυμεω","Colossians","3","21"
"greek","121","","αθωος","Matthew","27","4"
"greek","122","","αιγειος","Hebrews","11","37"
"greek","123","","αιγιαλος","Matthew","13","2"
"greek","124","","αιγυπτιος","Acts","7","22"
"greek","125","","αιγυπτος","Matthew","2","13"
"greek","126","","αιδιος","Romans","1","20"
"greek","127","","αιδως","I_Timothy","2","9"
"greek","128","","αιθιοψ","Acts","8","27"
"greek","129","","αιμα","Matthew","16","17"
"greek","130","","αιματεκχυσια","Hebrews","9","22"
"greek","131","","αιμορροεω","Matthew","9","20"
"greek","132","","αινεας","Acts","9","33"
"greek","133","","αινεσις","Hebrews","13","15"
"greek","134","","αινεω","Luke","2","13"
"greek","135","","αινιγμα","I_Corinthians","13","12"
"greek","136","","αινος","Matthew","21","16"
"greek","137","","αινων","John","3","23"
"greek","138","","αιρεω","Philippians","1","22"
"greek","139","","αιρεσις","Acts","5","17"
"greek","140","","αιρετιζω","Matthew","12","18"
"greek","141","","αιρετικος","Titus","3","10"
"greek","142","","αιρω","Matthew","4","6"
"greek","143","","αισθανομαι","Luke","9","45"
"greek","144","","αισθησις","Philippians","1","9"
"greek","145","","αισθητηριον","Hebrews","5","14"
"greek","146","","αισχροκερδης","I_Timothy","3","8"
"greek","147","","αισχροκερδως","I_Peter","5","2"
"greek","148","","αισχρολογια","Colossians","3","8"
"greek","150","","αισχρος","I_Corinthians","11","6"
"greek","151","","αισχροτης","Ephesians","5","4"
"greek","152","","αισχυνη","Luke","14","9"
"greek","153","","αισχυνω","Luke","16","3"
"greek","154","","αιτεω","Matthew","5","42"
"greek","155","","αιτημα","Luke","23","24"
"greek","156","","αιτια","Matthew","19","3"
"greek","157","","αιτιωμα","Acts","25","7"
"greek","159","","αιτιος","Luke","23","4"
"greek","160","","αιφνιδιος","Luke","21","34"
"greek","161","","αιχμαλωσια","Ephesians","4","8"
"greek","162","","αιχμαλωτευω","Ephesians","4","8"
"greek","163","","αιχμαλωτιζω","Luke","21","24"
"greek","164","","αιχμαλωτος","Luke","4","18"
"greek","165","","αιων","Matthew","12","32"
"greek","166","","αιωνιος","Matthew","18","8"
"greek","167","","ακαθαρσια","Matthew","23","27"
"greek","169","","ακαθαρτος","Matthew","10","1"
"greek","170","","ακαιρεομαι","Philippians","4","10"
"greek","171","","ακαιρως","II_Timothy","4","2"
"greek","172","","ακακος","Romans","16","18"
"greek","173","","ακανθα","Matthew","7","16"
"greek","174","","ακανθινος","Mark","15","17"
"greek","175","","ακαρπος","Matthew","13","22"
"greek","176","","ακαταγνωστος","Titus","2","8"
"greek","177","","ακατακαλυπτος","I_Corinthians","11","5"
"greek","178","","ακατακριτος","Acts","16","37"
"greek","179","","ακαταλυτος","Hebrews","7","16"
"greek","180","","ακαταπαυστος","II_Peter","2","14"
"greek","181","","ακαταστασια","Luke","21","9"
"greek","182","","ακαταστατος","James","1","8"
"greek","184","","ακελδαμαχ","Acts","1","19"
"greek","185","","ακεραιος","Matthew","10","16"
"greek","186","","ακλινης","Hebrews","10","23"
"greek","187","","ακμαζω","Revelation","14","18"
"greek","188","","ακμην","Matthew","15","16"
"greek","189","","ακοη","Matthew","4","24"
"greek","190","","ακολουθεω","Matthew","4","20"
"greek","191","","ακουω","Matthew","2","3"
"greek","192","","ακρασια","Matthew","23","25"
"greek","193","","ακρατης","II_Timothy","3","3"
"greek","194","","ακρατος","Revelation","14","10"
"greek","195","","ακριβεια","Acts","22","3"
"greek","196","","ακριβης","Acts","26","5"
"greek","198","","ακριβοω","Matthew","2","7"
"greek","199","","ακριβως","Matthew","2","8"
"greek","200","","ακρις","Matthew","3","4"
"greek","201","","ακροατηριον","Acts","25","23"
"greek","202","","ακροατης","Romans","2","13"
"greek","203","","ακροβυστια","Acts","11","3"
"greek","204","","ακρογωνιαιος","Ephesians","2","20"
"greek","205","","ακροθινιον","Hebrews","7","4"
"greek","206","","ακρον","Matthew","24","31"
"greek","207","","ακυλας","Acts","18","2"
"greek","208","","ακυροω","Matthew","15","6"
"greek","209","","ακωλυτως","Acts","28","31"
"greek","210","","ακων","I_Corinthians","9","17"
"greek","211","","αλαβαστρος","Matthew","26","7"
"greek","212","","αλαζονεια","James","4","16"
"greek","213","","αλαζων","Romans","1","30"
"greek","214","","αλαλαζω","Mark","5","38"
"greek","215","","αλαλητος","Romans","8","26"
"greek","216","","αλαλος","Mark","7","37"
"greek","217","","αλας","Matthew","5","13"
"greek","218","","αλειφω","Matthew","6","17"
"greek","219","","αλεκτοροφωνια","Mark","13","35"
"greek","220","","αλεκτωρ","Matthew","26","34"
"greek","221","","αλεξανδρευς","Acts","6","9"
"greek","222","","αλεξανδρινος","Acts","27","6"
"greek","223","","αλεξανδρος","Mark","15","21"
"greek","224","","αλευρον","Matthew","13","33"
"greek","225","","αληθεια","Matthew","22","16"
"greek","226","","αληθευω","Galatians","4","16"
"greek","227","","αληθης","Matthew","22","16"
"greek","228","","αληθινος","Luke","16","11"
"greek","229","","αληθω","Matthew","24","41"
"greek","230","","αληθως","Matthew","14","33"
"greek","231","","αλιευς","Matthew","4","18"
"greek","232","","αλιευω","John","21","3"
"greek","233","","αλιζω","Matthew","5","13"
"greek","234","","αλισγημα","Acts","15","20"
"greek","235","","αλλα","Matthew","4","4"
"greek","236","","αλλασσω","Acts","6","14"
"greek","237","","αλλαχοθεν","John","10","1"
"greek","237","","αλλαχου","Mark","1","38"
"greek","238","","αλληγορεω","Galatians","4","24"
"greek","239","","αλληλουια","Revelation","19","1"
"greek","240","","αλληλων","Matthew","24","10"
"greek","241","","αλλογενης","Luke","17","18"
"greek","242","","αλλομαι","John","4","14"
"greek","243","","αλλος","Matthew","2","12"
"greek","244","","αλλοτριεπισκοπος","I_Peter","4","15"
"greek","245","","αλλοτριος","Matthew","17","25"
"greek","246","","αλλοφυλος","Acts","10","28"
"greek","247","","αλλως","I_Timothy","5","25"
"greek","248","","αλοαω","I_Corinthians","9","9"
"greek","249","","αλογος","Acts","25","27"
"greek","250","","αλοη","John","19","39"
"greek","252","","αλυκος","James","3","12"
"greek","253","","αλυπος","Philippians","2","28"
"greek","254","","αλυσις","Mark","5","3"
"greek","255","","αλυσιτελης","Hebrews","13","17"
"greek","256","","αλφαιος","Matthew","10","3"
"greek","257","","αλων","Matthew","3","12"
"greek","258","","αλωπηξ","Matthew","8","20"
"greek","259","","αλωσις","II_Peter","2","12"
"greek","260","","αμα","Matthew","13","29"
"greek","261","","αμαθης","II_Peter","3","16"
"greek","262","","αμαραντινος","I_Peter","5","4"
"greek","263","","αμαραντος","I_Peter","1","4"
"greek","264","","αμαρτανω","Matthew","18","15"
"greek","265","","αμαρτημα","Mark","3","28"
"greek","266","","αμαρτια","Matthew","1","21"
"greek","267","","αμαρτυρος","Acts","14","17"
"greek","268","","αμαρτωλος","Matthew","9","10"
"greek","269","","αμαχος","I_Timothy","3","3"
"greek","270","","αμαω","James","5","4"
"greek","271","","αμεθυστος","Revelation","21","20"
"greek","272","","αμελεω","Matthew","22","5"
"greek","273","","αμεμπτος","Luke","1","6"
"greek","274","","αμεμπτως","I_Thessalonians","2","10"
"greek","275","","αμεριμνος","Matthew","28","14"
"greek","276","","αμεταθετος","Hebrews","6","17"
"greek","277","","αμετακινητος","I_Corinthians","15","58"
"greek","278","","αμεταμελητος","Romans","11","29"
"greek","279","","αμετανοητος","Romans","2","5"
"greek","280","","αμετρος","II_Corinthians","10","13"
"greek","281","","αμην","Matthew","5","18"
"greek","282","","αμητωρ","Hebrews","7","3"
"greek","283","","αμιαντος","Hebrews","7","26"
"greek","284","","αμιναδαβ","Matthew","1","4"
"greek","284","","αδμιν","Luke","3","33"
"greek","285","","αμμος","Matthew","7","26"
"greek","286","","αμνος","John","1","29"
"greek","287","","αμοιβη","I_Timothy","5","4"
"greek","288","","αμπελος","Matthew","26","29"
"greek","289","","αμπελουργος","Luke","13","7"
"greek","290","","αμπελων","Matthew","20","1"
"greek","291","","αμπλιατος","Romans","16","8"
"greek","292","","αμυνομαι","Acts","7","24"
"greek","293","","αμφιβληστρον","Matthew","4","18"
"greek","294","","αμφιεννυμι","Matthew","6","30"
"greek","294","","αμφιεζω","Luke","12","28"
"greek","295","","αμφιπολις","Acts","17","1"
"greek","296","","αμφοδον","Mark","11","4"
"greek","297","","αμφοτεροι","Matthew","9","17"
"greek","298","","αμωμητος","II_Peter","3","14"
"greek","299","","αμωμος","Ephesians","1","4"
"greek","299","","αμωμον","Revelation","18","13"
"greek","301","","αμως","Matthew","1","10"
"greek","302","","αν","Matthew","2","13"
"greek","303","","ανα","Matthew","13","25"
"greek","304","","αναβαθμος","Acts","21","35"
"greek","305","","αναβαινω","Matthew","3","16"
"greek","306","","αναβαλλω","Acts","24","22"
"greek","307","","αναβιβαζω","Matthew","13","48"
"greek","308","","αναβλεπω","Matthew","11","5"
"greek","309","","αναβλεψις","Luke","4","18"
"greek","310","","αναβοαω","Matthew","27","46"
"greek","311","","αναβολη","Acts","25","17"
"greek","312","","αναγγελλω","John","4","25"
"greek","313","","αναγενναω","I_Peter","1","3"
"greek","314","","αναγινωσκω","Matthew","12","3"
"greek","315","","αναγκαζω","Matthew","14","22"
"greek","316","","αναγκαιος","Acts","10","24"
"greek","317","","αναγκαστως","I_Peter","5","2"
"greek","318","","αναγκη","Matthew","18","7"
"greek","320","","αναγνωσις","Acts","13","15"
"greek","321","","αναγω","Matthew","4","1"
"greek","322","","αναδεικνυμι","Luke","10","1"
"greek","323","","αναδειξις","Luke","1","80"
"greek","324","","αναδεχομαι","Acts","28","7"
"greek","325","","αναδιδωμι","Acts","23","33"
"greek","326","","αναζαω","Luke","15","24"
"greek","327","","αναζητεω","Luke","2","44"
"greek","328","","αναζωννυμι","I_Peter","1","13"
"greek","329","","αναζωπυρεω","II_Timothy","1","6"
"greek","330","","αναθαλλω","Philippians","4","10"
"greek","331","","αναθεμα","Acts","23","14"
"greek","332","","αναθεματιζω","Mark","14","71"
"greek","333","","αναθεωρεω","Acts","17","23"
"greek","334","","αναθημα","Luke","21","5"
"greek","335","","αναιδεια","Luke","11","8"
"greek","336","","αναιρεσις","Acts","8","1"
"greek","337","","αναιρεω","Matthew","2","16"
"greek","338","","αναιτιος","Matthew","12","5"
"greek","339","","ανακαθιζω","Luke","7","15"
"greek","340","","ανακαινιζω","Hebrews","6","6"
"greek","341","","ανακαινοω","II_Corinthians","4","16"
"greek","342","","ανακαινωσις","Romans","12","2"
"greek","343","","ανακαλυπτω","II_Corinthians","3","14"
"greek","344","","ανακαμπτω","Matthew","2","12"
"greek","345","","ανακειμαι","Matthew","9","10"
"greek","346","","ανακεφαλαιοω","Romans","13","9"
"greek","347","","ανακλινω","Matthew","8","11"
"greek","349","","ανακραζω","Mark","1","23"
"greek","350","","ανακρινω","Luke","23","14"
"greek","351","","ανακρισις","Acts","25","26"
"greek","352","","ανακυπτω","Luke","13","11"
"greek","353","","αναλαμβανω","Mark","16","19"
"greek","354","","αναλημψις","Luke","9","51"
"greek","355","","αναλισκω","Luke","9","54"
"greek","356","","αναλογια","Romans","12","6"
"greek","357","","αναλογιζομαι","Hebrews","12","3"
"greek","358","","αναλος","Mark","9","50"
"greek","359","","αναλυσις","II_Timothy","4","6"
"greek","360","","αναλυω","Luke","12","36"
"greek","361","","αναμαρτητος","John","8","7"
"greek","362","","αναμενω","I_Thessalonians","1","10"
"greek","363","","αναμιμνησκω","Mark","11","21"
"greek","364","","αναμνησις","Luke","22","19"
"greek","365","","ανανεοω","Ephesians","4","23"
"greek","366","","ανανηφω","II_Timothy","2","26"
"greek","367","","ανανιας","Acts","5","1"
"greek","368","","αναντιρρητος","Acts","19","36"
"greek","369","","αναντιρρητως","Acts","10","29"
"greek","370","","αναξιος","I_Corinthians","6","2"
"greek","371","","αναξιως","I_Corinthians","11","27"
"greek","372","","αναπαυσις","Matthew","11","29"
"greek","373","","αναπαυω","Matthew","11","28"
"greek","374","","αναπειθω","Acts","18","13"
"greek","375","","αναπεμπω","Luke","23","7"
"greek","376","","αναπηρος","Luke","14","13"
"greek","377","","αναπιπτω","Matthew","15","35"
"greek","378","","αναπληροω","Matthew","13","14"
"greek","379","","αναπολογητος","Romans","1","20"
"greek","381","","αναπτω","Luke","12","49"
"greek","382","","αναριθμητος","Hebrews","11","12"
"greek","383","","ανασειω","Mark","15","11"
"greek","384","","ανασκευαζω","Acts","15","24"
"greek","385","","ανασπαω","Luke","14","5"
"greek","386","","αναστασις","Matthew","22","23"
"greek","387","","αναστατοω","Acts","17","6"
"greek","388","","ανασταυροω","Hebrews","6","6"
"greek","389","","αναστεναζω","Mark","8","12"
"greek","390","","αναστρεφω","Acts","5","22"
"greek","391","","αναστροφη","Galatians","1","13"
"greek","392","","ανατασσομαι","Luke","1","1"
"greek","393","","ανατελλω","Matthew","4","16"
"greek","394","","ανατιθημι","Acts","25","14"
"greek","395","","ανατολη","Matthew","2","1"
"greek","396","","ανατρεπω","John","2","15"
"greek","397","","ανατρεφω","Acts","7","20"
"greek","398","","αναφαινω","Luke","19","11"
"greek","399","","αναφερω","Matthew","17","1"
"greek","400","","αναφωνεω","Luke","1","42"
"greek","401","","αναχυσις","I_Peter","4","4"
"greek","402","","αναχωρεω","Matthew","2","12"
"greek","403","","αναψυξις","Acts","3","20"
"greek","404","","αναψυχω","II_Timothy","1","16"
"greek","405","","ανδραποδιστης","I_Timothy","1","10"
"greek","406","","ανδρεας","Matthew","4","18"
"greek","407","","ανδριζομαι","I_Corinthians","16","13"
"greek","408","","ανδρονικος","Romans","16","7"
"greek","409","","ανδροφονος","I_Timothy","1","9"
"greek","410","","ανεγκλητος","I_Corinthians","1","8"
"greek","411","","ανεκδιηγητος","II_Corinthians","9","15"
"greek","412","","ανεκλαλητος","I_Peter","1","8"
"greek","413","","ανεκλειπτος","Luke","12","33"
"greek","414","","ανεκτος","Matthew","10","15"
"greek","415","","ανελεημων","Romans","1","31"
"greek","416","","ανεμιζω","James","1","6"
"greek","417","","ανεμος","Matthew","7","25"
"greek","418","","ανενδεκτος","Luke","17","1"
"greek","419","","ανεξεραυνητος","Romans","11","33"
"greek","420","","ανεξικακος","II_Timothy","2","24"
"greek","421","","ανεξιχνιαστος","Romans","11","33"
"greek","422","","ανεπαισχυντος","II_Timothy","2","15"
"greek","423","","ανεπιλημπτος","I_Timothy","3","2"
"greek","424","","ανερχομαι","John","6","3"
"greek","425","","ανεσις","Acts","24","23"
"greek","426","","ανεταζω","Acts","22","24"
"greek","427","","ανευ","Matthew","10","29"
"greek","428","","ανευθετος","Acts","27","12"
"greek","429","","ανευρισκω","Luke","2","16"
"greek","430","","ανεχω","Matthew","17","17"
"greek","431","","ανεψιος","Colossians","4","10"
"greek","432","","ανηθον","Matthew","23","23"
"greek","433","","ανηκω","Ephesians","5","4"
"greek","434","","ανημερος","II_Timothy","3","3"
"greek","435","","ανηρ","Matthew","1","16"
"greek","436","","ανθιστημι","Matthew","5","39"
"greek","437","","ανθομολογεομαι","Luke","2","38"
"greek","438","","ανθος","James","1","10"
"greek","439","","ανθρακια","John","18","18"
"greek","440","","ανθραξ","Romans","12","20"
"greek","441","","ανθρωπαρεσκος","Ephesians","6","6"
"greek","442","","ανθρωπινος","Acts","17","25"
"greek","443","","ανθρωποκτονος","John","8","44"
"greek","444","","ανθρωπος","Matthew","4","4"
"greek","446","","ανθυπατος","Acts","13","7"
"greek","447","","ανιημι","Acts","16","26"
"greek","448","","ανελεος","James","2","13"
"greek","449","","ανιπτος","Matthew","15","20"
"greek","450","","ανιστημι","Matthew","9","9"
"greek","451","","αννα","Luke","2","36"
"greek","452","","αννας","Luke","3","2"
"greek","453","","ανοητος","Luke","24","25"
"greek","454","","ανοια","Luke","6","11"
"greek","455","","ανοιγω","Matthew","2","11"
"greek","456","","ανοικοδομεω","Acts","15","16"
"greek","457","","ανοιξις","Ephesians","6","19"
"greek","458","","ανομια","Matthew","7","23"
"greek","459","","ανομος","Luke","22","37"
"greek","460","","ανομως","Romans","2","12"
"greek","461","","ανορθοω","Luke","13","13"
"greek","462","","ανοσιος","I_Timothy","1","9"
"greek","463","","ανοχη","Romans","2","4"
"greek","464","","ανταγωνιζομαι","Hebrews","12","4"
"greek","465","","ανταλλαγμα","Matthew","16","26"
"greek","466","","ανταναπληροω","Colossians","1","24"
"greek","467","","ανταποδιδωμι","Luke","14","14"
"greek","468","","ανταποδομα","Luke","14","12"
"greek","469","","ανταποδοσις","Colossians","3","24"
"greek","470","","ανταποκρινομαι","Luke","14","6"
"greek","472","","αντεχω","Matthew","6","24"
"greek","473","","αντι","Matthew","2","22"
"greek","474","","αντιβαλλω","Luke","24","17"
"greek","475","","αντιδιατιθημι","II_Timothy","2","25"
"greek","476","","αντιδικος","Matthew","5","25"
"greek","477","","αντιθεσις","I_Timothy","6","20"
"greek","478","","αντικαθιστημι","Hebrews","12","4"
"greek","479","","αντικαλεω","Luke","14","12"
"greek","480","","αντικειμαι","Luke","13","17"
"greek","481","","αντικρυς","Acts","20","15"
"greek","482","","αντιλαμβανω","Luke","1","54"
"greek","483","","αντιλεγω","Luke","2","34"
"greek","484","","αντιλημψις","I_Corinthians","12","28"
"greek","485","","αντιλογια","Hebrews","6","16"
"greek","486","","αντιλοιδορεω","I_Peter","2","23"
"greek","487","","αντιλυτρον","I_Timothy","2","6"
"greek","488","","αντιμετρεω","Luke","6","38"
"greek","489","","αντιμισθια","Romans","1","27"
"greek","490","","αντιοχεια","Acts","11","19"
"greek","491","","αντιοχευς","Acts","6","5"
"greek","492","","αντιπαρερχομαι","Luke","10","31"
"greek","493","","αντιπας","Revelation","2","13"
"greek","494","","αντιπατρις","Acts","23","31"
"greek","495","","αντιπερα","Luke","8","26"
"greek","496","","αντιπιπτω","Acts","7","51"
"greek","497","","αντιστρατευω","Romans","7","23"
"greek","498","","αντιτασσω","Acts","18","6"
"greek","499","","αντιτυπος","Hebrews","9","24"
"greek","500","","αντιχριστος","I_John","2","18"
"greek","501","","αντλεω","John","2","8"
"greek","502","","αντλημα","John","4","11"
"greek","503","","αντοφθαλμεω","Acts","27","15"
"greek","504","","ανυδρος","Matthew","12","43"
"greek","505","","ανυποκριτος","Romans","12","9"
"greek","506","","ανυποτακτος","I_Timothy","1","9"
"greek","507","","ανω","John","2","7"
"greek","508","","αναγαιον","Mark","14","15"
"greek","509","","ανωθεν","Matthew","27","51"
"greek","510","","ανωτερικος","Acts","19","1"
"greek","511","","ανωτερος","Luke","14","10"
"greek","512","","ανωφελης","Titus","3","9"
"greek","513","","αξινη","Matthew","3","10"
"greek","514","","αξιος","Matthew","3","8"
"greek","515","","αξιοω","Luke","7","7"
"greek","516","","αξιως","Romans","16","2"
"greek","517","","αορατος","Romans","1","20"
"greek","518","","απαγγελλω","Matthew","2","8"
"greek","518","","αγγελλω","John","20","18"
"greek","519","","απαγχω","Matthew","27","5"
"greek","520","","απαγω","Matthew","7","13"
"greek","520","","απαγω","Luke","13","15"
"greek","521","","απαιδευτος","II_Timothy","2","23"
"greek","522","","απαιρω","Matthew","9","15"
"greek","523","","απαιτεω","Luke","6","30"
"greek","524","","απαλγεω","Ephesians","4","19"
"greek","525","","απαλλασσω","Luke","12","58"
"greek","526","","απαλλοτριοω","Ephesians","2","12"
"greek","527","","απαλος","Matthew","24","32"
"greek","528","","απανταω","Mark","14","13"
"greek","529","","απαντησις","Matthew","25","6"
"greek","530","","απαξ","II_Corinthians","11","25"
"greek","531","","απαραβατος","Hebrews","7","24"
"greek","532","","απαρασκευαστος","II_Corinthians","9","4"
"greek","533","","απαρνεομαι","Matthew","16","24"
"greek","534","","απαρτι","Revelation","14","13"
"greek","535","","απαρτισμος","Luke","14","28"
"greek","536","","απαρχη","Romans","8","23"
"greek","537","","απας","Matthew","6","32"
"greek","538","","απαταω","Ephesians","5","6"
"greek","539","","απατη","Matthew","13","22"
"greek","540","","απατωρ","Hebrews","7","3"
"greek","541","","απαυγασμα","Hebrews","1","3"
"greek","543","","απειθεια","Romans","11","30"
"greek","544","","απειθεω","John","3","36"
"greek","545","","απειθης","Luke","1","17"
"greek","546","","απειλεω","Acts","4","17"
"greek","547","","απειλη","Acts","4","29"
"greek","548","","απειμι","I_Corinthians","5","3"
"greek","549","","απειμι","Acts","17","10"
"greek","550","","απειπον","II_Corinthians","4","2"
"greek","551","","απειραστος","James","1","13"
"greek","552","","απειρος","Hebrews","5","13"
"greek","553","","απεκδεχομαι","Romans","8","19"
"greek","554","","απεκδυομαι","Colossians","2","15"
"greek","555","","απεκδυσις","Colossians","2","11"
"greek","556","","απελαυνω","Acts","18","16"
"greek","557","","απελεγμος","Acts","19","27"
"greek","558","","απελευθερος","I_Corinthians","7","22"
"greek","559","","απελλης","Romans","16","10"
"greek","560","","απελπιζω","Luke","6","35"
"greek","561","","απεναντι","Matthew","27","61"
"greek","562","","απεραντος","I_Timothy","1","4"
"greek","563","","απερισπαστως","I_Corinthians","7","35"
"greek","564","","απεριτμητος","Acts","7","51"
"greek","565","","απερχομαι","Matthew","2","22"
"greek","568","","απεχω","Matthew","6","2"
"greek","569","","απιστεω","Mark","16","11"
"greek","570","","απιστια","Matthew","13","58"
"greek","571","","απιστος","Matthew","17","17"
"greek","572","","απλοτης","Romans","12","8"
"greek","573","","απλους","Matthew","6","22"
"greek","574","","απλως","James","1","5"
"greek","575","","απο","Matthew","1","17"
"greek","576","","αποβαινω","Luke","5","2"
"greek","577","","αποβαλλω","Mark","10","50"
"greek","578","","αποβλεπω","Hebrews","11","26"
"greek","579","","αποβλητος","I_Timothy","4","4"
"greek","580","","αποβολη","Acts","27","22"
"greek","581","","απογινομαι","I_Peter","2","24"
"greek","582","","απογραφη","Luke","2","2"
"greek","583","","απογραφω","Luke","2","1"
"greek","584","","αποδεικνυμι","Acts","2","22"
"greek","585","","αποδειξις","I_Corinthians","2","4"
"greek","586","","αποδεκατοω","Matthew","23","23"
"greek","586","","αποδεκατευω","Luke","18","12"
"greek","587","","αποδεκτος","I_Timothy","2","3"
"greek","588","","αποδεχομαι","Luke","8","40"
"greek","589","","αποδημεω","Matthew","21","33"
"greek","590","","αποδημος","Mark","13","34"
"greek","591","","αποδιδωμι","Matthew","5","26"
"greek","592","","αποδιοριζω","Jude","1","19"
"greek","593","","αποδοκιμαζω","Matthew","21","42"
"greek","594","","αποδοχη","I_Timothy","1","15"
"greek","595","","αποθεσις","I_Peter","3","21"
"greek","596","","αποθηκη","Matthew","3","12"
"greek","597","","αποθησαυριζω","I_Timothy","6","19"
"greek","598","","αποθλιβω","Luke","8","45"
"greek","599","","αποθνησκω","Matthew","8","32"
"greek","600","","αποκαθιστανω","Matthew","12","13"
"greek","601","","αποκαλυπτω","Matthew","10","26"
"greek","602","","αποκαλυψις","Luke","2","32"
"greek","603","","αποκαραδοκια","Romans","8","19"
"greek","604","","αποκαταλλασσω","Ephesians","2","16"
"greek","605","","αποκαταστασις","Acts","3","21"
"greek","606","","αποκειμαι","Luke","19","20"
"greek","607","","αποκεφαλιζω","Matthew","14","10"
"greek","608","","αποκλειω","Luke","13","25"
"greek","609","","αποκοπτω","Mark","9","43"
"greek","610","","αποκριμα","II_Corinthians","1","9"
"greek","611","","αποκρινομαι","Matthew","3","15"
"greek","612","","αποκρισις","Luke","2","47"
"greek","613","","αποκρυπτω","Luke","10","21"
"greek","614","","αποκρυφος","Mark","4","22"
"greek","615","","αποκτεινω","Matthew","10","28"
"greek","616","","αποκυεω","James","1","15"
"greek","617","","αποκυλιω","Matthew","28","2"
"greek","617","","ανακυλιω","Mark","16","4"
"greek","618","","απολαμβανω","Mark","7","33"
"greek","619","","απολαυσις","I_Timothy","6","17"
"greek","620","","απολειπω","II_Timothy","4","13"
"greek","621","","επιλειχω","Luke","16","21"
"greek","622","","απολλυμι","Matthew","2","13"
"greek","623","","απολλυων","Revelation","9","11"
"greek","624","","απολλωνια","Acts","17","1"
"greek","625","","απολλως","Acts","18","24"
"greek","626","","απολογεομαι","Luke","12","11"
"greek","627","","απολογια","Acts","22","1"
"greek","628","","απολουω","Acts","22","16"
"greek","629","","απολυτρωσις","Luke","21","28"
"greek","630","","απολυω","Matthew","1","19"
"greek","631","","απομασσω","Luke","10","11"
"greek","632","","απονεμω","I_Peter","3","7"
"greek","633","","απονιζω","Matthew","27","24"
"greek","634","","αποπιπτω","Acts","9","18"
"greek","635","","αποπλαναω","Mark","13","22"
"greek","636","","αποπλεω","Acts","13","4"
"greek","638","","αποπνιγω","Matthew","13","7"
"greek","639","","απορεω","Mark","6","20"
"greek","640","","απορια","Luke","21","25"
"greek","641","","αποριπτω","Acts","27","43"
"greek","642","","απορφανιζω","I_Thessalonians","2","17"
"greek","643","","επισκευαζομαι","Acts","21","15"
"greek","644","","αποσκιασμα","James","1","17"
"greek","645","","αποσπαω","Matthew","26","51"
"greek","646","","αποστασια","Acts","21","21"
"greek","647","","αποστασιον","Matthew","5","31"
"greek","648","","αποστεγαζω","Mark","2","4"
"greek","649","","αποστελλω","Matthew","2","16"
"greek","650","","αποστερεω","Mark","10","19"
"greek","650","","αφυστερεω","James","5","4"
"greek","651","","αποστολη","Acts","1","25"
"greek","652","","αποστολος","Matthew","10","2"
"greek","653","","αποστοματιζω","Luke","11","53"
"greek","654","","αποστρεφω","Matthew","5","42"
"greek","655","","αποστυγεω","Romans","12","9"
"greek","656","","αποσυναγωγος","John","9","22"
"greek","657","","αποτασσω","Mark","6","46"
"greek","658","","αποτελεω","Luke","13","32"
"greek","659","","αποτιθημι","Matthew","14","3"
"greek","660","","αποτινασσω","Luke","9","5"
"greek","661","","αποτινω","Philemon","1","19"
"greek","662","","αποτολμαω","Romans","10","20"
"greek","663","","αποτομια","Romans","11","22"
"greek","664","","αποτομως","II_Corinthians","13","10"
"greek","665","","αποτρεπω","II_Timothy","3","5"
"greek","666","","απουσια","Philippians","2","12"
"greek","667","","αποφερω","Mark","15","1"
"greek","668","","αποφευγω","II_Peter","1","4"
"greek","669","","αποφθεγγομαι","Acts","2","4"
"greek","670","","αποφορτιζομαι","Acts","21","3"
"greek","671","","αποχρησις","Colossians","2","22"
"greek","672","","αποχωρεω","Matthew","7","23"
"greek","673","","αποχωριζω","Acts","15","39"
"greek","674","","αποψυχω","Luke","21","26"
"greek","675","","αππιου φορον","Acts","28","15"
"greek","676","","απροσιτος","I_Timothy","6","16"
"greek","677","","απροσκοπος","Acts","24","16"
"greek","678","","απροσωπολημπτως","I_Peter","1","17"
"greek","679","","απταιστος","Jude","1","24"
"greek","680","","απτω","Matthew","8","3"
"greek","681","","απτω","Luke","8","16"
"greek","681","","περιαπτω","Luke","22","55"
"greek","682","","απφια","Philemon","1","2"
"greek","683","","απωθεω","Acts","7","27"
"greek","684","","απωλεια","Matthew","7","13"
"greek","685","","αρα","Romans","3","14"
"greek","686","","αρα","Matthew","7","20"
"greek","687","","αρα","Matthew","18","1"
"greek","688","","αραβια","Galatians","1","17"
"greek","689","","αραμ","Matthew","1","3"
"greek","689","","αρνι","Luke","3","33"
"greek","690","","αραψ","Acts","2","11"
"greek","691","","αργεω","II_Peter","2","3"
"greek","692","","αργος","Matthew","12","36"
"greek","693","","αργυρους","Acts","19","24"
"greek","694","","αργυριον","Matthew","25","18"
"greek","695","","αργυροκοπος","Acts","19","24"
"greek","696","","αργυρος","Matthew","10","9"
"greek","697","","αρειος παγος","Acts","17","19"
"greek","698","","αρεοπαγιτης","Acts","17","34"
"greek","699","","αρεσκεια","Colossians","1","10"
"greek","700","","αρεσκω","Matthew","14","6"
"greek","701","","αρεστος","John","8","29"
"greek","702","","αρετας","II_Corinthians","11","32"
"greek","703","","αρετη","Philippians","4","8"
"greek","704","","αρην","Luke","10","3"
"greek","705","","αριθμεω","Matthew","10","30"
"greek","706","","αριθμος","Luke","22","3"
"greek","707","","αριμαθαια","Matthew","27","57"
"greek","707","","αριμαθαια","John","19","38"
"greek","708","","αρισταρχος","Acts","19","29"
"greek","709","","αρισταω","Luke","11","37"
"greek","710","","αριστερος","Matthew","6","3"
"greek","711","","αριστοβουλος","Romans","16","10"
"greek","712","","αριστον","Matthew","22","4"
"greek","713","","αρκετος","Matthew","6","34"
"greek","714","","αρκεω","Matthew","25","9"
"greek","715","","αρκος","Revelation","13","2"
"greek","716","","αρμα","Acts","8","28"
"greek","717","","αρμαγεδων","Revelation","16","16"
"greek","718","","αρμοζω","II_Corinthians","11","2"
"greek","719","","αρμος","Hebrews","4","12"
"greek","720","","αρνεομαι","Matthew","10","33"
"greek","721","","αρνιον","John","21","15"
"greek","722","","αροτριαω","Luke","17","7"
"greek","723","","αροτρον","Luke","9","62"
"greek","724","","αρπαγη","Matthew","23","25"
"greek","725","","αρπαγμος","Philippians","2","6"
"greek","726","","αρπαζω","Matthew","11","12"
"greek","727","","αρπαξ","Matthew","7","15"
"greek","728","","αρραβων","II_Corinthians","1","22"
"greek","729","","αραφος","John","19","23"
"greek","730","","αρσην","Matthew","19","4"
"greek","731","","αρρητος","II_Corinthians","12","4"
"greek","732","","αρρωστος","Matthew","14","14"
"greek","733","","αρσενοκοιτης","I_Corinthians","6","9"
"greek","734","","αρτεμας","Titus","3","12"
"greek","735","","αρτεμις","Acts","19","24"
"greek","736","","αρτεμων","Acts","27","40"
"greek","737","","αρτι","Matthew","3","15"
"greek","738","","αρτιγεννητος","I_Peter","2","2"
"greek","739","","αρτιος","II_Timothy","3","17"
"greek","740","","αρτος","Matthew","4","3"
"greek","741","","αρτυω","Mark","9","50"
"greek","742","","αρφαξαδ","Luke","3","36"
"greek","743","","αρχαγγελος","I_Thessalonians","4","16"
"greek","744","","αρχαιος","Matthew","5","21"
"greek","745","","αρχελαος","Matthew","2","22"
"greek","746","","αρχη","Matthew","19","4"
"greek","747","","αρχηγος","Acts","3","15"
"greek","748","","αρχιερατικος","Acts","4","6"
"greek","749","","αρχιερευς","Matthew","2","4"
"greek","750","","αρχιποιμην","I_Peter","5","4"
"greek","751","","αρχιππος","Colossians","4","17"
"greek","752","","αρχισυναγωγος","Mark","5","22"
"greek","753","","αρχιτεκτων","I_Corinthians","3","10"
"greek","754","","αρχιτελωνης","Luke","19","2"
"greek","755","","αρχιτρικλινος","John","2","8"
"greek","756","","αρχω","Matthew","4","17"
"greek","757","","αρχω","Mark","10","42"
"greek","758","","αρχων","Matthew","9","18"
"greek","759","","αρωμα","Mark","16","1"
"greek","760","","ασαφ","Matthew","1","7"
"greek","761","","ασαλευτος","Acts","27","41"
"greek","762","","ασβεστος","Matthew","3","12"
"greek","763","","ασεβεια","Romans","1","18"
"greek","764","","ασεβεω","II_Peter","2","6"
"greek","765","","ασεβης","Romans","4","5"
"greek","766","","ασελγεια","Mark","7","22"
"greek","767","","ασημος","Acts","21","39"
"greek","768","","ασηρ","Luke","2","36"
"greek","769","","ασθενεια","Matthew","8","17"
"greek","770","","ασθενεω","Matthew","10","8"
"greek","771","","ασθενημα","Romans","15","1"
"greek","772","","ασθενης","Matthew","25","43"
"greek","773","","ασια","Acts","2","9"
"greek","774","","ασιανος","Acts","20","4"
"greek","775","","ασιαρχης","Acts","19","31"
"greek","776","","ασιτια","Acts","27","21"
"greek","777","","ασιτος","Acts","27","33"
"greek","778","","ασκεω","Acts","24","16"
"greek","779","","ασκος","Matthew","9","17"
"greek","780","","ασμενως","Acts","21","17"
"greek","781","","ασοφος","Ephesians","5","15"
"greek","782","","ασπαζομαι","Matthew","5","47"
"greek","782","","απασπαζομαι","Acts","21","6"
"greek","783","","ασπασμος","Matthew","23","7"
"greek","784","","ασπιλος","I_Timothy","6","14"
"greek","785","","ασπις","Romans","3","13"
"greek","786","","ασπονδος","II_Timothy","3","3"
"greek","787","","ασσαριον","Matthew","10","29"
"greek","788","","ασσον","Acts","20","13"
"greek","790","","αστατεω","I_Corinthians","4","11"
"greek","791","","αστειος","Acts","7","20"
"greek","792","","αστηρ","Matthew","2","2"
"greek","793","","αστηρικτος","II_Peter","2","14"
"greek","794","","αστοργος","Romans","1","31"
"greek","795","","αστοχεω","I_Timothy","1","6"
"greek","796","","αστραπη","Matthew","24","27"
"greek","797","","αστραπτω","Luke","17","24"
"greek","798","","αστρον","Luke","21","25"
"greek","799","","ασυγκριτος","Romans","16","14"
"greek","800","","ασυμφωνος","Acts","28","25"
"greek","801","","ασυνετος","Matthew","15","16"
"greek","802","","ασυνθετος","Romans","1","31"
"greek","803","","ασφαλεια","Luke","1","4"
"greek","804","","ασφαλης","Acts","21","34"
"greek","805","","ασφαλιζω","Matthew","27","64"
"greek","806","","ασφαλως","Mark","14","44"
"greek","807","","ασχημονεω","I_Corinthians","7","36"
"greek","808","","ασχημοσυνη","Romans","1","27"
"greek","809","","ασχημων","I_Corinthians","12","23"
"greek","810","","ασωτια","Ephesians","5","18"
"greek","811","","ασωτως","Luke","15","13"
"greek","812","","ατακτεω","II_Thessalonians","3","7"
"greek","813","","ατακτος","I_Thessalonians","5","14"
"greek","814","","ατακτως","II_Thessalonians","3","6"
"greek","815","","ατεκνος","Luke","20","28"
"greek","816","","ατενιζω","Luke","4","20"
"greek","817","","ατερ","Luke","22","6"
"greek","818","","ατιμαζω","Mark","12","4"
"greek","819","","ατιμια","Romans","1","26"
"greek","820","","ατιμος","Matthew","13","57"
"greek","822","","ατμις","Acts","2","19"
"greek","823","","ατομος","I_Corinthians","15","52"
"greek","824","","ατοπος","Luke","23","41"
"greek","825","","ατταλεια","Acts","14","25"
"greek","826","","αυγαζω","II_Corinthians","4","4"
"greek","827","","αυγη","Acts","20","11"
"greek","828","","αυγουστος","Luke","2","1"
"greek","829","","αυθαδης","Titus","1","7"
"greek","830","","αυθαιρετος","II_Corinthians","8","3"
"greek","831","","αυθεντεω","I_Timothy","2","12"
"greek","832","","αυλεω","Matthew","11","17"
"greek","833","","αυλη","Matthew","26","3"
"greek","834","","αυλητης","Matthew","9","23"
"greek","835","","αυλιζομαι","Matthew","21","17"
"greek","836","","αυλος","I_Corinthians","14","7"
"greek","837","","αυξανω","Matthew","6","28"
"greek","838","","αυξησις","Ephesians","4","16"
"greek","839","","αυριον","Matthew","6","30"
"greek","840","","αυστηρος","Luke","19","21"
"greek","841","","αυταρκεια","II_Corinthians","9","8"
"greek","842","","αυταρκης","Philippians","4","11"
"greek","843","","αυτοκατακριτος","Titus","3","11"
"greek","844","","αυτοματος","Mark","4","28"
"greek","845","","αυτοπτης","Luke","1","2"
"greek","846","","αυτος","Matthew","1","2"
"greek","847","","αυτου","Matthew","26","36"
"greek","848","","εαυτου","Mark","9","16"
"greek","849","","αυτοχειρ","Acts","27","19"
"greek","850","","αυχμηρος","II_Peter","1","19"
"greek","851","","αφαιρεω","Matthew","26","51"
"greek","852","","αφανης","Hebrews","4","13"
"greek","853","","αφανιζω","Matthew","6","16"
"greek","854","","αφανισμος","Hebrews","8","13"
"greek","855","","αφαντος","Luke","24","31"
"greek","856","","αφεδρων","Matthew","15","17"
"greek","857","","αφειδια","Colossians","2","23"
"greek","858","","αφελοτης","Acts","2","46"
"greek","859","","αφεσις","Matthew","26","28"
"greek","860","","αφη","Ephesians","4","16"
"greek","861","","αφθαρσια","Romans","2","7"
"greek","861","","αφθορια","Titus","2","7"
"greek","862","","αφθαρτος","Mark","16","99"
"greek","863","","αφιημι","Matthew","3","15"
"greek","864","","αφικνεομαι","Romans","16","19"
"greek","865","","αφιλαγαθος","II_Timothy","3","3"
"greek","866","","αφιλαργυρος","I_Timothy","3","3"
"greek","867","","αφιξις","Acts","20","29"
"greek","868","","αφιστημι","Luke","2","37"
"greek","869","","αφνω","Acts","2","2"
"greek","870","","αφοβως","Luke","1","74"
"greek","871","","αφομοιοω","Hebrews","7","3"
"greek","872","","αφοραω","Philippians","2","23"
"greek","873","","αφοριζω","Matthew","13","49"
"greek","874","","αφορμη","Romans","7","8"
"greek","875","","αφριζω","Mark","9","18"
"greek","876","","αφρος","Luke","9","39"
"greek","877","","αφροσυνη","Mark","7","22"
"greek","878","","αφρων","Luke","11","40"
"greek","879","","αφυπνοω","Luke","8","23"
"greek","880","","αφωνος","Acts","8","32"
"greek","881","","αχαζ","Matthew","1","9"
"greek","882","","αχαια","Acts","18","12"
"greek","883","","αχαικος","I_Corinthians","16","17"
"greek","884","","αχαριστος","Luke","6","35"
"greek","885","","αχιμ","Matthew","1","14"
"greek","886","","αχειροποιητος","Mark","14","58"
"greek","887","","αχλυς","Acts","13","11"
"greek","887","","ομιχλη","II_Peter","2","17"
"greek","888","","αχρειος","Matthew","25","30"
"greek","889","","αχρειοω","Romans","3","12"
"greek","890","","αχρηστος","Philemon","1","11"
"greek","891","","αχρι","Matthew","24","38"
"greek","892","","αχυρον","Matthew","3","12"
"greek","893","","αψευδης","Titus","1","2"
"greek","894","","αψινθος","Revelation","8","11"
"greek","895","","αψυχος","I_Corinthians","14","7"
"greek","896","","βααλ","Romans","11","4"
"greek","897","","βαβυλων","Matthew","1","11"
"greek","898","","βαθμος","I_Timothy","3","13"
"greek","899","","βαθος","Matthew","13","5"
"greek","900","","βαθυνω","Luke","6","48"
"greek","901","","βαθυς","Luke","24","1"
"greek","902","","βαιον","John","12","13"
"greek","903","","βαλααμ","II_Peter","2","15"
"greek","904","","βαλακ","Revelation","2","14"
"greek","905","","βαλλαντιον","Luke","10","4"
"greek","906","","βαλλω","Matthew","3","10"
"greek","906","","αμφιβαλλω","Mark","1","16"
"greek","907","","βαπτιζω","Matthew","3","6"
"greek","908","","βαπτισμα","Matthew","3","7"
"greek","909","","βαπτισμος","Mark","7","4"
"greek","910","","βαπτιστης","Matthew","3","1"
"greek","911","","βαπτω","Luke","16","24"
"greek","912","","βαραββας","Matthew","27","16"
"greek","913","","βαρακ","Hebrews","11","32"
"greek","914","","βαραχιας","Matthew","23","35"
"greek","915","","βαρβαρος","Acts","28","2"
"greek","916","","βαρεω","Matthew","26","43"
"greek","917","","βαρεως","Matthew","13","15"
"greek","918","","βαρθολομαιος","Matthew","10","3"
"greek","919","","βαριησους","Acts","13","6"
"greek","920","","βαριωνα","Matthew","16","17"
"greek","921","","βαρναβας","Acts","4","36"
"greek","922","","βαρος","Matthew","20","12"
"greek","923","","βαρσαββας","Acts","1","23"
"greek","924","","βαρτιμαιος","Mark","10","46"
"greek","926","","βαρυς","Matthew","23","4"
"greek","927","","βαρυτιμος","Matthew","26","7"
"greek","928","","βασανιζω","Matthew","8","6"
"greek","929","","βασανισμος","Revelation","9","5"
"greek","930","","βασανιστης","Matthew","18","34"
"greek","931","","βασανος","Matthew","4","24"
"greek","932","","βασιλεια","Matthew","3","2"
"greek","934","","βασιλειος","Luke","7","25"
"greek","935","","βασιλευς","Matthew","1","6"
"greek","936","","βασιλευω","Matthew","2","22"
"greek","937","","βασιλικος","John","4","46"
"greek","938","","βασιλισσα","Matthew","12","42"
"greek","939","","βασις","Acts","3","7"
"greek","940","","βασκαινω","Galatians","3","1"
"greek","941","","βασταζω","Matthew","3","11"
"greek","942","","βατος","Mark","12","26"
"greek","943","","βατος","Luke","16","6"
"greek","944","","βατραχος","Revelation","16","13"
"greek","945","","βατταλογεω","Matthew","6","7"
"greek","946","","βδελυγμα","Matthew","24","15"
"greek","947","","βδελυκτος","Titus","1","16"
"greek","948","","βδελυσσομαι","Romans","2","22"
"greek","949","","βεβαιος","Romans","4","16"
"greek","950","","βεβαιοω","Mark","16","20"
"greek","951","","βεβαιωσις","Philippians","1","7"
"greek","952","","βεβηλος","I_Timothy","1","9"
"greek","953","","βεβηλοω","Matthew","12","5"
"greek","954","","βεελζεβουλ","Matthew","10","25"
"greek","955","","βελιαρ","II_Corinthians","6","15"
"greek","956","","βελος","Ephesians","6","16"
"greek","956","","βελονης","Luke","18","25"
"greek","957","","βελτιων","II_Timothy","1","18"
"greek","958","","βενιαμιν","Acts","13","21"
"greek","959","","βερνικη","Acts","25","13"
"greek","960","","βεροια","Acts","17","10"
"greek","961","","βεροιαιος","Acts","20","4"
"greek","963","","βηθανια","Matthew","21","17"
"greek","964","","βηθζαθα","John","5","2"
"greek","965","","βηθλεεμ","Matthew","2","1"
"greek","966","","βηθσαιδα","Matthew","11","21"
"greek","967","","βηθφαγη","Matthew","21","1"
"greek","968","","βημα","Matthew","27","19"
"greek","969","","βηρυλλος","Revelation","21","20"
"greek","970","","βια","Acts","5","26"
"greek","971","","βιαζω","Matthew","11","12"
"greek","972","","βιαιος","Acts","2","2"
"greek","973","","βιαστης","Matthew","11","12"
"greek","974","","βιβλαριδιον","Revelation","10","2"
"greek","975","","βιβλιον","Matthew","19","7"
"greek","976","","βιβλος","Matthew","1","1"
"greek","977","","βιβρωσκω","John","6","13"
"greek","978","","βιθυνια","Acts","16","7"
"greek","979","","βιος","Mark","12","44"
"greek","980","","βιοω","I_Peter","4","2"
"greek","981","","βιωσις","Acts","26","4"
"greek","982","","βιωτικος","Luke","21","34"
"greek","983","","βλαβερος","I_Timothy","6","9"
"greek","984","","βλαπτω","Mark","16","18"
"greek","985","","βλαστανω","Matthew","13","26"
"greek","986","","βλαστος","Acts","12","20"
"greek","987","","βλασφημεω","Matthew","9","3"
"greek","988","","βλασφημια","Matthew","12","31"
"greek","989","","βλασφημος","Acts","6","11"
"greek","990","","βλεμμα","II_Peter","2","8"
"greek","991","","βλεπω","Matthew","5","28"
"greek","992","","βλητεος","Luke","5","38"
"greek","993","","βοανηργες","Mark","3","17"
"greek","994","","βοαω","Matthew","3","3"
"greek","995","","βοη","James","5","4"
"greek","996","","βοηθεια","Acts","27","17"
"greek","997","","βοηθεω","Matthew","15","25"
"greek","998","","βοηθος","Hebrews","13","6"
"greek","999","","βοθυνος","Matthew","12","11"
"greek","1000","","βολη","Luke","22","41"
"greek","1001","","βολιζω","Acts","27","28"
"greek","1003","","βοες","Matthew","1","5"
"greek","1004","","βορβορος","II_Peter","2","22"
"greek","1005","","βορρας","Luke","13","29"
"greek","1006","","βοσκω","Matthew","8","30"
"greek","1007","","βοσορ","II_Peter","2","15"
"greek","1008","","βοτανη","Hebrews","6","7"
"greek","1009","","βοτρυς","Revelation","14","18"
"greek","1010","","βουλευτης","Mark","15","43"
"greek","1011","","βουλευω","Luke","14","31"
"greek","1012","","βουλη","Luke","7","30"
"greek","1013","","βουλημα","Acts","27","43"
"greek","1014","","βουλομαι","Matthew","1","19"
"greek","1015","","βουνος","Luke","3","5"
"greek","1016","","βους","Luke","13","15"
"greek","1017","","βραβειον","I_Corinthians","9","24"
"greek","1018","","βραβευω","Colossians","3","15"
"greek","1019","","βραδυνω","I_Timothy","3","15"
"greek","1020","","βραδυπλοεω","Acts","27","7"
"greek","1021","","βραδυς","Luke","24","25"
"greek","1022","","βραδυτης","II_Peter","3","9"
"greek","1023","","βραχιων","Luke","1","51"
"greek","1024","","βραχυς","Luke","22","58"
"greek","1025","","βρεφος","Luke","1","41"
"greek","1026","","βρεχω","Matthew","5","45"
"greek","1027","","βροντη","Mark","3","17"
"greek","1028","","βροχη","Matthew","7","25"
"greek","1029","","βροχος","I_Corinthians","7","35"
"greek","1030","","βρυγμος","Matthew","8","12"
"greek","1031","","βρυχω","Acts","7","54"
"greek","1032","","βρυω","James","3","11"
"greek","1033","","βρωμα","Matthew","14","15"
"greek","1034","","βρωσιμος","Luke","24","41"
"greek","1035","","βρωσις","Matthew","6","19"
"greek","1036","","βυθιζω","Luke","5","7"
"greek","1037","","βυθος","II_Corinthians","11","25"
"greek","1038","","βυρσευς","Acts","9","43"
"greek","1039","","βυσσινος","Revelation","18","12"
"greek","1040","","βυσσος","Luke","16","19"
"greek","1041","","βωμος","Acts","17","23"
"greek","1042","","γαββαθα","John","19","13"
"greek","1043","","γαβριηλ","Luke","1","19"
"greek","1044","","γαγγραινα","II_Timothy","2","17"
"greek","1045","","γαδ","Revelation","7","5"
"greek","1046","","γαδαρηνος","Matthew","8","28"
"greek","1047","","γαζα","Acts","8","27"
"greek","1048","","γαζα","Acts","8","26"
"greek","1049","","γαζοφυλακιον","Mark","12","41"
"greek","1050","","γαιος","Acts","19","29"
"greek","1051","","γαλα","I_Corinthians","3","2"
"greek","1052","","γαλατης","Galatians","3","1"
"greek","1053","","γαλατια","I_Corinthians","16","1"
"greek","1054","","γαλατικος","Acts","16","6"
"greek","1055","","γαληνη","Matthew","8","26"
"greek","1056","","γαλιλαια","Matthew","2","22"
"greek","1057","","γαλιλαιος","Matthew","26","69"
"greek","1058","","γαλλιων","Acts","18","12"
"greek","1059","","γαμαλιηλ","Acts","5","34"
"greek","1060","","γαμεω","Matthew","5","32"
"greek","1061","","γαμιζω","Matthew","22","30"
"greek","1062","","γαμος","Matthew","22","2"
"greek","1063","","γαρ","Matthew","1","20"
"greek","1064","","γαστηρ","Matthew","1","18"
"greek","1065","","γε","Luke","11","8"
"greek","1066","","γεδεων","Hebrews","11","32"
"greek","1067","","γεεννα","Matthew","5","22"
"greek","1068","","γεθσημανι","Matthew","26","36"
"greek","1069","","γειτων","Luke","14","12"
"greek","1070","","γελαω","Luke","6","21"
"greek","1071","","γελως","James","4","9"
"greek","1072","","γεμιζω","Mark","4","37"
"greek","1073","","γεμω","Matthew","23","25"
"greek","1074","","γενεα","Matthew","1","17"
"greek","1075","","γενεαλογεω","Hebrews","7","6"
"greek","1076","","γενεαλογια","I_Timothy","1","4"
"greek","1077","","γενεσια","Matthew","14","6"
"greek","1078","","γενεσις","Matthew","1","1"
"greek","1079","","γενετη","John","9","1"
"greek","1080","","γενναω","Matthew","1","2"
"greek","1081","","γεννημα","Matthew","3","7"
"greek","1082","","γεννησαρετ","Matthew","14","34"
"greek","1084","","γεννητος","Matthew","11","11"
"greek","1085","","γενος","Matthew","13","47"
"greek","1086","","γερασηνος","Mark","5","1"
"greek","1087","","γερουσια","Acts","5","21"
"greek","1088","","γερων","John","3","4"
"greek","1089","","γευομαι","Matthew","16","28"
"greek","1090","","γεωργεω","Hebrews","6","7"
"greek","1091","","γεωργιον","I_Corinthians","3","9"
"greek","1092","","γεωργος","Matthew","21","33"
"greek","1093","","γη","Matthew","2","6"
"greek","1094","","γηρας","Luke","1","36"
"greek","1095","","γηρασκω","John","21","18"
"greek","1096","","γινομαι","Matthew","1","22"
"greek","1097","","γινωσκω","Matthew","1","25"
"greek","1098","","γλευκος","Acts","2","13"
"greek","1099","","γλυκυς","James","3","11"
"greek","1100","","γλωσσα","Mark","7","33"
"greek","1101","","γλωσσοκομον","John","12","6"
"greek","1102","","γναφευς","Mark","9","3"
"greek","1103","","γνησιος","II_Corinthians","8","8"
"greek","1104","","γνησιως","Philippians","2","20"
"greek","1105","","γνοφος","Hebrews","12","18"
"greek","1106","","γνωμη","Acts","20","3"
"greek","1107","","γνωριζω","Luke","2","15"
"greek","1108","","γνωσις","Luke","1","77"
"greek","1109","","γνωστης","Acts","26","3"
"greek","1110","","γνωστος","Luke","2","44"
"greek","1111","","γογγυζω","Matthew","20","11"
"greek","1112","","γογγυσμος","John","7","12"
"greek","1113","","γογγυστης","Jude","1","16"
"greek","1114","","γοης","II_Timothy","3","13"
"greek","1115","","γολγοθα","Matthew","27","33"
"greek","1116","","γομορρα","Matthew","10","15"
"greek","1117","","γομος","Acts","21","3"
"greek","1118","","γονευς","Matthew","10","21"
"greek","1119","","γονυ","Mark","15","19"
"greek","1120","","γονυπετεω","Matthew","17","14"
"greek","1121","","γραμμα","Luke","16","6"
"greek","1122","","γραμματευς","Matthew","2","4"
"greek","1123","","γραπτος","Romans","2","15"
"greek","1124","","γραφη","Matthew","21","42"
"greek","1125","","γραφω","Matthew","2","5"
"greek","1126","","γραωδης","I_Timothy","4","7"
"greek","1127","","γρηγορεω","Matthew","24","42"
"greek","1128","","γυμναζω","I_Timothy","4","7"
"greek","1129","","γυμνασια","I_Timothy","4","8"
"greek","1130","","γυμνιτευω","I_Corinthians","4","11"
"greek","1131","","γυμνος","Matthew","25","36"
"greek","1132","","γυμνοτης","Romans","8","35"
"greek","1133","","γυναικαριον","II_Timothy","3","6"
"greek","1134","","γυναικειος","I_Peter","3","7"
"greek","1135","","γυνη","Matthew","1","20"
"greek","1136","","γωγ","Revelation","20","8"
"greek","1137","","γωνια","Matthew","6","5"
"greek","1138","","δαυιδ","Matthew","1","1"
"greek","1139","","δαιμονιζομαι","Matthew","4","24"
"greek","1140","","δαιμονιον","Matthew","7","22"
"greek","1141","","δαιμονιωδης","James","3","15"
"greek","1142","","δαιμων","Matthew","8","31"
"greek","1143","","δακνω","Galatians","5","15"
"greek","1144","","δακρυον","Luke","7","38"
"greek","1145","","δακρυω","John","11","35"
"greek","1146","","δακτυλιος","Luke","15","22"
"greek","1147","","δακτυλος","Matthew","23","4"
"greek","1148","","δαλμανουθα","Mark","8","10"
"greek","1149","","δαλματια","II_Timothy","4","10"
"greek","1150","","δαμαζω","Mark","5","4"
"greek","1151","","δαμαλις","Hebrews","9","13"
"greek","1152","","δαμαρις","Acts","17","34"
"greek","1153","","δαμασκηνος","II_Corinthians","11","32"
"greek","1154","","δαμασκος","Acts","9","2"
"greek","1155","","δανιζω","Matthew","5","42"
"greek","1156","","δανειον","Matthew","18","27"
"greek","1157","","δανιστης","Luke","7","41"
"greek","1158","","δανιηλ","Matthew","24","15"
"greek","1159","","δαπαναω","Mark","5","26"
"greek","1160","","δαπανη","Luke","14","28"
"greek","1161","","δε","Matthew","1","2"
"greek","1162","","δεησις","Luke","1","13"
"greek","1163","","δει","Matthew","16","21"
"greek","1164","","δειγμα","Jude","1","7"
"greek","1165","","δειγματιζω","Matthew","1","19"
"greek","1166","","δεικνυμι","Matthew","4","8"
"greek","1167","","δειλια","II_Timothy","1","7"
"greek","1168","","δειλιαω","John","14","27"
"greek","1169","","δειλος","Matthew","8","26"
"greek","1169","","δεος","Hebrews","12","28"
"greek","1170","","δεινα","Matthew","26","18"
"greek","1171","","δεινως","Matthew","8","6"
"greek","1172","","δειπνεω","Luke","17","8"
"greek","1173","","δειπνον","Matthew","23","6"
"greek","1174","","δεισιδαιμων","Acts","17","22"
"greek","1175","","δεισιδαιμονια","Acts","25","19"
"greek","1176","","δεκα","Matthew","20","24"
"greek","1178","","δεκαπεντε","John","11","18"
"greek","1179","","δεκαπολις","Matthew","4","25"
"greek","1180","","δεκατεσσαρες","Matthew","1","17"
"greek","1181","","δεκατος","Hebrews","7","2"
"greek","1182","","δεκατος","John","1","39"
"greek","1183","","δεκατοω","Hebrews","7","6"
"greek","1184","","δεκτος","Luke","4","19"
"greek","1185","","δελεαζω","James","1","14"
"greek","1186","","δενδρον","Matthew","3","10"
"greek","1187","","δεξιολαβος","Acts","23","23"
"greek","1188","","δεξιος","Matthew","5","29"
"greek","1189","","δεομαι","Matthew","9","38"
"greek","1190","","δερβαιος","Acts","20","4"
"greek","1191","","δερβη","Acts","14","6"
"greek","1192","","δερμα","Hebrews","11","37"
"greek","1193","","δερματινος","Matthew","3","4"
"greek","1194","","δερω","Matthew","21","35"
"greek","1195","","δεσμευω","Matthew","23","4"
"greek","1197","","δεσμη","Matthew","13","30"
"greek","1198","","δεσμιος","Matthew","27","15"
"greek","1199","","δεσμος","Mark","7","35"
"greek","1200","","δεσμοφυλαξ","Acts","16","23"
"greek","1201","","δεσμωτηριον","Matthew","11","2"
"greek","1202","","δεσμωτης","Acts","27","1"
"greek","1203","","δεσποτης","Luke","2","29"
"greek","1204","","δευρο","Matthew","19","21"
"greek","1205","","δευτε","Matthew","4","19"
"greek","1206","","δευτεραιος","Acts","28","13"
"greek","1208","","δευτερος","Matthew","21","30"
"greek","1209","","δεχομαι","Matthew","10","14"
"greek","1210","","δεω","Matthew","12","29"
"greek","1211","","δη","Matthew","13","23"
"greek","1212","","δηλος","Matthew","26","73"
"greek","1213","","δηλοω","I_Corinthians","1","11"
"greek","1214","","δημας","Colossians","4","14"
"greek","1215","","δημηγορεω","Acts","12","21"
"greek","1216","","δημητριος","Acts","19","24"
"greek","1217","","δημιουργος","Hebrews","11","10"
"greek","1218","","δημος","Acts","12","22"
"greek","1219","","δημοσιος","Acts","5","18"
"greek","1220","","δηναριον","Matthew","18","28"
"greek","1221","","δηποτε","John","5","4"
"greek","1222","","δηπου","Hebrews","2","16"
"greek","1223","","δια","Matthew","1","22"
"greek","1224","","διαβαινω","Luke","16","26"
"greek","1225","","διαβαλλω","Luke","16","1"
"greek","1226","","διαβεβαιοομαι","I_Timothy","1","7"
"greek","1227","","διαβλεπω","Matthew","7","5"
"greek","1228","","διαβολος","Matthew","4","1"
"greek","1229","","διαγγελλω","Luke","9","60"
"greek","1230","","διαγινομαι","Mark","16","1"
"greek","1231","","διαγινωσκω","Acts","23","15"
"greek","1233","","διαγνωσις","Acts","25","21"
"greek","1234","","διαγογγυζω","Luke","15","2"
"greek","1235","","διαγρηγορεω","Luke","9","32"
"greek","1236","","διαγω","I_Timothy","2","2"
"greek","1237","","διαδεχομαι","Acts","7","45"
"greek","1238","","διαδημα","Revelation","12","3"
"greek","1239","","διαδιδωμι","Luke","11","22"
"greek","1240","","διαδοχος","Acts","24","27"
"greek","1241","","διαζωννυμι","John","13","4"
"greek","1242","","διαθηκη","Matthew","26","28"
"greek","1243","","διαιρεσις","I_Corinthians","12","4"
"greek","1244","","διαιρεω","Luke","15","12"
"greek","1245","","διακαθαριζω","Matthew","3","12"
"greek","1245","","διακαθαιρω","Luke","3","17"
"greek","1246","","διακατελεγχομαι","Acts","18","28"
"greek","1247","","διακονεω","Matthew","4","11"
"greek","1248","","διακονια","Luke","10","40"
"greek","1249","","διακονος","Matthew","20","26"
"greek","1250","","διακοσιοι","Mark","6","37"
"greek","1251","","διακουω","Acts","23","35"
"greek","1252","","διακρινω","Matthew","16","3"
"greek","1253","","διακρισις","Romans","14","1"
"greek","1254","","διακωλυω","Matthew","3","14"
"greek","1255","","διαλαλεω","Luke","1","65"
"greek","1256","","διαλεγομαι","Mark","9","34"
"greek","1257","","διαλειπω","Luke","7","45"
"greek","1258","","διαλεκτος","Acts","1","19"
"greek","1259","","διαλλασσω","Matthew","5","24"
"greek","1260","","διαλογιζομαι","Matthew","16","7"
"greek","1261","","διαλογισμος","Matthew","15","19"
"greek","1262","","διαλυω","Acts","5","36"
"greek","1263","","διαμαρτυρομαι","Luke","16","28"
"greek","1264","","διαμαχομαι","Acts","23","9"
"greek","1265","","διαμενω","Luke","1","22"
"greek","1266","","διαμεριζω","Matthew","27","35"
"greek","1267","","διαμερισμος","Luke","12","51"
"greek","1268","","διανεμω","Acts","4","17"
"greek","1269","","διανευω","Luke","1","22"
"greek","1270","","διανοημα","Luke","11","17"
"greek","1271","","διανοια","Matthew","22","37"
"greek","1272","","διανοιγω","Mark","7","34"
"greek","1273","","διανυκτερευω","Luke","6","12"
"greek","1274","","διανυω","Acts","21","7"
"greek","1276","","διαπεραω","Matthew","9","1"
"greek","1277","","διαπλεω","Acts","27","5"
"greek","1278","","διαπονεομαι","Acts","4","2"
"greek","1279","","διαπορευομαι","Luke","6","1"
"greek","1280","","διαπορεω","Luke","9","7"
"greek","1281","","διαπραγματευομαι","Luke","19","15"
"greek","1282","","διαπριω","Acts","5","33"
"greek","1283","","διαρπαζω","Matthew","12","29"
"greek","1284","","διαρρηγνυμι","Matthew","26","65"
"greek","1285","","διασαφεω","Matthew","13","36"
"greek","1286","","διασειω","Luke","3","14"
"greek","1287","","διασκορπιζω","Matthew","25","24"
"greek","1288","","διασπαω","Mark","5","4"
"greek","1289","","διασπειρω","Acts","8","1"
"greek","1290","","διασπορα","John","7","35"
"greek","1291","","διαστελλω","Mark","5","43"
"greek","1292","","διαστημα","Acts","5","7"
"greek","1293","","διαστολη","Romans","3","22"
"greek","1294","","διαστρεφω","Matthew","17","17"
"greek","1295","","διασωζω","Matthew","14","36"
"greek","1296","","διαταγη","Acts","7","53"
"greek","1297","","διαταγμα","Hebrews","11","23"
"greek","1298","","διαταρασσω","Luke","1","29"
"greek","1299","","διατασσω","Matthew","11","1"
"greek","1300","","διατελεω","Acts","27","33"
"greek","1301","","διατηρεω","Luke","2","51"
"greek","1303","","διατιθημι","Luke","22","29"
"greek","1304","","διατριβω","John","3","22"
"greek","1305","","διατροφη","I_Timothy","6","8"
"greek","1306","","διαυγαζω","II_Peter","1","19"
"greek","1306","","διαυγης","Revelation","21","21"
"greek","1308","","διαφερω","Matthew","6","26"
"greek","1309","","διαφευγω","Acts","27","42"
"greek","1310","","διαφημιζω","Matthew","9","31"
"greek","1311","","διαφθειρω","Luke","12","33"
"greek","1312","","διαφθορα","Acts","2","27"
"greek","1313","","διαφορος","Romans","12","6"
"greek","1314","","διαφυλασσω","Luke","4","10"
"greek","1315","","διαχειριζω","Acts","5","30"
"greek","1316","","διαχωριζω","Luke","9","33"
"greek","1317","","διδακτικος","I_Timothy","3","2"
"greek","1318","","διδακτος","John","6","45"
"greek","1319","","διδασκαλια","Matthew","15","9"
"greek","1320","","διδασκαλος","Matthew","8","19"
"greek","1321","","διδασκω","Matthew","4","23"
"greek","1322","","διδαχη","Matthew","7","28"
"greek","1323","","διδραχμον","Matthew","17","24"
"greek","1324","","διδυμος","John","11","16"
"greek","1325","","διδωμι","Matthew","4","9"
"greek","1326","","διεγειρω","Mark","4","39"
"greek","1327","","διεξοδος","Matthew","22","9"
"greek","1328","","διερμηνευτης","I_Corinthians","14","28"
"greek","1329","","διερμηνευω","Luke","24","27"
"greek","1330","","διερχομαι","Matthew","12","43"
"greek","1331","","διερωταω","Acts","10","17"
"greek","1332","","διετης","Matthew","2","16"
"greek","1333","","διετια","Acts","24","27"
"greek","1334","","διηγεομαι","Mark","5","16"
"greek","1335","","διηγησις","Luke","1","1"
"greek","1336","","διηνεκης","Hebrews","7","3"
"greek","1337","","διθαλασσος","Acts","27","41"
"greek","1338","","διικνεομαι","Hebrews","4","12"
"greek","1339","","διιστημι","Luke","22","59"
"greek","1340","","διισχυριζομαι","Luke","22","59"
"greek","1341","","δικαιοκρισια","Romans","2","5"
"greek","1342","","δικαιος","Matthew","1","19"
"greek","1343","","δικαιοσυνη","Matthew","3","15"
"greek","1344","","δικαιοω","Matthew","11","19"
"greek","1345","","δικαιωμα","Luke","1","6"
"greek","1346","","δικαιως","Luke","23","41"
"greek","1347","","δικαιωσις","Romans","4","25"
"greek","1348","","δικαστης","Acts","7","27"
"greek","1349","","δικη","Acts","28","4"
"greek","1350","","δικτυον","Matthew","4","20"
"greek","1351","","διλογος","I_Timothy","3","8"
"greek","1352","","διο","Matthew","27","8"
"greek","1353","","διοδευω","Luke","8","1"
"greek","1354","","διονυσιος","Acts","17","34"
"greek","1355","","διοπερ","I_Corinthians","8","13"
"greek","1356","","διοπετης","Acts","19","35"
"greek","1357","","διορθωσις","Hebrews","9","10"
"greek","1357","","διορθωμα","Acts","24","2"
"greek","1358","","διορυσσω","Matthew","6","19"
"greek","1359","","διοσκουροι","Acts","28","11"
"greek","1360","","διοτι","Luke","1","13"
"greek","1361","","διοτρεφης","III_John","1","9"
"greek","1362","","διπλους","Matthew","23","15"
"greek","1363","","διπλοω","Revelation","18","6"
"greek","1364","","δις","Mark","14","30"
"greek","1365","","δισταζω","Matthew","14","31"
"greek","1366","","διστομος","Hebrews","4","12"
"greek","1367","","δισχιλιοι","Mark","5","13"
"greek","1368","","διυλιζω","Matthew","23","24"
"greek","1369","","διχαζω","Matthew","10","35"
"greek","1370","","διχοστασια","Romans","16","17"
"greek","1371","","διχοτομεω","Matthew","24","51"
"greek","1372","","διψαω","Matthew","5","6"
"greek","1373","","διψος","II_Corinthians","11","27"
"greek","1374","","διψυχος","James","1","8"
"greek","1375","","διωγμος","Matthew","13","21"
"greek","1376","","διωκτης","I_Timothy","1","13"
"greek","1377","","διωκω","Matthew","5","10"
"greek","1378","","δογμα","Luke","2","1"
"greek","1379","","δογματιζω","Colossians","2","20"
"greek","1380","","δοκεω","Matthew","3","9"
"greek","1381","","δοκιμαζω","Luke","12","56"
"greek","1382","","δοκιμη","Romans","5","4"
"greek","1382","","δοκιμασια","Hebrews","3","9"
"greek","1383","","δοκιμιον","James","1","3"
"greek","1384","","δοκιμος","Romans","14","18"
"greek","1385","","δοκος","Matthew","7","3"
"greek","1386","","δολιος","II_Corinthians","11","13"
"greek","1387","","δολιοω","Romans","3","13"
"greek","1388","","δολος","Matthew","26","4"
"greek","1389","","δολοω","II_Corinthians","4","2"
"greek","1390","","δομα","Matthew","7","11"
"greek","1391","","δοξα","Matthew","4","8"
"greek","1392","","δοξαζω","Matthew","5","16"
"greek","1393","","δορκας","Acts","9","36"
"greek","1394","","δοσις","Philippians","4","15"
"greek","1395","","δοτης","II_Corinthians","9","7"
"greek","1396","","δουλαγωγεω","I_Corinthians","9","27"
"greek","1397","","δουλεια","Romans","8","15"
"greek","1398","","δουλευω","Matthew","6","24"
"greek","1399","","δουλη","Luke","1","38"
"greek","1401","","δουλος","Matthew","8","9"
"greek","1402","","δουλοω","Acts","7","6"
"greek","1403","","δοχη","Luke","5","29"
"greek","1404","","δρακων","Revelation","12","3"
"greek","1405","","δρασσομαι","I_Corinthians","3","19"
"greek","1406","","δραχμη","Luke","15","8"
"greek","1407","","δρεπανον","Mark","4","29"
"greek","1408","","δρομος","Acts","13","25"
"greek","1409","","δρουσιλλα","Acts","24","24"
"greek","1410","","δυναμαι","Matthew","3","9"
"greek","1411","","δυναμις","Matthew","7","22"
"greek","1412","","δυναμοω","Colossians","1","11"
"greek","1413","","δυναστης","Luke","1","52"
"greek","1414","","δυνατεω","Romans","14","4"
"greek","1415","","δυνατος","Matthew","19","26"
"greek","1416","","δυνω","Mark","1","32"
"greek","1417","","δυο","Matthew","4","18"
"greek","1419","","δυσβαστακτος","Luke","11","46"
"greek","1420","","δυσεντεριον","Acts","28","8"
"greek","1421","","δυσερμηνευτος","Hebrews","5","11"
"greek","1422","","δυσκολος","Mark","10","24"
"greek","1423","","δυσκολως","Matthew","19","23"
"greek","1424","","δυσμη","Matthew","8","11"
"greek","1424","","δυσις","Mark","16","99"
"greek","1425","","δυσνοητος","II_Peter","3","16"
"greek","1426","","δυσφημια","II_Corinthians","6","8"
"greek","1426","","δυσφημεω","I_Corinthians","4","13"
"greek","1427","","δωδεκα","Matthew","9","20"
"greek","1428","","δωδεκατος","Revelation","21","20"
"greek","1429","","δωδεκαφυλον","Acts","26","7"
"greek","1430","","δωμα","Matthew","10","27"
"greek","1431","","δωρεα","John","4","10"
"greek","1432","","δωρεαν","Matthew","10","8"
"greek","1433","","δωρεομαι","Mark","15","45"
"greek","1434","","δωρημα","Romans","5","16"
"greek","1435","","δωρον","Matthew","2","11"
"greek","1436","","εα","Luke","4","34"
"greek","1437","","εαν","Matthew","4","9"
"greek","1437","","εανπερ","Hebrews","3","14"
"greek","1438","","εαυτου","Matthew","3","9"
"greek","1439","","εαω","Matthew","24","43"
"greek","1440","","εβδομηκοντα","Luke","10","1"
"greek","1441","","εβδομηκοντακις","Matthew","18","22"
"greek","1442","","εβδομος","John","4","52"
"greek","1443","","εβερ","Luke","3","35"
"greek","1445","","εβραιος","Acts","6","1"
"greek","1446","","εβραις","Acts","21","40"
"greek","1447","","εβραιστι","John","5","2"
"greek","1448","","εγγιζω","Matthew","3","2"
"greek","1449","","εγγραφω","Luke","10","20"
"greek","1450","","εγγυος","Hebrews","7","22"
"greek","1451","","εγγυς","Matthew","24","32"
"greek","1452","","εγγυς","Romans","13","11"
"greek","1453","","εγειρω","Matthew","1","24"
"greek","1454","","εγερσις","Matthew","27","53"
"greek","1455","","εγκαθετος","Luke","20","20"
"greek","1456","","εγκαινια","John","10","22"
"greek","1457","","εγκαινιζω","Hebrews","9","18"
"greek","1458","","εγκαλεω","Acts","19","38"
"greek","1459","","εγκαταλειπω","Matthew","27","46"
"greek","1460","","εγκατοικεω","II_Peter","2","8"
"greek","1461","","εγκεντριζω","Romans","11","17"
"greek","1462","","εγκλημα","Acts","23","29"
"greek","1463","","εγκομβοομαι","I_Peter","5","5"
"greek","1464","","εγκοπη","I_Corinthians","9","12"
"greek","1465","","εγκοπτω","Acts","24","4"
"greek","1466","","εγκρατεια","Acts","24","25"
"greek","1467","","εγκρατευομαι","I_Corinthians","7","9"
"greek","1468","","εγκρατης","Titus","1","8"
"greek","1469","","εγκρινω","II_Corinthians","10","12"
"greek","1470","","εγκρυπτω","Matthew","13","33"
"greek","1471","","εγκυος","Luke","2","5"
"greek","1472","","εγχριω","Revelation","3","18"
"greek","1473","","εγω","Matthew","1","23"
"greek","1474","","εδαφιζω","Luke","19","44"
"greek","1475","","εδαφος","Acts","22","7"
"greek","1476","","εδραιος","I_Corinthians","7","37"
"greek","1477","","εδραιωμα","I_Timothy","3","15"
"greek","1478","","εζεκιας","Matthew","1","9"
"greek","1479","","εθελοθρησκια","Colossians","2","23"
"greek","1480","","εθιζω","Luke","2","27"
"greek","1481","","εθναρχης","II_Corinthians","11","32"
"greek","1482","","εθνικος","Matthew","5","47"
"greek","1483","","εθνικως","Galatians","2","14"
"greek","1484","","εθνος","Matthew","4","15"
"greek","1485","","εθος","Luke","1","9"
"greek","1486","","ειωθα","Matthew","27","15"
"greek","1487","","ει","Matthew","4","3"
"greek","1490","","ει δε μη","Matthew","6","1"
"greek","1491","","ειδος","Luke","3","22"
"greek","1492","","οιδα","Matthew","6","8"
"greek","1493","","ειδωλειον","I_Corinthians","8","10"
"greek","1494","","ειδωλοθυτος","Acts","15","29"
"greek","1494","","ιεροθυτος","I_Corinthians","10","28"
"greek","1495","","ειδωλολατρια","I_Corinthians","10","14"
"greek","1496","","ειδωλολατρης","I_Corinthians","5","10"
"greek","1497","","ειδωλον","Acts","7","41"
"greek","1500","","εικη","Romans","13","4"
"greek","1501","","εικοσιτρεις","I_Corinthians","10","8"
"greek","1501","","εικοσι","Luke","14","31"
"greek","1502","","εικω","Galatians","2","5"
"greek","1503","","εοικα","James","1","6"
"greek","1504","","εικων","Matthew","22","20"
"greek","1505","","ειλικρινεια","I_Corinthians","5","8"
"greek","1506","","ειλικρινης","Philippians","1","10"
"greek","1510","","ειμι","Matthew","1","18"
"greek","1512","","ειπερ","Romans","3","30"
"greek","1514","","ειρηνευω","Mark","9","50"
"greek","1515","","ειρηνη","Matthew","10","13"
"greek","1516","","ειρηνικος","Hebrews","12","11"
"greek","1517","","ειρηνοποιεω","Colossians","1","20"
"greek","1518","","ειρηνοποιος","Matthew","5","9"
"greek","1519","","εις","Matthew","2","1"
"greek","1520","","εις","Matthew","5","18"
"greek","1521","","εισαγω","Luke","2","27"
"greek","1522","","εισακουω","Matthew","6","7"
"greek","1523","","εισδεχομαι","II_Corinthians","6","17"
"greek","1524","","εισειμι","Acts","3","3"
"greek","1525","","εισερχομαι","Matthew","2","21"
"greek","1528","","εισκαλεομαι","Acts","10","23"
"greek","1529","","εισοδος","Acts","13","24"
"greek","1530","","εισπηδαω","Acts","16","29"
"greek","1530","","αναπηδαω","Mark","10","50"
"greek","1530","","εκπαδαω","Acts","14","14"
"greek","1531","","εισπορευομαι","Matthew","15","17"
"greek","1532","","ειστρεχω","Acts","12","14"
"greek","1533","","εισφερω","Matthew","6","13"
"greek","1534","","ειτα","Mark","4","17"
"greek","1535","","ειτε","Romans","12","6"
"greek","1537","","εκ","Matthew","1","3"
"greek","1538","","εκαστος","Matthew","16","27"
"greek","1539","","εκαστοτε","II_Peter","1","15"
"greek","1540","","εκατον","Matthew","13","8"
"greek","1541","","εκατονταετης","Romans","4","19"
"greek","1542","","εκατονταπλασιων","Mark","10","30"
"greek","1543","","εκατονταρχης","Matthew","8","5"
"greek","1544","","εκβαλλω","Matthew","7","4"
"greek","1545","","εκβασις","I_Corinthians","10","13"
"greek","1545","","εκβαινω","Hebrews","11","15"
"greek","1546","","εκβολη","Acts","27","18"
"greek","1549","","εκγονος","I_Timothy","5","4"
"greek","1550","","εκδαπαναω","II_Corinthians","12","15"
"greek","1551","","εκδεχομαι","John","5","3"
"greek","1552","","εκδηλος","II_Timothy","3","9"
"greek","1553","","εκδημεω","II_Corinthians","5","6"
"greek","1554","","εκδιδωμι","Matthew","21","33"
"greek","1555","","εκδιηγεομαι","Acts","13","41"
"greek","1556","","εκδικεω","Luke","18","3"
"greek","1557","","εκδικησις","Luke","18","7"
"greek","1558","","εκδικος","Romans","13","4"
"greek","1559","","εκδιωκω","I_Thessalonians","2","15"
"greek","1560","","εκδοτος","Acts","2","23"
"greek","1561","","εκδοχη","Hebrews","10","27"
"greek","1562","","εκδυω","Matthew","27","28"
"greek","1563","","εκει","Matthew","2","13"
"greek","1564","","εκειθεν","Matthew","4","21"
"greek","1565","","εκεινος","Matthew","3","1"
"greek","1566","","εκεισε","Acts","21","3"
"greek","1567","","εκζητεω","Luke","11","50"
"greek","1568","","εκθαμβεω","Mark","9","15"
"greek","1569","","εκθαμβος","Acts","3","11"
"greek","1570","","εκθετος","Acts","7","19"
"greek","1571","","εκκαθαιρω","I_Corinthians","5","7"
"greek","1572","","εκκαιω","Romans","1","27"
"greek","1573","","εγκακεω","Luke","18","1"
"greek","1574","","εκκεντεω","John","19","37"
"greek","1575","","εκκλαω","Romans","11","17"
"greek","1576","","εκκλειω","Romans","3","27"
"greek","1577","","εκκλησια","Matthew","16","18"
"greek","1578","","εκκλινω","Romans","3","12"
"greek","1579","","εκκολυμβαω","Acts","27","42"
"greek","1580","","εκκομιζω","Luke","7","12"
"greek","1581","","εκκοπτω","Matthew","3","10"
"greek","1582","","εκκρεμαννυμι","Luke","19","48"
"greek","1583","","εκλαλεω","Acts","23","22"
"greek","1584","","εκλαμπω","Matthew","13","43"
"greek","1585","","εκλανθανομαι","Hebrews","12","5"
"greek","1586","","εκλεγω","Mark","13","20"
"greek","1587","","εκλειπω","Luke","16","9"
"greek","1588","","εκλεκτος","Matthew","22","14"
"greek","1589","","εκλογη","Acts","9","15"
"greek","1590","","εκλυω","Matthew","15","32"
"greek","1591","","εκμασσω","Luke","7","38"
"greek","1592","","εκμυκτηριζω","Luke","16","14"
"greek","1593","","εκνευω","John","5","13"
"greek","1594","","εκνηφω","I_Corinthians","15","34"
"greek","1595","","εκουσιος","Philemon","1","14"
"greek","1596","","εκουσιως","Hebrews","10","26"
"greek","1597","","εκπαλαι","II_Peter","2","3"
"greek","1598","","εκπειραζω","Matthew","4","7"
"greek","1599","","εκπεμπω","Acts","13","4"
"greek","1600","","εκπεταννυμι","Romans","10","21"
"greek","1601","","εκπιπτω","Acts","12","7"
"greek","1602","","εκπλεω","Acts","15","39"
"greek","1603","","εκπληροω","Acts","13","33"
"greek","1604","","εκπληρωσις","Acts","21","26"
"greek","1605","","εκπλησσω","Matthew","7","28"
"greek","1606","","εκπνεω","Mark","15","37"
"greek","1607","","εκπορευομαι","Matthew","3","5"
"greek","1608","","εκπορνευω","Jude","1","7"
"greek","1609","","εκπτυω","Galatians","4","14"
"greek","1610","","εκριζοω","Matthew","13","29"
"greek","1611","","εκστασις","Mark","5","42"
"greek","1612","","εκστρεφω","Titus","3","11"
"greek","1613","","εκταρασσω","Acts","16","20"
"greek","1614","","εκτεινω","Matthew","8","3"
"greek","1615","","εκτελεω","Luke","14","29"
"greek","1616","","εκτενεια","Acts","26","7"
"greek","1617","","εκτενης","Luke","22","44"
"greek","1618","","εκτενης","I_Peter","4","8"
"greek","1619","","εκτενως","Acts","12","5"
"greek","1620","","εκτιθημι","Acts","7","21"
"greek","1621","","εκτινασσω","Matthew","10","14"
"greek","1622","","εκτος","Matthew","23","26"
"greek","1623","","εκτος","Matthew","20","5"
"greek","1624","","εκτρεπω","I_Timothy","1","6"
"greek","1625","","εκτρεφω","Ephesians","5","29"
"greek","1626","","εκτρωμα","I_Corinthians","15","8"
"greek","1627","","εκφερω","Mark","8","23"
"greek","1628","","εκφευγω","Luke","21","36"
"greek","1629","","εκφοβεω","II_Corinthians","10","9"
"greek","1630","","εκφοβος","Mark","9","6"
"greek","1631","","εκφυω","Matthew","24","32"
"greek","1632","","εκχεω","Matthew","9","17"
"greek","1633","","εκχωρεω","Luke","21","21"
"greek","1634","","εκψυχω","Acts","5","5"
"greek","1635","","εκων","Romans","8","20"
"greek","1636","","ελαια","Matthew","21","1"
"greek","1637","","ελαιον","Matthew","25","3"
"greek","1638","","ελαιων","Acts","1","12"
"greek","1639","","ελαμιτης","Acts","2","9"
"greek","1640","","ελασσων","John","2","10"
"greek","1641","","ελαττονεω","II_Corinthians","8","15"
"greek","1642","","ελαττοω","John","3","30"
"greek","1643","","ελαυνω","Mark","6","48"
"greek","1644","","ελαφρια","II_Corinthians","1","17"
"greek","1645","","ελαφρος","Matthew","11","30"
"greek","1646","","ελαχιστος","Matthew","2","6"
"greek","1647","","ελαχιστος","Ephesians","3","8"
"greek","1648","","ελεαζαρ","Matthew","1","15"
"greek","1649","","ελεγξις","II_Peter","2","16"
"greek","1650","","ελεγχος","Hebrews","11","1"
"greek","1650","","ελεγμος","II_Timothy","3","16"
"greek","1651","","ελεγχω","Matthew","18","15"
"greek","1652","","ελεεινος","I_Corinthians","15","19"
"greek","1653","","ελεεω","Matthew","5","7"
"greek","1653","","ελεαω","Romans","9","16"
"greek","1654","","ελεημοσυνη","Matthew","6","2"
"greek","1655","","ελεημων","Matthew","5","7"
"greek","1656","","ελεος","Matthew","9","13"
"greek","1657","","ελευθερια","Romans","8","21"
"greek","1658","","ελευθερος","Matthew","17","26"
"greek","1659","","ελευθεροω","John","8","32"
"greek","1660","","ελευσις","Acts","7","52"
"greek","1661","","ελεφαντινος","Revelation","18","12"
"greek","1662","","ελιακιμ","Matthew","1","13"
"greek","1663","","ελιεζερ","Luke","3","29"
"greek","1664","","ελιουδ","Matthew","1","14"
"greek","1665","","ελισαβετ","Luke","1","5"
"greek","1666","","ελισαιος","Luke","4","27"
"greek","1667","","ελισσω","Hebrews","1","12"
"greek","1668","","ελκος","Luke","16","21"
"greek","1669","","ελκοω","Luke","16","20"
"greek","1670","","ελκω","John","6","44"
"greek","1671","","ελλας","Acts","20","2"
"greek","1672","","ελλην","John","7","35"
"greek","1673","","ελληνικος","Revelation","9","11"
"greek","1674","","ελληνις","Mark","7","26"
"greek","1675","","ελληνιστης","Acts","6","1"
"greek","1676","","ελληνιστι","John","19","20"
"greek","1677","","ελλογεω","Romans","5","13"
"greek","1678","","ελμαδαμ","Luke","3","28"
"greek","1679","","ελπιζω","Matthew","12","21"
"greek","1680","","ελπις","Acts","2","26"
"greek","1681","","ελυμας","Acts","13","8"
"greek","1682","","ελωι","Mark","15","34"
"greek","1683","","εμαυτου","Matthew","8","9"
"greek","1684","","εμβαινω","Matthew","8","23"
"greek","1685","","εμβαλλω","Luke","12","5"
"greek","1686","","εμβαπτω","Matthew","26","23"
"greek","1687","","εμβατευω","Colossians","2","18"
"greek","1688","","εμβιβαζω","Acts","27","6"
"greek","1689","","εμβλεπω","Matthew","6","26"
"greek","1690","","εμβριμαομαι","Matthew","9","30"
"greek","1692","","εμεω","Revelation","3","16"
"greek","1693","","εμμαινομαι","Acts","26","11"
"greek","1694","","εμμανουηλ","Matthew","1","23"
"greek","1695","","εμμαους","Luke","24","13"
"greek","1696","","εμμενω","Acts","14","22"
"greek","1697","","εμμωρ","Acts","7","16"
"greek","1699","","εμος","Matthew","18","20"
"greek","1701","","εμπαιγμος","Hebrews","11","36"
"greek","1701","","εμπαιγμονη","II_Peter","3","3"
"greek","1702","","εμπαιζω","Matthew","2","16"
"greek","1703","","εμπαικτης","II_Peter","3","3"
"greek","1704","","εμπεριπατεω","II_Corinthians","6","16"
"greek","1705","","εμπιπλημι","Luke","1","53"
"greek","1706","","εμπιπτω","Matthew","12","11"
"greek","1707","","εμπλεκω","II_Timothy","2","4"
"greek","1708","","εμπλοκη","I_Peter","3","3"
"greek","1709","","εμπνεω","Acts","9","1"
"greek","1710","","εμπορευομαι","James","4","13"
"greek","1711","","εμπορια","Matthew","22","5"
"greek","1712","","εμποριον","John","2","16"
"greek","1713","","εμπορος","Matthew","13","45"
"greek","1714","","εμπιπρημι","Matthew","22","7"
"greek","1715","","εμπροσθεν","Matthew","5","16"
"greek","1716","","εμπτυω","Matthew","26","67"
"greek","1717","","εμφανης","Acts","10","40"
"greek","1718","","εμφανιζω","Matthew","27","53"
"greek","1719","","εμφοβος","Luke","24","5"
"greek","1720","","εμφυσαω","John","20","22"
"greek","1721","","εμφυτος","James","1","21"
"greek","1722","","εν","Matthew","1","18"
"greek","1723","","εναγκαλιζομαι","Mark","9","36"
"greek","1724","","εναλιος","James","3","7"
"greek","1725","","εναντι","Luke","1","8"
"greek","1726","","εναντιον","Luke","1","6"
"greek","1727","","εναντιος","Matthew","14","24"
"greek","1728","","εναρχομαι","Galatians","3","3"
"greek","1729","","ενδεης","Acts","4","34"
"greek","1730","","ενδειγμα","II_Thessalonians","1","5"
"greek","1731","","ενδεικνυμι","Romans","2","15"
"greek","1732","","ενδειξις","Romans","3","25"
"greek","1733","","ενδεκα","Matthew","28","16"
"greek","1734","","ενδεκατος","Matthew","20","6"
"greek","1735","","ενδεχομαι","Luke","13","33"
"greek","1736","","ενδημεω","II_Corinthians","5","6"
"greek","1737","","ενδιδυσκω","Mark","15","17"
"greek","1738","","ενδικος","Romans","3","8"
"greek","1739","","ενδωμησις","Revelation","21","18"
"greek","1740","","ενδοξαζομαι","II_Thessalonians","1","10"
"greek","1741","","ενδοξος","Luke","7","25"
"greek","1742","","ενδυμα","Matthew","3","4"
"greek","1743","","ενδυναμοω","Acts","9","22"
"greek","1744","","ενδυνω","II_Timothy","3","6"
"greek","1745","","ενδυσις","I_Peter","3","3"
"greek","1746","","ενδυω","Matthew","6","25"
"greek","1747","","ενεδρα","Acts","23","16"
"greek","1748","","ενεδρευω","Luke","11","54"
"greek","1750","","ενειλεω","Mark","15","46"
"greek","1751","","ενειμι","Luke","11","41"
"greek","1752","","ενεκα","Matthew","5","10"
"greek","1753","","ενεργεια","Ephesians","1","19"
"greek","1754","","ενεργεω","Matthew","14","2"
"greek","1755","","ενεργημα","I_Corinthians","12","6"
"greek","1756","","ενεργης","I_Corinthians","16","9"
"greek","1757","","ενευλογεω","Acts","3","25"
"greek","1758","","ενεχω","Mark","6","19"
"greek","1759","","ενθαδε","Luke","24","41"
"greek","1759","","ενθεν","Matthew","17","20"
"greek","1760","","ενθυμεομαι","Matthew","1","20"
"greek","1760","","διενθυμεομαι","Acts","10","19"
"greek","1761","","ενθυμησις","Matthew","9","4"
"greek","1762","","ενι","I_Corinthians","6","5"
"greek","1763","","ενιαυτος","Luke","4","19"
"greek","1764","","ενιστημι","Romans","8","38"
"greek","1765","","ενισχυω","Luke","22","43"
"greek","1766","","ενατος","Matthew","20","5"
"greek","1767","","εννεα","Matthew","18","12"
"greek","1768","","ενενηκοντα","Matthew","18","12"
"greek","1769","","ενεος","Acts","9","7"
"greek","1770","","εννευω","Luke","1","62"
"greek","1771","","εννοια","Hebrews","4","12"
"greek","1772","","εννομος","Acts","19","39"
"greek","1773","","εννυχος","Mark","1","35"
"greek","1774","","ενοικεω","Romans","7","17"
"greek","1775","","ενοτης","Ephesians","4","3"
"greek","1776","","ενοχλεω","Luke","6","18"
"greek","1777","","ενοχος","Matthew","5","21"
"greek","1778","","ενταλμα","Matthew","15","9"
"greek","1779","","ενταφιαζω","Matthew","26","12"
"greek","1780","","ενταφιασμος","Mark","14","8"
"greek","1781","","εντελλομαι","Matthew","4","6"
"greek","1782","","εντευθεν","Luke","4","9"
"greek","1783","","εντευξις","I_Timothy","2","1"
"greek","1784","","εντιμος","Luke","7","2"
"greek","1785","","εντολη","Matthew","5","19"
"greek","1786","","εντοπιος","Acts","21","12"
"greek","1787","","εντος","Matthew","23","26"
"greek","1788","","εντρεπω","Matthew","21","37"
"greek","1789","","εντρεφω","I_Timothy","4","6"
"greek","1790","","εντρομος","Acts","7","32"
"greek","1791","","εντροπη","I_Corinthians","6","5"
"greek","1792","","εντρυφαω","II_Peter","2","13"
"greek","1793","","εντυγχανω","Acts","25","24"
"greek","1794","","εντυλισσω","Matthew","27","59"
"greek","1795","","εντυποω","II_Corinthians","3","7"
"greek","1796","","ενυβριζω","Hebrews","10","29"
"greek","1797","","ενυπνιαζομαι","Acts","2","17"
"greek","1798","","ενυπνιον","Acts","2","17"
"greek","1799","","ενωπιον","Luke","1","15"
"greek","1800","","ενως","Luke","3","38"
"greek","1801","","ενωτιζομαι","Acts","2","14"
"greek","1802","","ενωχ","Luke","3","37"
"greek","1803","","εξ","Matthew","17","1"
"greek","1804","","εξαγγελλω","Mark","16","99"
"greek","1805","","εξαγοραζω","Galatians","3","13"
"greek","1806","","εξαγω","Mark","15","20"
"greek","1807","","εξαιρεω","Matthew","5","29"
"greek","1808","","εξαιρω","I_Corinthians","5","13"
"greek","1809","","εξαιτεω","Luke","22","31"
"greek","1810","","εξαιφνης","Mark","13","36"
"greek","1811","","εξακολουθεω","II_Peter","1","16"
"greek","1812","","εξακοσιοι","Revelation","13","18"
"greek","1813","","εξαλειφω","Acts","3","19"
"greek","1814","","εξαλλομαι","Acts","3","8"
"greek","1815","","εξαναστασις","Philippians","3","11"
"greek","1816","","εξανατελλω","Matthew","13","5"
"greek","1817","","εξανιστημι","Mark","12","19"
"greek","1818","","εξαπαταω","Romans","7","11"
"greek","1819","","εξαπινα","Mark","9","8"
"greek","1820","","εξαπορεομαι","II_Corinthians","1","8"
"greek","1821","","εξαποστελλω","Mark","16","99"
"greek","1822","","εξαρτιζω","Acts","21","5"
"greek","1823","","εξαστραπτω","Luke","9","29"
"greek","1824","","εξαυτης","Mark","6","25"
"greek","1825","","εξεγειρω","Romans","9","17"
"greek","1826","","εξειμι","Acts","13","42"
"greek","1828","","εξελκω","James","1","14"
"greek","1829","","εξεραμα","II_Peter","2","22"
"greek","1830","","εξεραυναω","I_Peter","1","10"
"greek","1831","","εξερχομαι","Matthew","2","6"
"greek","1832","","εξεστιν","Matthew","12","2"
"greek","1833","","εξεταζω","Matthew","2","8"
"greek","1834","","εξηγεομαι","Luke","24","35"
"greek","1835","","εξηκοντα","Matthew","13","8"
"greek","1836","","εξης","Luke","7","11"
"greek","1837","","εξηχεω","I_Thessalonians","1","8"
"greek","1838","","εξις","Hebrews","5","14"
"greek","1839","","εξιστημι","Matthew","12","23"
"greek","1840","","εξισχυω","Ephesians","3","18"
"greek","1841","","εξοδος","Luke","9","31"
"greek","1842","","εξολεθρευω","Acts","3","23"
"greek","1843","","εξομολογεω","Matthew","3","6"
"greek","1844","","εξορκιζω","Matthew","26","63"
"greek","1845","","εξορκιστης","Acts","19","13"
"greek","1846","","εξορυσσω","Mark","2","4"
"greek","1847","","εξουδενεω","Mark","9","12"
"greek","1848","","εξουθενεω","Luke","18","9"
"greek","1849","","εξουσια","Matthew","7","29"
"greek","1850","","εξουσιαζω","Luke","22","25"
"greek","1851","","εξοχη","Acts","25","23"
"greek","1852","","εξυπνιζω","John","11","11"
"greek","1853","","εξυπνος","Acts","16","27"
"greek","1854","","εξω","Matthew","5","13"
"greek","1855","","εξωθεν","Matthew","23","25"
"greek","1856","","εξωθεω","Acts","7","45"
"greek","1857","","εξωτερος","Matthew","8","12"
"greek","1858","","εορταζω","I_Corinthians","5","8"
"greek","1859","","εορτη","Matthew","26","5"
"greek","1860","","επαγγελια","Luke","24","49"
"greek","1861","","επαγγελλομαι","Mark","14","11"
"greek","1862","","επαγγελμα","II_Peter","1","4"
"greek","1863","","επαγω","Acts","5","28"
"greek","1864","","επαγωνιζομαι","Jude","1","3"
"greek","1865","","επαθροιζω","Luke","11","29"
"greek","1866","","επαινετος","Romans","16","5"
"greek","1867","","επαινεω","Luke","16","8"
"greek","1868","","επαινος","Romans","2","29"
"greek","1869","","επαιρω","Matthew","17","8"
"greek","1870","","επαισχυνομαι","Mark","8","38"
"greek","1871","","επαιτεω","Luke","16","3"
"greek","1872","","επακολουθεω","Mark","16","20"
"greek","1873","","επακουω","II_Corinthians","6","2"
"greek","1874","","επακροαομαι","Acts","16","25"
"greek","1875","","επαν","Matthew","2","8"
"greek","1876","","επαναγκες","Acts","15","28"
"greek","1877","","επαναγω","Matthew","21","18"
"greek","1878","","επαναμιμνησκω","Romans","15","15"
"greek","1879","","επαναπαυομαι","Luke","10","6"
"greek","1880","","επανερχομαι","Luke","10","35"
"greek","1881","","επανιστημι","Matthew","10","21"
"greek","1882","","επανορθωσις","II_Timothy","3","16"
"greek","1883","","επανω","Matthew","2","9"
"greek","1884","","επαρκεω","I_Timothy","5","10"
"greek","1885","","επαρχεια","Acts","23","34"
"greek","1885","","επαρχειος","Acts","25","1"
"greek","1886","","επαυλις","Acts","1","20"
"greek","1887","","επαυριον","Matthew","27","62"
"greek","1888","","επαυτοφωρω","John","8","4"
"greek","1889","","επαφρας","Colossians","1","7"
"greek","1890","","επαφριζω","Jude","1","13"
"greek","1891","","επαφροδιτος","Philippians","2","25"
"greek","1892","","επεγειρω","Acts","13","50"
"greek","1893","","επει","Matthew","18","32"
"greek","1894","","επειδη","Luke","7","1"
"greek","1895","","επειδηπερ","Luke","1","1"
"greek","1896","","επειδον","Luke","1","25"
"greek","1898","","επεισαγωγη","Hebrews","7","19"
"greek","1899","","επειτα","Luke","16","7"
"greek","1900","","επεκεινα","Acts","7","43"
"greek","1901","","επεκτεινομαι","Philippians","3","13"
"greek","1902","","επενδυω","II_Corinthians","5","2"
"greek","1903","","επενδυτης","John","21","7"
"greek","1904","","επερχομαι","Luke","1","35"
"greek","1904","","επεισελευσεται","Luke","21","35"
"greek","1905","","επερωταω","Matthew","12","10"
"greek","1906","","επερωτημα","I_Peter","3","21"
"greek","1907","","επεχω","Luke","14","7"
"greek","1908","","επηρεαζω","Luke","6","28"
"greek","1909","","επι","Matthew","1","11"
"greek","1910","","επιβαινω","Matthew","21","5"
"greek","1911","","επιβαλλω","Matthew","9","16"
"greek","1912","","επιβαρεω","II_Corinthians","2","5"
"greek","1913","","επιβιβαζω","Luke","10","34"
"greek","1914","","επιβλεπω","Luke","1","48"
"greek","1915","","επιβλημα","Matthew","9","16"
"greek","1917","","επιβουλη","Acts","9","24"
"greek","1918","","επιγαμβρευω","Matthew","22","24"
"greek","1919","","επιγειος","John","3","12"
"greek","1920","","επιγινομαι","Acts","28","13"
"greek","1921","","επιγινωσκω","Matthew","7","16"
"greek","1922","","επιγνωσις","Romans","1","28"
"greek","1923","","επιγραφη","Matthew","22","20"
"greek","1924","","επιγραφω","Mark","15","26"
"greek","1925","","επιδεικνυμι","Matthew","16","1"
"greek","1926","","επιδεχομαι","III_John","1","9"
"greek","1927","","επιδημεω","Acts","2","10"
"greek","1928","","επιδιατασσομαι","Galatians","3","15"
"greek","1929","","επιδιδωμι","Matthew","7","9"
"greek","1930","","επιδιορθοω","Titus","1","5"
"greek","1931","","επιδυω","Ephesians","4","26"
"greek","1932","","επιεικεια","Acts","24","4"
"greek","1933","","επιεικης","Philippians","4","5"
"greek","1934","","επιζητεω","Matthew","6","32"
"greek","1935","","επιθανατιος","I_Corinthians","4","9"
"greek","1936","","επιθεσις","Acts","8","18"
"greek","1937","","επιθυμεω","Matthew","5","28"
"greek","1938","","επιθυμητης","I_Corinthians","10","6"
"greek","1939","","επιθυμια","Mark","4","19"
"greek","1940","","επικαθιζω","Matthew","21","7"
"greek","1941","","επικαλεω","Matthew","10","25"
"greek","1942","","επικαλυμμα","I_Peter","2","16"
"greek","1943","","επικαλυπτω","Romans","4","7"
"greek","1944","","επικαταρατος","Galatians","3","10"
"greek","1944","","επαρατος","John","7","49"
"greek","1945","","επικειμαι","Luke","5","1"
"greek","1946","","επικουρειος","Acts","17","18"
"greek","1947","","επικουρια","Acts","26","22"
"greek","1948","","επικρινω","Luke","23","24"
"greek","1949","","επιλαμβανομαι","Matthew","14","31"
"greek","1950","","επιλανθανομαι","Matthew","16","5"
"greek","1951","","επιλεγω","John","5","2"
"greek","1952","","επιλειπω","Hebrews","11","32"
"greek","1953","","επιλησμονη","James","1","25"
"greek","1954","","επιλοιπος","I_Peter","4","2"
"greek","1955","","επιλυσις","II_Peter","1","20"
"greek","1956","","επιλυω","Mark","4","34"
"greek","1957","","επιμαρτυρεω","I_Peter","5","12"
"greek","1958","","επιμελεια","Acts","27","3"
"greek","1959","","επιμελεομαι","Luke","10","34"
"greek","1960","","επιμελως","Luke","15","8"
"greek","1961","","επιμενω","John","8","7"
"greek","1962","","επινευω","Acts","18","20"
"greek","1963","","επινοια","Acts","8","22"
"greek","1964","","επιορκεω","Matthew","5","33"
"greek","1965","","επιορκος","I_Timothy","1","10"
"greek","1966","","επειμι","Acts","7","26"
"greek","1967","","επιουσιος","Matthew","6","11"
"greek","1968","","επιπιπτω","Mark","3","10"
"greek","1969","","επιπλησσω","I_Timothy","5","1"
"greek","1971","","επιποθεω","Romans","1","11"
"greek","1972","","επιποθησις","II_Corinthians","7","7"
"greek","1973","","επιποθητος","Philippians","4","1"
"greek","1974","","επιποθια","Romans","15","23"
"greek","1975","","επιπορευομαι","Luke","8","4"
"greek","1976","","επιραπτω","Mark","2","21"
"greek","1977","","επιριπτω","Luke","19","35"
"greek","1978","","επισημος","Matthew","27","16"
"greek","1979","","επισιτισμος","Luke","9","12"
"greek","1980","","επισκεπτομαι","Matthew","25","36"
"greek","1981","","επισκηνοω","II_Corinthians","12","9"
"greek","1982","","επισκιαζω","Matthew","17","5"
"greek","1983","","επισκοπεω","Hebrews","12","15"
"greek","1984","","επισκοπη","Luke","19","44"
"greek","1985","","επισκοπος","Acts","20","28"
"greek","1986","","επισπαομαι","I_Corinthians","7","18"
"greek","1987","","επισταμαι","Mark","14","68"
"greek","1988","","επιστατης","Luke","5","5"
"greek","1989","","επιστελλω","Acts","15","20"
"greek","1990","","επιστημων","James","3","13"
"greek","1991","","επιστηριζω","Acts","14","22"
"greek","1992","","επιστολη","Acts","9","2"
"greek","1993","","επιστομιζω","Titus","1","11"
"greek","1994","","επιστρεφω","Matthew","10","13"
"greek","1995","","επιστροφη","Acts","15","3"
"greek","1996","","επισυναγω","Matthew","23","37"
"greek","1997","","επισυναγωγη","II_Thessalonians","2","1"
"greek","1998","","επισυντρεχω","Mark","9","25"
"greek","1999","","επιστασις","Acts","24","12"
"greek","2000","","επισφαλης","Acts","27","9"
"greek","2001","","επισχυω","Luke","23","5"
"greek","2002","","επισωρευω","II_Timothy","4","3"
"greek","2003","","επιταγη","Romans","16","26"
"greek","2004","","επιτασσω","Mark","1","27"
"greek","2005","","επιτελεω","Romans","15","28"
"greek","2006","","επιτηδειος","James","2","16"
"greek","2007","","επιτιθημι","Matthew","9","18"
"greek","2008","","επιτιμαω","Matthew","8","26"
"greek","2009","","επιτιμια","II_Corinthians","2","6"
"greek","2010","","επιτρεπω","Matthew","8","21"
"greek","2011","","επιτροπη","Acts","26","12"
"greek","2012","","επιτροπος","Matthew","20","8"
"greek","2013","","επιτυγχανω","Romans","11","7"
"greek","2014","","επιφαινω","Luke","1","79"
"greek","2015","","επιφανεια","II_Thessalonians","2","8"
"greek","2016","","επιφανης","Acts","2","20"
"greek","2017","","επιφαυσκω","Ephesians","5","14"
"greek","2018","","επιφερω","Romans","3","5"
"greek","2019","","επιφωνεω","Luke","23","21"
"greek","2020","","επιφωσκω","Matthew","28","1"
"greek","2021","","επιχειρεω","Luke","1","1"
"greek","2022","","επιχεω","Luke","10","34"
"greek","2023","","επιχορηγεω","II_Corinthians","9","10"
"greek","2024","","επιχορηγια","Ephesians","4","16"
"greek","2025","","επιχριω","John","9","11"
"greek","2026","","εποικοδομεω","I_Corinthians","3","10"
"greek","2027","","επικελλω","Acts","27","41"
"greek","2028","","επονομαζω","Romans","2","17"
"greek","2029","","εποπτευω","I_Peter","2","12"
"greek","2030","","εποπτης","II_Peter","1","16"
"greek","2031","","επος","Hebrews","7","9"
"greek","2032","","επουρανιος","John","3","12"
"greek","2033","","επτα","Matthew","12","45"
"greek","2034","","επτακις","Matthew","18","21"
"greek","2035","","επτακισχιλιοι","Romans","11","4"
"greek","2037","","εραστος","Acts","19","22"
"greek","2038","","εργαζομαι","Matthew","7","23"
"greek","2039","","εργασια","Luke","12","58"
"greek","2040","","εργατης","Matthew","9","37"
"greek","2041","","εργον","Matthew","5","16"
"greek","2042","","ερεθιζω","II_Corinthians","9","2"
"greek","2043","","ερειδω","Acts","27","41"
"greek","2044","","ερευγομαι","Matthew","13","35"
"greek","2045","","εραυναω","John","5","39"
"greek","2046","","ειπον","Matthew","1","22"
"greek","2047","","ερημια","Matthew","15","33"
"greek","2048","","ερημος","Matthew","3","1"
"greek","2049","","ερημοω","Matthew","12","25"
"greek","2050","","ερημωσις","Matthew","24","15"
"greek","2051","","εριζω","Matthew","12","19"
"greek","2052","","εριθεια","Romans","2","8"
"greek","2053","","εριον","Hebrews","9","19"
"greek","2054","","ερις","Romans","1","29"
"greek","2055","","εριφιον","Matthew","25","33"
"greek","2056","","εριφος","Matthew","25","32"
"greek","2057","","ερμας","Romans","16","14"
"greek","2058","","ερμηνεια","I_Corinthians","12","10"
"greek","2059","","ερμηνευω","John","1","42"
"greek","2060","","ερμης","Acts","14","12"
"greek","2061","","ερμογενης","II_Timothy","1","15"
"greek","2062","","ερπετον","Acts","10","12"
"greek","2063","","ερυθρος","Acts","7","36"
"greek","2064","","ερχομαι","Matthew","2","2"
"greek","2065","","ερωταω","Matthew","15","23"
"greek","2066","","εσθης","Luke","23","11"
"greek","2068","","εσθιω","Matthew","9","11"
"greek","2069","","εσλι","Luke","3","25"
"greek","2072","","εσοπτρον","I_Corinthians","13","12"
"greek","2073","","εσπερα","Luke","24","29"
"greek","2074","","εσρωμ","Matthew","1","3"
"greek","2078","","εσχατος","Matthew","5","26"
"greek","2079","","εσχατως","Mark","5","23"
"greek","2080","","εσω","Matthew","26","58"
"greek","2081","","εσωθεν","Matthew","7","15"
"greek","2082","","εσωτερος","Acts","16","24"
"greek","2083","","εταιρος","Matthew","20","13"
"greek","2084","","ετερογλωσσος","I_Corinthians","14","21"
"greek","2085","","ετεροδιδασκαλεω","I_Timothy","1","3"
"greek","2086","","ετεροζυγεω","II_Corinthians","6","14"
"greek","2087","","ετερος","Matthew","6","24"
"greek","2088","","ετερως","Philippians","3","15"
"greek","2089","","ετι","Matthew","5","13"
"greek","2090","","ετοιμαζω","Matthew","3","3"
"greek","2091","","ετοιμασια","Ephesians","6","15"
"greek","2092","","ετοιμος","Matthew","22","4"
"greek","2093","","ετοιμως","Acts","21","13"
"greek","2094","","ετος","Matthew","9","20"
"greek","2095","","ευ","Matthew","25","21"
"greek","2095","","ευγε","Luke","19","17"
"greek","2096","","ευα","II_Corinthians","11","3"
"greek","2097","","ευαγγελιζω","Matthew","11","5"
"greek","2098","","ευαγγελιον","Matthew","4","23"
"greek","2099","","ευαγγελιστης","Acts","21","8"
"greek","2100","","ευαρεστεω","Hebrews","11","5"
"greek","2101","","ευαρεστος","Romans","12","1"
"greek","2102","","ευαρεστως","Hebrews","12","28"
"greek","2103","","ευβουλος","II_Timothy","4","21"
"greek","2104","","ευγενης","Luke","19","12"
"greek","2105","","ευδια","Matthew","16","2"
"greek","2106","","ευδοκεω","Matthew","3","17"
"greek","2107","","ευδοκια","Matthew","11","26"
"greek","2108","","ευεργεσια","Acts","4","9"
"greek","2109","","ευεργετεω","Acts","10","38"
"greek","2110","","ευεργετης","Luke","22","25"
"greek","2111","","ευθετος","Luke","9","62"
"greek","2112","","ευθεως","Matthew","3","16"
"greek","2113","","ευθυδρομεω","Acts","16","11"
"greek","2114","","ευθυμεω","Acts","27","22"
"greek","2115","","ευθυμος","Acts","27","36"
"greek","2115","","ευθυμως","Acts","24","10"
"greek","2116","","ευθυνω","John","1","23"
"greek","2117","","ευθυς","Matthew","3","3"
"greek","2118","","ευθυτης","Hebrews","1","8"
"greek","2119","","ευκαιρεω","Mark","6","31"
"greek","2120","","ευκαιρια","Matthew","26","16"
"greek","2121","","ευκαιρος","Mark","6","21"
"greek","2122","","ευκαιρως","Mark","14","11"
"greek","2123","","ευκοπος","Matthew","9","5"
"greek","2124","","ευλαβεια","Hebrews","5","7"
"greek","2125","","ευλαβεομαι","Hebrews","11","7"
"greek","2126","","ευλαβης","Luke","2","25"
"greek","2127","","ευλογεω","Matthew","14","19"
"greek","2127","","κατευλογεω","Mark","10","16"
"greek","2128","","ευλογητος","Mark","14","61"
"greek","2129","","ευλογια","Romans","15","29"
"greek","2130","","ευμεταδοτος","I_Timothy","6","18"
"greek","2131","","ευνικη","II_Timothy","1","5"
"greek","2132","","ευνοεω","Matthew","5","25"
"greek","2133","","ευνοια","Ephesians","6","7"
"greek","2134","","ευνουχιζω","Matthew","19","12"
"greek","2135","","ευνουχος","Matthew","19","12"
"greek","2136","","ευοδια","Philippians","4","2"
"greek","2137","","ευοδοω","Romans","1","10"
"greek","2138","","ευπειθης","James","3","17"
"greek","2139","","ευπεριστατος","Hebrews","12","1"
"greek","2140","","ευποιια","Hebrews","13","16"
"greek","2141","","ευπορεω","Acts","11","29"
"greek","2142","","ευπορια","Acts","19","25"
"greek","2143","","ευπρεπεια","James","1","11"
"greek","2144","","ευπροσδεκτος","Romans","15","16"
"greek","2145","","ευπαρεδρος","I_Corinthians","7","35"
"greek","2146","","ευπροσωπεω","Galatians","6","12"
"greek","2147","","ευρισκω","Matthew","1","18"
"greek","2148","","ευρακυλων","Acts","27","14"
"greek","2149","","ευρυχωρος","Matthew","7","13"
"greek","2150","","ευσεβεια","Acts","3","12"
"greek","2151","","ευσεβεω","Acts","17","23"
"greek","2152","","ευσεβης","Acts","10","2"
"greek","2153","","ευσεβως","II_Timothy","3","12"
"greek","2154","","ευσημος","I_Corinthians","14","9"
"greek","2155","","ευσπλαγχνος","Ephesians","4","32"
"greek","2156","","ευσχημονως","Romans","13","13"
"greek","2157","","ευσχημοσυνη","I_Corinthians","12","23"
"greek","2158","","ευσχημων","Mark","15","43"
"greek","2159","","ευτονως","Luke","23","10"
"greek","2160","","ευτραπελια","Ephesians","5","4"
"greek","2161","","ευτυχος","Acts","20","9"
"greek","2162","","ευφημια","II_Corinthians","6","8"
"greek","2163","","ευφημος","Philippians","4","8"
"greek","2164","","ευφορεω","Luke","12","16"
"greek","2165","","ευφραινω","Luke","12","19"
"greek","2166","","ευφρατης","Revelation","9","14"
"greek","2167","","ευφροσυνη","Acts","2","28"
"greek","2168","","ευχαριστεω","Matthew","15","36"
"greek","2169","","ευχαριστια","Acts","24","3"
"greek","2170","","ευχαριστος","Colossians","3","15"
"greek","2171","","ευχη","Acts","18","18"
"greek","2172","","ευχομαι","Acts","26","29"
"greek","2173","","ευχρηστος","II_Timothy","2","21"
"greek","2174","","ευψυχεω","Philippians","2","19"
"greek","2175","","ευωδια","II_Corinthians","2","15"
"greek","2176","","ευωνυμος","Matthew","20","21"
"greek","2177","","εφαλλομαι","Acts","19","16"
"greek","2178","","εφαπαξ","Romans","6","10"
"greek","2180","","εφεσιος","Acts","19","28"
"greek","2181","","εφεσος","Acts","18","19"
"greek","2182","","εφευρετης","Romans","1","30"
"greek","2183","","εφημερια","Luke","1","5"
"greek","2184","","εφημερος","James","2","15"
"greek","2185","","εφικνεομαι","II_Corinthians","10","13"
"greek","2186","","εφιστημι","Luke","2","9"
"greek","2187","","εφραιμ","John","11","54"
"greek","2188","","εφφαθα","Mark","7","34"
"greek","2189","","εχθρα","Luke","23","12"
"greek","2190","","εχθρος","Matthew","5","43"
"greek","2191","","εχιδνα","Matthew","3","7"
"greek","2192","","εχω","Matthew","1","18"
"greek","2193","","εως","Matthew","1","17"
"greek","2194","","ζαβουλων","Matthew","4","13"
"greek","2195","","ζακχαιος","Luke","19","2"
"greek","2196","","ζαρα","Matthew","1","3"
"greek","2197","","ζαχαριας","Matthew","23","35"
"greek","2198","","ζαω","Matthew","4","4"
"greek","2199","","ζεβεδαιος","Matthew","4","21"
"greek","2200","","ζεστος","Revelation","3","15"
"greek","2201","","ζευγος","Luke","2","24"
"greek","2202","","ζευκτηρια","Acts","27","40"
"greek","2203","","ζευς","Acts","14","12"
"greek","2204","","ζεω","Acts","18","25"
"greek","2205","","ζηλος","John","2","17"
"greek","2206","","ζηλοω","Acts","7","9"
"greek","2206","","ζηλευω","Revelation","3","19"
"greek","2207","","ζηλωτης","Luke","6","15"
"greek","2209","","ζημια","Acts","27","10"
"greek","2210","","ζημιοω","Matthew","16","26"
"greek","2211","","ζηνας","Titus","3","13"
"greek","2212","","ζητεω","Matthew","2","13"
"greek","2213","","ζητημα","Acts","15","2"
"greek","2214","","ζητησις","John","3","25"
"greek","2214","","εκζητησις","I_Timothy","1","4"
"greek","2215","","ζιζανιον","Matthew","13","25"
"greek","2216","","ζοροβαβελ","Matthew","1","12"
"greek","2217","","ζοφος","Hebrews","12","18"
"greek","2218","","ζυγος","Matthew","11","29"
"greek","2219","","ζυμη","Matthew","13","33"
"greek","2220","","ζυμοω","Matthew","13","33"
"greek","2221","","ζωγρεω","Luke","5","10"
"greek","2222","","ζωη","Matthew","7","14"
"greek","2223","","ζωνη","Matthew","3","4"
"greek","2224","","ζωννυω","John","21","18"
"greek","2225","","ζωογονεω","Luke","17","33"
"greek","2226","","ζωον","Hebrews","13","11"
"greek","2227","","ζωοποιεω","John","5","21"
"greek","2228","","η","Matthew","1","18"
"greek","2230","","ηγεμονευω","Luke","2","2"
"greek","2231","","ηγεμονια","Luke","3","1"
"greek","2232","","ηγεμων","Matthew","2","6"
"greek","2233","","ηγεομαι","Matthew","2","6"
"greek","2234","","ηδεως","Mark","6","20"
"greek","2235","","ηδη","Matthew","3","10"
"greek","2236","","ηδεως","II_Corinthians","12","9"
"greek","2237","","ηδονη","Luke","8","14"
"greek","2238","","ηδυοσμον","Matthew","23","23"
"greek","2239","","ηθος","I_Corinthians","15","33"
"greek","2240","","ηκω","Matthew","8","11"
"greek","2242","","ηλι","Matthew","27","46"
"greek","2243","","ηλιας","Matthew","11","14"
"greek","2244","","ηλικια","Matthew","6","27"
"greek","2245","","ηλικος","Colossians","2","1"
"greek","2246","","ηλιος","Matthew","5","45"
"greek","2247","","ηλος","John","20","25"
"greek","2250","","ημερα","Matthew","2","1"
"greek","2251","","ημετερος","Luke","16","12"
"greek","2253","","ημιθανης","Luke","10","30"
"greek","2255","","ημισυς","Mark","6","23"
"greek","2256","","ημιωρον","Revelation","8","1"
"greek","2259","","ηνικα","II_Corinthians","3","15"
"greek","2260","","ηπερ","John","12","43"
"greek","2261","","ηπιος","I_Thessalonians","2","7"
"greek","2262","","ηρ","Luke","3","28"
"greek","2263","","ηρεμος","I_Timothy","2","2"
"greek","2264","","ηρωδης","Matthew","2","1"
"greek","2265","","ηρωδιανοι","Matthew","22","16"
"greek","2266","","ηρωδιας","Matthew","14","3"
"greek","2267","","ηρωδιων","Romans","16","11"
"greek","2268","","ησαιας","Matthew","3","3"
"greek","2269","","ησαυ","Romans","9","13"
"greek","2270","","ησυχαζω","Luke","14","4"
"greek","2271","","ησυχια","Acts","22","2"
"greek","2272","","ησυχιος","I_Timothy","2","2"
"greek","2273","","ητοι","Romans","6","16"
"greek","2274","","ησσαομαι","II_Corinthians","12","13"
"greek","2275","","ηττημα","Romans","11","12"
"greek","2276","","ησσων","I_Corinthians","11","17"
"greek","2278","","ηχεω","I_Corinthians","13","1"
"greek","2279","","ηχος","Luke","4","37"
"greek","2279","","ηχος","Luke","21","25"
"greek","2280","","θαδδαιος","Matthew","10","3"
"greek","2281","","θαλασσα","Matthew","4","15"
"greek","2282","","θαλπω","Ephesians","5","29"
"greek","2283","","θαμαρ","Matthew","1","3"
"greek","2284","","θαμβεω","Mark","1","27"
"greek","2285","","θαμβος","Luke","4","36"
"greek","2286","","θανασιμος","Mark","16","18"
"greek","2287","","θανατηφορος","James","3","8"
"greek","2288","","θανατος","Matthew","4","16"
"greek","2289","","θανατοω","Matthew","10","21"
"greek","2290","","θαπτω","Matthew","8","21"
"greek","2291","","θαρα","Luke","3","34"
"greek","2292","","θαρρεω","II_Corinthians","5","6"
"greek","2293","","θαρσεω","Matthew","9","2"
"greek","2294","","θαρσος","Acts","28","15"
"greek","2295","","θαυμα","II_Corinthians","11","14"
"greek","2296","","θαυμαζω","Matthew","8","10"
"greek","2296","","εκθαυμαζω","Mark","12","17"
"greek","2297","","θαυμασιος","Matthew","21","15"
"greek","2298","","θαυμαστος","Matthew","21","42"
"greek","2299","","θεα","Acts","19","27"
"greek","2300","","θεαομαι","Matthew","6","1"
"greek","2301","","θεατριζω","Hebrews","10","33"
"greek","2302","","θεατρον","Acts","19","29"
"greek","2303","","θειον","Luke","17","29"
"greek","2304","","θειος","Acts","17","29"
"greek","2305","","θειοτης","Romans","1","20"
"greek","2306","","θειωδης","Revelation","9","17"
"greek","2307","","θελημα","Matthew","6","10"
"greek","2308","","θελησις","Hebrews","2","4"
"greek","2309","","θελω","Matthew","1","19"
"greek","2310","","θεμελιος","Luke","6","48"
"greek","2311","","θεμελιοω","Matthew","7","25"
"greek","2312","","θεοδιδακτος","I_Thessalonians","4","9"
"greek","2314","","θεομαχος","Acts","5","39"
"greek","2315","","θεοπνευστος","II_Timothy","3","16"
"greek","2316","","θεος","Matthew","1","23"
"greek","2317","","θεοσεβεια","I_Timothy","2","10"
"greek","2318","","θεοσεβης","John","9","31"
"greek","2319","","θεοστυγης","Romans","1","30"
"greek","2320","","θεοτης","Colossians","2","9"
"greek","2321","","θεοφιλος","Luke","1","3"
"greek","2322","","θεραπεια","Luke","9","11"
"greek","2323","","θεραπευω","Matthew","4","23"
"greek","2324","","θεραπων","Hebrews","3","5"
"greek","2325","","θεριζω","Matthew","6","26"
"greek","2326","","θερισμος","Matthew","9","37"
"greek","2327","","θεριστης","Matthew","13","30"
"greek","2328","","θερμαινω","Mark","14","54"
"greek","2329","","θερμη","Acts","28","3"
"greek","2330","","θερος","Matthew","24","32"
"greek","2331","","θεσσαλονικευς","Acts","20","4"
"greek","2332","","θεσσαλονικη","Acts","17","1"
"greek","2333","","θευδας","Acts","5","36"
"greek","2334","","θεωρεω","Matthew","27","55"
"greek","2335","","θεωρια","Luke","23","48"
"greek","2336","","θηκη","John","18","11"
"greek","2337","","θηλαζω","Matthew","21","16"
"greek","2338","","θηλυς","Matthew","19","4"
"greek","2339","","θηρα","Romans","11","9"
"greek","2340","","θηρευω","Luke","11","54"
"greek","2341","","θηριομαχεω","I_Corinthians","15","32"
"greek","2342","","θηριον","Mark","1","13"
"greek","2343","","θησαυριζω","Matthew","6","19"
"greek","2344","","θησαυρος","Matthew","2","11"
"greek","2345","","θιγγανω","Colossians","2","21"
"greek","2346","","θλιβω","Matthew","7","14"
"greek","2347","","θλιψις","Matthew","13","21"
"greek","2348","","θνησκω","Matthew","2","20"
"greek","2349","","θνητος","Romans","6","12"
"greek","2350","","θορυβεω","Matthew","9","23"
"greek","2350","","θορυβαζω","Luke","10","41"
"greek","2351","","θορυβος","Matthew","26","5"
"greek","2352","","θραυω","Luke","4","18"
"greek","2353","","θρεμμα","John","4","12"
"greek","2354","","θρηνεω","Matthew","11","17"
"greek","2356","","θρησκεια","Acts","26","5"
"greek","2357","","θρησκος","James","1","26"
"greek","2358","","θριαμβευω","II_Corinthians","2","14"
"greek","2359","","θριξ","Matthew","3","4"
"greek","2360","","θροεω","Matthew","24","6"
"greek","2361","","θρομβος","Luke","22","44"
"greek","2362","","θρονος","Matthew","5","34"
"greek","2363","","θυατειρα","Acts","16","14"
"greek","2364","","θυγατηρ","Matthew","9","18"
"greek","2365","","θυγατριον","Mark","5","23"
"greek","2366","","θυελλα","Hebrews","12","18"
"greek","2367","","θυινος","Revelation","18","12"
"greek","2368","","θυμιαμα","Luke","1","10"
"greek","2369","","θυμιατηριον","Hebrews","9","4"
"greek","2370","","θυμιαω","Luke","1","9"
"greek","2371","","θυμομαχεω","Acts","12","20"
"greek","2372","","θυμος","Luke","4","28"
"greek","2373","","θυμοω","Matthew","2","16"
"greek","2374","","θυρα","Matthew","6","6"
"greek","2375","","θυρεος","Ephesians","6","16"
"greek","2376","","θυρις","Acts","20","9"
"greek","2377","","θυρωρος","Mark","13","34"
"greek","2378","","θυσια","Matthew","9","13"
"greek","2379","","θυσιαστηριον","Matthew","5","23"
"greek","2380","","θυω","Matthew","22","4"
"greek","2381","","θωμας","Matthew","10","3"
"greek","2382","","θωραξ","Ephesians","6","14"
"greek","2383","","ιαιρος","Mark","5","22"
"greek","2384","","ιακωβ","Matthew","1","2"
"greek","2385","","ιακωβος","Matthew","4","21"
"greek","2386","","ιαμα","I_Corinthians","12","9"
"greek","2387","","ιαμβρης","II_Timothy","3","8"
"greek","2388","","ιανναι","Luke","3","24"
"greek","2389","","ιαννης","II_Timothy","3","8"
"greek","2390","","ιαομαι","Matthew","8","8"
"greek","2391","","ιαρετ","Luke","3","37"
"greek","2392","","ιασις","Luke","13","32"
"greek","2393","","ιασπις","Revelation","4","3"
"greek","2394","","ιασων","Acts","17","5"
"greek","2395","","ιατρος","Matthew","9","12"
"greek","2397","","ειδεα","Matthew","28","3"
"greek","2398","","ιδιος","Matthew","9","1"
"greek","2399","","ιδιωτης","Acts","4","13"
"greek","2401","","ιδουμαια","Mark","3","8"
"greek","2402","","ιδρως","Luke","22","44"
"greek","2403","","ιεζαβελ","Revelation","2","20"
"greek","2404","","ιεραπολις","Colossians","4","13"
"greek","2405","","ιερατεια","Luke","1","9"
"greek","2406","","ιερατευμα","I_Peter","2","5"
"greek","2407","","ιερατευω","Luke","1","8"
"greek","2408","","ιερεμιας","Matthew","2","17"
"greek","2409","","ιερευς","Matthew","8","4"
"greek","2410","","ιεριχω","Matthew","20","29"
"greek","2411","","ιερος","Matthew","4","5"
"greek","2412","","ιεροπρεπης","Titus","2","3"
"greek","2413","","ιερος","Mark","16","99"
"greek","2414","","ιεροσολυμα","Matthew","2","1"
"greek","2415","","ιεροσολυμιτης","Mark","1","5"
"greek","2416","","ιεροσυλεω","Romans","2","22"
"greek","2417","","ιεροσυλος","Acts","19","37"
"greek","2418","","ιερουργεω","Romans","15","16"
"greek","2419","","ιεροσολυμα","Matthew","23","37"
"greek","2420","","ιερωσυνη","Hebrews","7","11"
"greek","2421","","ιεσσαι","Matthew","1","5"
"greek","2422","","ιεφθαε","Hebrews","11","32"
"greek","2423","","ιεχονιας","Matthew","1","11"
"greek","2424","","ιησους","Matthew","1","1"
"greek","2425","","ικανος","Matthew","3","11"
"greek","2426","","ικανοτης","II_Corinthians","3","5"
"greek","2427","","ικανοω","II_Corinthians","3","6"
"greek","2428","","ικετηρια","Hebrews","5","7"
"greek","2429","","ικμας","Luke","8","6"
"greek","2430","","ικονιον","Acts","13","51"
"greek","2431","","ιλαρος","II_Corinthians","9","7"
"greek","2432","","ιλαροτης","Romans","12","8"
"greek","2433","","ιλασκομαι","Luke","18","13"
"greek","2434","","ιλασμος","I_John","2","2"
"greek","2435","","ιλαστηριος","Romans","3","25"
"greek","2436","","ιλεως","Matthew","16","22"
"greek","2437","","ιλλυρικον","Romans","15","19"
"greek","2438","","ιμας","Mark","1","7"
"greek","2439","","ιματιζω","Mark","5","15"
"greek","2440","","ιματιον","Matthew","5","40"
"greek","2441","","ιματισμος","Luke","7","25"
"greek","2442","","ομειρομαι","I_Thessalonians","2","8"
"greek","2443","","ινα","Matthew","1","22"
"greek","2445","","ιοππη","Acts","9","36"
"greek","2446","","ιορδανης","Matthew","3","5"
"greek","2447","","ιος","Romans","3","13"
"greek","2448","","ιουδας","Matthew","2","6"
"greek","2448","","ιωδα","Luke","3","26"
"greek","2449","","ιουδαια","Matthew","2","1"
"greek","2450","","ιουδαιζω","Galatians","2","14"
"greek","2451","","ιουδαικος","Titus","1","14"
"greek","2452","","ιουδαικως","Galatians","2","14"
"greek","2453","","ιουδαιος","Matthew","2","2"
"greek","2454","","ιουδαισμος","Galatians","1","13"
"greek","2455","","ιουδας","Matthew","1","2"
"greek","2456","","ιουλια","Romans","16","15"
"greek","2457","","ιουλιος","Acts","27","1"
"greek","2458","","ιουνιας","Romans","16","7"
"greek","2459","","ιουστος","Acts","1","23"
"greek","2460","","ιππευς","Acts","23","23"
"greek","2461","","ιππικος","Revelation","9","16"
"greek","2462","","ιππος","James","3","3"
"greek","2463","","ιρις","Revelation","4","3"
"greek","2464","","ισαακ","Matthew","1","2"
"greek","2465","","ισαγγελος","Luke","20","36"
"greek","2466","","ισσαχαρ","Revelation","7","7"
"greek","2469","","ισκαριωθ","Matthew","10","4"
"greek","2470","","ισος","Matthew","20","12"
"greek","2471","","ισοτης","II_Corinthians","8","13"
"greek","2472","","ισοτιμος","II_Peter","1","1"
"greek","2473","","ισοψυχος","Philippians","2","20"
"greek","2474","","ισραηλ","Matthew","2","6"
"greek","2475","","ισραηλιτης","John","1","47"
"greek","2476","","ιστημι","Matthew","2","9"
"greek","2477","","ιστορεω","Galatians","1","18"
"greek","2478","","ισχυρος","Matthew","3","11"
"greek","2479","","ισχυς","Mark","12","30"
"greek","2480","","ισχυω","Matthew","5","13"
"greek","2481","","ισως","Luke","20","13"
"greek","2482","","ιταλια","Acts","18","2"
"greek","2483","","ιταλικος","Acts","10","1"
"greek","2484","","ιτουραιος","Luke","3","1"
"greek","2485","","ιχθυδιον","Matthew","15","34"
"greek","2486","","ιχθυς","Matthew","7","10"
"greek","2487","","ιχνος","Romans","4","12"
"greek","2488","","ιωαθαμ","Matthew","1","9"
"greek","2489","","ιωαννα","Luke","8","3"
"greek","2490","","ιωαναν","Luke","3","27"
"greek","2491","","ιωαννης","Matthew","3","1"
"greek","2492","","ιωβ","James","5","11"
"greek","2493","","ιωηλ","Acts","2","16"
"greek","2494","","ιωναμ","Luke","3","30"
"greek","2495","","ιωνας","Matthew","12","39"
"greek","2496","","ιωραμ","Matthew","1","8"
"greek","2497","","ιωριμ","Luke","3","29"
"greek","2498","","ιωσαφατ","Matthew","1","8"
"greek","2500","","ιωσης","Mark","6","3"
"greek","2501","","ιωσηφ","Matthew","1","16"
"greek","2501","","ιωσηχ","Luke","3","26"
"greek","2502","","ιωσιας","Matthew","1","10"
"greek","2503","","ιωτα","Matthew","5","18"
"greek","2504","","καγω","Matthew","2","8"
"greek","2505","","καθα","Matthew","27","10"
"greek","2506","","καθαιρεσις","II_Corinthians","10","4"
"greek","2507","","καθαιρεω","Mark","15","36"
"greek","2508","","καθαιρω","John","15","2"
"greek","2509","","καθαπερ","Romans","3","4"
"greek","2510","","καθαπτω","Acts","28","3"
"greek","2511","","καθαριζω","Matthew","8","2"
"greek","2512","","καθαρισμος","Mark","1","44"
"greek","2513","","καθαρος","Matthew","5","8"
"greek","2514","","καθαροτης","Hebrews","9","13"
"greek","2515","","καθεδρα","Matthew","21","12"
"greek","2516","","καθεζομαι","Matthew","26","55"
"greek","2517","","καθεξης","Luke","1","3"
"greek","2518","","καθευδω","Matthew","8","24"
"greek","2519","","καθηγητης","Matthew","23","10"
"greek","2520","","καθηκω","Acts","22","22"
"greek","2521","","καθημαι","Matthew","4","16"
"greek","2522","","καθημερινος","Acts","6","1"
"greek","2523","","καθιζω","Matthew","5","1"
"greek","2524","","καθιημι","Luke","5","19"
"greek","2525","","καθιστημι","Matthew","24","45"
"greek","2526","","καθο","Romans","8","26"
"greek","2527","","καθολου","Acts","4","18"
"greek","2528","","καθοπλιζω","Luke","11","21"
"greek","2529","","καθοραω","Romans","1","20"
"greek","2530","","καθοτι","Luke","1","7"
"greek","2531","","καθως","Matthew","21","6"
"greek","2532","","και","Matthew","1","2"
"greek","2533","","καιαφας","Matthew","26","3"
"greek","2534","","καιγε","Acts","2","18"
"greek","2535","","καιν","Hebrews","11","4"
"greek","2536","","καιναμ","Luke","3","36"
"greek","2537","","καινος","Matthew","9","17"
"greek","2538","","καινοτης","Romans","6","4"
"greek","2539","","καιπερ","Philippians","3","4"
"greek","2540","","καιρος","Matthew","8","29"
"greek","2541","","καισαρ","Matthew","22","17"
"greek","2542","","καισαρεια","Matthew","16","13"
"greek","2543","","καιτοι","Acts","14","17"
"greek","2544","","καιτοιγε","John","4","2"
"greek","2545","","καιω","Matthew","5","15"
"greek","2546","","κακει","Matthew","5","23"
"greek","2547","","κακειθεν","Mark","9","30"
"greek","2548","","κακεινος","Matthew","15","18"
"greek","2549","","κακια","Matthew","6","34"
"greek","2550","","κακοηθεια","Romans","1","29"
"greek","2551","","κακολογεω","Matthew","15","4"
"greek","2552","","κακοπαθεια","James","5","10"
"greek","2553","","κακοπαθεω","II_Timothy","2","9"
"greek","2554","","κακοποιεω","Mark","3","4"
"greek","2555","","κακοποιος","I_Peter","2","12"
"greek","2556","","κακος","Matthew","21","41"
"greek","2557","","κακουργος","Luke","23","32"
"greek","2558","","κακουχεω","Hebrews","11","37"
"greek","2559","","κακοω","Acts","7","6"
"greek","2560","","κακως","Matthew","4","24"
"greek","2561","","κακωσις","Acts","7","34"
"greek","2562","","καλαμη","I_Corinthians","3","12"
"greek","2563","","καλαμος","Matthew","11","7"
"greek","2564","","καλεω","Matthew","1","21"
"greek","2565","","καλλιελαιος","Romans","11","24"
"greek","2566","","καλος","Acts","25","10"
"greek","2567","","καλοδιδασκαλος","Titus","2","3"
"greek","2569","","καλοποιεω","II_Thessalonians","3","13"
"greek","2570","","καλος","Matthew","3","10"
"greek","2571","","καλυμμα","II_Corinthians","3","13"
"greek","2572","","καλυπτω","Matthew","8","24"
"greek","2573","","καλως","Matthew","12","12"
"greek","2574","","καμηλος","Matthew","3","4"
"greek","2575","","καμινος","Matthew","13","42"
"greek","2576","","καμμυω","Matthew","13","15"
"greek","2577","","καμνω","Hebrews","12","3"
"greek","2578","","καμπτω","Romans","11","4"
"greek","2579","","καν","Matthew","21","21"
"greek","2580","","κανα","John","2","1"
"greek","2581","","καναναιος","Matthew","10","4"
"greek","2582","","κανδακη","Acts","8","27"
"greek","2583","","κανων","II_Corinthians","10","13"
"greek","2584","","καφαρναουμ","Matthew","4","13"
"greek","2585","","καπηλευω","II_Corinthians","2","17"
"greek","2586","","καπνος","Acts","2","19"
"greek","2587","","καππαδοκια","Acts","2","9"
"greek","2588","","καρδια","Matthew","5","8"
"greek","2589","","καρδιογνωστης","Acts","1","24"
"greek","2590","","καρπος","Matthew","3","8"
"greek","2591","","καρπος","II_Timothy","4","13"
"greek","2592","","καρποφορεω","Matthew","13","23"
"greek","2593","","καρποφορος","Acts","14","17"
"greek","2594","","καρτερεω","Hebrews","11","27"
"greek","2595","","καρφος","Matthew","7","3"
"greek","2596","","κατα","Matthew","1","20"
"greek","2596","","καθεις","John","8","9"
"greek","2597","","καταβαινω","Matthew","3","16"
"greek","2598","","καταβαλλω","II_Corinthians","4","9"
"greek","2599","","καταβαρεω","II_Corinthians","12","16"
"greek","2599","","καταβαρυνω","Mark","14","40"
"greek","2600","","καταβασις","Luke","19","37"
"greek","2602","","καταβολη","Matthew","13","35"
"greek","2603","","καταβραβευω","Colossians","2","18"
"greek","2604","","καταγγελευς","Acts","17","18"
"greek","2605","","καταγγελλω","Acts","3","24"
"greek","2606","","καταγελαω","Matthew","9","24"
"greek","2607","","καταγινωσκω","Galatians","2","11"
"greek","2608","","καταγνυμι","Matthew","12","20"
"greek","2609","","καταγω","Luke","5","11"
"greek","2610","","καταγωνιζομαι","Hebrews","11","33"
"greek","2611","","καταδεω","Luke","10","34"
"greek","2612","","καταδηλος","Hebrews","7","15"
"greek","2613","","καταδικαζω","Matthew","12","7"
"greek","2613","","καταδικη","Acts","25","15"
"greek","2614","","καταδιωκω","Mark","1","36"
"greek","2615","","καταδουλοω","II_Corinthians","11","20"
"greek","2616","","καταδυναστευω","Acts","10","38"
"greek","2617","","καταισχυνω","Luke","13","17"
"greek","2618","","κατακαιω","Matthew","3","12"
"greek","2619","","κατακαλυπτω","I_Corinthians","11","6"
"greek","2620","","κατακαυχαομαι","Romans","11","18"
"greek","2621","","κατακειμαι","Mark","1","30"
"greek","2622","","κατακλαω","Mark","6","41"
"greek","2623","","κατακλειω","Luke","3","20"
"greek","2624","","κατακληρονομεω","Acts","13","19"
"greek","2625","","κατακλινω","Luke","7","36"
"greek","2626","","κατακλυζω","II_Peter","3","6"
"greek","2627","","κατακλυσμος","Matthew","24","38"
"greek","2628","","κατακολουθεω","Luke","23","55"
"greek","2629","","κατακοπτω","Mark","5","5"
"greek","2630","","κατακρημνιζω","Luke","4","29"
"greek","2631","","κατακριμα","Romans","5","16"
"greek","2632","","κατακρινω","Matthew","12","41"
"greek","2633","","κατακρισις","II_Corinthians","3","9"
"greek","2634","","κατακυριευω","Matthew","20","25"
"greek","2635","","καταλαλεω","James","4","11"
"greek","2636","","καταλαλια","II_Corinthians","12","20"
"greek","2637","","καταλαλος","Romans","1","30"
"greek","2638","","καταλαμβανω","Mark","9","18"
"greek","2639","","καταλεγω","I_Timothy","5","9"
"greek","2641","","καταλειπω","Matthew","4","13"
"greek","2642","","καταλιθαζω","Luke","20","6"
"greek","2643","","καταλλαγη","Romans","5","11"
"greek","2644","","καταλλασσω","Romans","5","10"
"greek","2645","","καταλοιπος","Acts","15","17"
"greek","2646","","καταλυμα","Mark","14","14"
"greek","2647","","καταλυω","Matthew","5","17"
"greek","2648","","καταμανθανω","Matthew","6","28"
"greek","2649","","καταμαρτυρεω","Matthew","26","62"
"greek","2650","","καταμενω","Acts","1","13"
"greek","2652","","καταθεμα","Revelation","22","3"
"greek","2653","","καταθεματιζω","Matthew","26","74"
"greek","2654","","καταναλισκω","Hebrews","12","29"
"greek","2655","","καταναρκαω","II_Corinthians","11","9"
"greek","2656","","κατανευω","Luke","5","7"
"greek","2657","","κατανοεω","Matthew","7","3"
"greek","2658","","κατανταω","Acts","16","1"
"greek","2659","","κατανυξις","Romans","11","8"
"greek","2660","","κατανυσσομαι","Acts","2","37"
"greek","2661","","καταξιοω","Luke","20","35"
"greek","2662","","καταπατεω","Matthew","5","13"
"greek","2663","","καταπαυσις","Acts","7","49"
"greek","2664","","καταπαυω","Acts","14","18"
"greek","2665","","καταπετασμα","Matthew","27","51"
"greek","2666","","καταπινω","Matthew","23","24"
"greek","2667","","καταπιπτω","Luke","8","6"
"greek","2668","","καταπλεω","Luke","8","26"
"greek","2669","","καταπονεω","Acts","7","24"
"greek","2670","","καταποντιζω","Matthew","14","30"
"greek","2671","","καταρα","Galatians","3","10"
"greek","2672","","καταραομαι","Matthew","25","41"
"greek","2673","","καταργεω","Luke","13","7"
"greek","2674","","καταριθμεω","Acts","1","17"
"greek","2675","","καταρτιζω","Matthew","4","21"
"greek","2676","","καταρτισις","II_Corinthians","13","9"
"greek","2677","","καταρτισμος","Ephesians","4","12"
"greek","2678","","κατασειω","Acts","12","17"
"greek","2679","","κατασκαπτω","Romans","11","3"
"greek","2680","","κατασκευαζω","Matthew","11","10"
"greek","2681","","κατασκηνοω","Matthew","13","32"
"greek","2682","","κατασκηνωσις","Matthew","8","20"
"greek","2683","","κατασκιαζω","Hebrews","9","5"
"greek","2684","","κατασκοπεω","Galatians","2","4"
"greek","2685","","κατασκοπος","Hebrews","11","31"
"greek","2686","","κατασοφιζομαι","Acts","7","19"
"greek","2687","","καταστελλω","Acts","19","35"
"greek","2688","","καταστημα","Titus","2","3"
"greek","2689","","καταστολη","I_Timothy","2","9"
"greek","2690","","καταστρεφω","Matthew","21","12"
"greek","2691","","καταστρηνιαω","I_Timothy","5","11"
"greek","2692","","καταστροφη","II_Timothy","2","14"
"greek","2693","","καταστρωννυμι","I_Corinthians","10","5"
"greek","2694","","κατασυρω","Luke","12","58"
"greek","2695","","κατασφαζω","Luke","19","27"
"greek","2696","","κατασφραγιζω","Revelation","5","1"
"greek","2697","","κατασχεσις","Acts","7","5"
"greek","2698","","κατατιθημι","Mark","15","46"
"greek","2699","","κατατομη","Philippians","3","2"
"greek","2701","","κατατρεχω","Acts","21","32"
"greek","2702","","καταφερω","Acts","20","9"
"greek","2703","","καταφευγω","Acts","14","6"
"greek","2704","","καταφθειρω","II_Timothy","3","8"
"greek","2705","","καταφιλεω","Matthew","26","49"
"greek","2706","","καταφρονεω","Matthew","6","24"
"greek","2707","","καταφρονητης","Acts","13","41"
"greek","2708","","καταχεω","Matthew","26","7"
"greek","2709","","καταχθονιος","Philippians","2","10"
"greek","2710","","καταχραομαι","I_Corinthians","7","31"
"greek","2711","","καταψυχω","Luke","16","24"
"greek","2712","","κατειδωλος","Acts","17","16"
"greek","2713","","κατεναντι","Matthew","21","2"
"greek","2714","","κατενωπιον","Ephesians","1","4"
"greek","2715","","κατεξουσιαζω","Matthew","20","25"
"greek","2716","","κατεργαζομαι","Romans","1","27"
"greek","2718","","κατερχομαι","Luke","4","31"
"greek","2719","","κατεσθιω","Matthew","13","4"
"greek","2720","","κατευθυνω","Luke","1","79"
"greek","2721","","κατεφιστημι","Acts","18","12"
"greek","2722","","κατεχω","Luke","4","42"
"greek","2723","","κατηγορεω","Matthew","12","10"
"greek","2724","","κατηγορια","John","18","29"
"greek","2725","","κατηγορος","John","8","10"
"greek","2726","","κατηφεια","James","4","9"
"greek","2727","","κατηχεω","Luke","1","4"
"greek","2728","","κατιοω","James","5","3"
"greek","2729","","κατισχυω","Matthew","16","18"
"greek","2730","","κατοικεω","Matthew","2","23"
"greek","2730","","κατοικιζω","James","4","5"
"greek","2731","","κατοικησις","Mark","5","3"
"greek","2732","","κατοικητηριον","Ephesians","2","22"
"greek","2733","","κατοικια","Acts","17","26"
"greek","2734","","κατοπτριζω","II_Corinthians","3","18"
"greek","2736","","κατω","Matthew","2","16"
"greek","2737","","κατωτερος","Ephesians","4","9"
"greek","2738","","καυμα","Revelation","7","16"
"greek","2739","","καυματιζω","Matthew","13","6"
"greek","2740","","καυσις","Hebrews","6","8"
"greek","2741","","καυσοω","II_Peter","3","10"
"greek","2742","","καυσων","Matthew","20","12"
"greek","2743","","καυστηριαζω","I_Timothy","4","2"
"greek","2744","","καυχαομαι","Romans","2","17"
"greek","2744","","εγκαυχαομαι","II_Thessalonians","1","4"
"greek","2745","","καυχημα","Romans","4","2"
"greek","2746","","καυχησις","Romans","3","27"
"greek","2747","","κεγχρεαι","Acts","18","18"
"greek","2748","","κεδρων","John","18","1"
"greek","2749","","κειμαι","Matthew","3","10"
"greek","2750","","κειρια","John","11","44"
"greek","2751","","κειρω","Acts","8","32"
"greek","2752","","κελευσμα","I_Thessalonians","4","16"
"greek","2753","","κελευω","Matthew","8","18"
"greek","2754","","κενοδοξια","Philippians","2","3"
"greek","2755","","κενοδοξος","Galatians","5","26"
"greek","2756","","κενος","Mark","12","3"
"greek","2757","","κενοφωνια","I_Timothy","6","20"
"greek","2758","","κενοω","Romans","4","14"
"greek","2759","","κεντρον","Acts","26","14"
"greek","2760","","κεντυριων","Mark","15","39"
"greek","2761","","κενως","James","4","5"
"greek","2762","","κεραια","Matthew","5","18"
"greek","2763","","κεραμευς","Matthew","27","7"
"greek","2764","","κεραμικος","Revelation","2","27"
"greek","2765","","κεραμιον","Mark","14","13"
"greek","2766","","κεραμος","Luke","5","19"
"greek","2767","","κεραννυμι","Revelation","14","10"
"greek","2768","","κερας","Luke","1","69"
"greek","2769","","κερατιον","Luke","15","16"
"greek","2770","","κερδαινω","Matthew","16","26"
"greek","2771","","κερδος","Philippians","1","21"
"greek","2772","","κερμα","John","2","15"
"greek","2773","","κερματιστης","John","2","14"
"greek","2774","","κεφαλαιον","Acts","22","28"
"greek","2775","","κεφαλιοω","Mark","12","4"
"greek","2776","","κεφαλη","Matthew","5","36"
"greek","2777","","κεφαλις","Hebrews","10","7"
"greek","2778","","κηνσος","Matthew","17","25"
"greek","2779","","κηπος","Luke","13","19"
"greek","2780","","κηπουρος","John","20","15"
"greek","2782","","κηρυγμα","Matthew","12","41"
"greek","2783","","κηρυξ","I_Timothy","2","7"
"greek","2784","","κηρυσσω","Matthew","3","1"
"greek","2785","","κητος","Matthew","12","40"
"greek","2786","","κηφας","John","1","42"
"greek","2787","","κιβωτος","Matthew","24","38"
"greek","2788","","κιθαρα","I_Corinthians","14","7"
"greek","2789","","κιθαριζω","I_Corinthians","14","7"
"greek","2790","","κιθαρωδος","Revelation","14","2"
"greek","2791","","κιλικια","Acts","6","9"
"greek","2792","","κινναμωμον","Revelation","18","13"
"greek","2793","","κινδυνευω","Luke","8","23"
"greek","2794","","κινδυνος","Romans","8","35"
"greek","2795","","κινεω","Matthew","23","4"
"greek","2796","","κινησις","John","5","3"
"greek","2797","","κις","Acts","13","21"
"greek","2798","","κλαδος","Matthew","13","32"
"greek","2799","","κλαιω","Matthew","2","18"
"greek","2800","","κλασις","Luke","24","35"
"greek","2801","","κλασμα","Matthew","14","20"
"greek","2802","","καυδα","Acts","27","16"
"greek","2803","","κλαυδια","II_Timothy","4","21"
"greek","2804","","κλαυδιος","Acts","11","28"
"greek","2805","","κλαυθμος","Matthew","2","18"
"greek","2806","","κλαω","Matthew","14","19"
"greek","2807","","κλεις","Matthew","16","19"
"greek","2808","","κλειω","Matthew","6","6"
"greek","2809","","κλεμμα","Revelation","9","21"
"greek","2810","","κλεοπας","Luke","24","18"
"greek","2811","","κλεος","I_Peter","2","20"
"greek","2812","","κλεπτης","Matthew","6","19"
"greek","2813","","κλεπτω","Matthew","6","19"
"greek","2814","","κλημα","John","15","2"
"greek","2815","","κλημης","Philippians","4","3"
"greek","2816","","κληρονομεω","Matthew","5","5"
"greek","2817","","κληρονομια","Matthew","21","38"
"greek","2818","","κληρονομος","Matthew","21","38"
"greek","2819","","κληρος","Matthew","27","35"
"greek","2820","","κληροω","Ephesians","1","11"
"greek","2821","","κλησις","Romans","11","29"
"greek","2822","","κλητος","Matthew","22","14"
"greek","2823","","κλιβανος","Matthew","6","30"
"greek","2824","","κλιμα","Romans","15","23"
"greek","2825","","κλινη","Matthew","9","2"
"greek","2826","","κλινιδιον","Luke","5","19"
"greek","2826","","κλιναριον","Acts","5","15"
"greek","2827","","κλινω","Matthew","8","20"
"greek","2828","","κλισια","Luke","9","14"
"greek","2829","","κλοπη","Matthew","15","19"
"greek","2830","","κλυδων","Luke","8","24"
"greek","2831","","κλυδωνιζομαι","Ephesians","4","14"
"greek","2832","","κλωπας","John","19","25"
"greek","2833","","κνηθω","II_Timothy","4","3"
"greek","2834","","κνιδος","Acts","27","7"
"greek","2835","","κοδραντης","Matthew","5","26"
"greek","2836","","κοιλια","Matthew","12","40"
"greek","2837","","κοιμαομαι","Matthew","27","52"
"greek","2838","","κοιμησις","John","11","13"
"greek","2839","","κοινος","Mark","7","2"
"greek","2840","","κοινοω","Matthew","15","11"
"greek","2841","","κοινωνεω","Romans","12","13"
"greek","2842","","κοινωνια","Acts","2","42"
"greek","2843","","κοινωνικος","I_Timothy","6","18"
"greek","2844","","κοινωνος","Matthew","23","30"
"greek","2845","","κοιτη","Luke","11","7"
"greek","2846","","κοιτων","Acts","12","20"
"greek","2847","","κοκκινος","Matthew","27","28"
"greek","2848","","κοκκος","Matthew","13","31"
"greek","2849","","κολαζω","Acts","4","21"
"greek","2850","","κολακεια","I_Thessalonians","2","5"
"greek","2851","","κολασις","Matthew","25","46"
"greek","2852","","κολαφιζω","Matthew","26","67"
"greek","2853","","κολλαω","Matthew","19","5"
"greek","2854","","κολλουριον","Revelation","3","18"
"greek","2855","","κολλυβιστης","Matthew","21","12"
"greek","2856","","κολοβοω","Matthew","24","22"
"greek","2857","","κολοσσαι","Colossians","1","2"
"greek","2859","","κολπος","Luke","6","38"
"greek","2860","","κολυμβαω","Acts","27","43"
"greek","2861","","κολυμβηθρα","John","5","2"
"greek","2862","","κολωνια","Acts","16","12"
"greek","2863","","κομαω","I_Corinthians","11","14"
"greek","2864","","κομη","I_Corinthians","11","15"
"greek","2865","","κομιζω","Matthew","25","27"
"greek","2866","","κομψοτερον","John","4","52"
"greek","2867","","κονιαω","Matthew","23","27"
"greek","2868","","κονιορτος","Matthew","10","14"
"greek","2869","","κοπαζω","Matthew","14","32"
"greek","2870","","κοπετος","Acts","8","2"
"greek","2871","","κοπη","Hebrews","7","1"
"greek","2872","","κοπιαω","Matthew","6","28"
"greek","2873","","κοπος","Matthew","26","10"
"greek","2874","","κοπρια","Luke","14","35"
"greek","2874","","κοπριον","Luke","13","8"
"greek","2875","","κοπτω","Matthew","11","17"
"greek","2876","","κοραξ","Luke","12","24"
"greek","2877","","κορασιον","Matthew","9","24"
"greek","2878","","κορβαν","Matthew","27","6"
"greek","2879","","κορε","Jude","1","11"
"greek","2880","","κορεννυμι","Acts","27","38"
"greek","2881","","κορινθιος","Acts","18","8"
"greek","2882","","κορινθος","Acts","18","1"
"greek","2883","","κορνηλιος","Acts","10","1"
"greek","2884","","κορος","Luke","16","7"
"greek","2885","","κοσμεω","Matthew","12","44"
"greek","2886","","κοσμικος","Titus","2","12"
"greek","2887","","κοσμιος","I_Timothy","2","9"
"greek","2888","","κοσμοκρατωρ","Ephesians","6","12"
"greek","2889","","κοσμος","Matthew","4","8"
"greek","2890","","κουαρτος","Romans","16","23"
"greek","2891","","κουμ","Mark","5","41"
"greek","2892","","κουστωδια","Matthew","27","65"
"greek","2893","","κουφιζω","Acts","27","38"
"greek","2894","","κοφινος","Matthew","14","20"
"greek","2895","","κραβαττος","Mark","2","4"
"greek","2896","","κραζω","Matthew","8","29"
"greek","2897","","κραιπαλη","Luke","21","34"
"greek","2898","","κρανιον","Matthew","27","33"
"greek","2899","","κρασπεδον","Matthew","9","20"
"greek","2900","","κραταιος","I_Peter","5","6"
"greek","2901","","κραταιοω","Luke","1","80"
"greek","2902","","κρατεω","Matthew","9","25"
"greek","2903","","κρατιστος","Luke","1","3"
"greek","2904","","κρατος","Luke","1","51"
"greek","2905","","κραυγαζω","Matthew","12","19"
"greek","2906","","κραυγη","Matthew","25","6"
"greek","2907","","κρεας","Romans","14","21"
"greek","2908","","κρειττων","I_Corinthians","7","38"
"greek","2909","","κρειττων","I_Corinthians","7","9"
"greek","2910","","κρεμαννυμι","Matthew","18","6"
"greek","2911","","κρημνος","Matthew","8","32"
"greek","2912","","κρης","Acts","2","11"
"greek","2913","","κρησκης","II_Timothy","4","10"
"greek","2914","","κρητη","Acts","27","7"
"greek","2915","","κριθη","Revelation","6","6"
"greek","2916","","κριθινος","John","6","9"
"greek","2917","","κριμα","Matthew","7","2"
"greek","2918","","κρινον","Matthew","6","28"
"greek","2919","","κρινω","Matthew","5","40"
"greek","2920","","κρισις","Matthew","5","21"
"greek","2921","","κρισπος","Acts","18","8"
"greek","2922","","κριτηριον","I_Corinthians","6","2"
"greek","2923","","κριτης","Matthew","5","25"
"greek","2924","","κριτικος","Hebrews","4","12"
"greek","2925","","κρουω","Matthew","7","7"
"greek","2926","","κρυπτη","Luke","11","33"
"greek","2927","","κρυπτος","Matthew","6","4"
"greek","2927","","κρυφαιος","Matthew","6","18"
"greek","2928","","κρυπτω","Matthew","5","14"
"greek","2929","","κρυσταλλιζω","Revelation","21","11"
"greek","2930","","κρυσταλλος","Revelation","4","6"
"greek","2931","","κρυφη","Ephesians","5","12"
"greek","2932","","κταομαι","Matthew","10","9"
"greek","2933","","κτημα","Matthew","19","22"
"greek","2934","","κτηνος","Luke","10","34"
"greek","2935","","κτητωρ","Acts","4","34"
"greek","2936","","κτιζω","Matthew","19","4"
"greek","2937","","κτισις","Mark","10","6"
"greek","2938","","κτισμα","I_Timothy","4","4"
"greek","2939","","κτιστης","I_Peter","4","19"
"greek","2940","","κυβεια","Ephesians","4","14"
"greek","2941","","κυβερνησις","I_Corinthians","12","28"
"greek","2942","","κυβερνητης","Acts","27","11"
"greek","2943","","κυκλοθεν","Revelation","4","3"
"greek","2944","","κυκλοω","Luke","21","20"
"greek","2944","","κυκλευω","Revelation","20","9"
"greek","2945","","κυκλω","Mark","3","34"
"greek","2946","","κυλισμος","II_Peter","2","22"
"greek","2947","","κυλιω","Mark","9","20"
"greek","2948","","κυλλος","Matthew","15","30"
"greek","2949","","κυμα","Matthew","8","24"
"greek","2950","","κυμβαλον","I_Corinthians","13","1"
"greek","2951","","κυμινον","Matthew","23","23"
"greek","2952","","κυναριον","Matthew","15","26"
"greek","2953","","κυπριος","Acts","4","36"
"greek","2954","","κυπρος","Acts","11","19"
"greek","2955","","κυπτω","Mark","1","7"
"greek","2956","","κυρηναιος","Matthew","27","32"
"greek","2957","","κυρηνη","Acts","2","10"
"greek","2958","","κυρηνιος","Luke","2","2"
"greek","2959","","κυρια","II_John","1","1"
"greek","2960","","κυριακος","I_Corinthians","11","20"
"greek","2961","","κυριευω","Luke","22","25"
"greek","2962","","κυριος","Matthew","1","20"
"greek","2963","","κυριοτης","Ephesians","1","21"
"greek","2964","","κυροω","II_Corinthians","2","8"
"greek","2965","","κυων","Matthew","7","6"
"greek","2966","","κωλον","Hebrews","3","17"
"greek","2967","","κωλυω","Matthew","19","14"
"greek","2968","","κωμη","Matthew","9","35"
"greek","2969","","κωμοπολις","Mark","1","38"
"greek","2970","","κωμος","Romans","13","13"
"greek","2971","","κωνωψ","Matthew","23","24"
"greek","2972","","κως","Acts","21","1"
"greek","2973","","κωσαμ","Luke","3","28"
"greek","2974","","κωφος","Matthew","9","32"
"greek","2975","","λαγχανω","Luke","1","9"
"greek","2976","","λαζαρος","Luke","16","20"
"greek","2977","","λαθρα","Matthew","1","19"
"greek","2978","","λαιλαψ","Mark","4","37"
"greek","2979","","λακτιζω","Acts","26","14"
"greek","2980","","λαλεω","Matthew","9","18"
"greek","2981","","λαλια","Matthew","26","73"
"greek","2982","","λεμα","Matthew","27","46"
"greek","2983","","λαμβανω","Matthew","5","40"
"greek","2984","","λαμεχ","Luke","3","36"
"greek","2985","","λαμπας","Matthew","25","1"
"greek","2986","","λαμπρος","Luke","23","11"
"greek","2987","","λαμπροτης","Acts","26","13"
"greek","2988","","λαμπρως","Luke","16","19"
"greek","2989","","λαμπω","Matthew","5","15"
"greek","2990","","λανθανω","Mark","7","24"
"greek","2991","","λαξευτος","Luke","23","53"
"greek","2992","","λαος","Matthew","1","21"
"greek","2993","","λαοδικεια","Colossians","2","1"
"greek","2994","","λαοδικευς","Colossians","4","16"
"greek","2995","","λαρυγξ","Romans","3","13"
"greek","2996","","λασαια","Acts","27","8"
"greek","2997","","λακαω","Acts","1","18"
"greek","2998","","λατομεω","Matthew","27","60"
"greek","2999","","λατρεια","John","16","2"
"greek","3000","","λατρευω","Matthew","4","10"
"greek","3001","","λαχανον","Matthew","13","32"
"greek","3003","","λεγιων","Matthew","26","53"
"greek","3004","","λεγω","Matthew","1","16"
"greek","3005","","λειμμα","Romans","11","5"
"greek","3006","","λειος","Luke","3","5"
"greek","3007","","λειπω","Luke","18","22"
"greek","3008","","λειτουργεω","Acts","13","2"
"greek","3009","","λειτουργια","Luke","1","23"
"greek","3010","","λειτουργικος","Hebrews","1","14"
"greek","3011","","λειτουργος","Romans","13","6"
"greek","3012","","λεντιον","John","13","4"
"greek","3013","","λεπις","Acts","9","18"
"greek","3014","","λεπρα","Matthew","8","3"
"greek","3015","","λεπρος","Matthew","8","2"
"greek","3016","","λεπτος","Mark","12","42"
"greek","3017","","λευι","Luke","3","24"
"greek","3018","","λευι","Mark","2","14"
"greek","3019","","λευιτης","Luke","10","32"
"greek","3020","","λευιτικος","Hebrews","7","11"
"greek","3021","","λευκαινω","Mark","9","3"
"greek","3022","","λευκος","Matthew","5","36"
"greek","3023","","λεων","II_Timothy","4","17"
"greek","3024","","ληθη","II_Peter","1","9"
"greek","3025","","ληνος","Matthew","21","33"
"greek","3026","","ληρος","Luke","24","11"
"greek","3027","","ληστης","Matthew","21","13"
"greek","3028","","λημψις","Philippians","4","15"
"greek","3029","","λιαν","Matthew","2","16"
"greek","3030","","λιβανος","Matthew","2","11"
"greek","3031","","λιβανωτος","Revelation","8","3"
"greek","3032","","λιβερτινος","Acts","6","9"
"greek","3033","","λιβυη","Acts","2","10"
"greek","3034","","λιθαζω","John","10","31"
"greek","3035","","λιθινος","John","2","6"
"greek","3036","","λιθοβολεω","Matthew","21","35"
"greek","3037","","λιθος","Matthew","3","9"
"greek","3038","","λιθοστρωτος","John","19","13"
"greek","3039","","λικμαω","Matthew","21","44"
"greek","3040","","λιμην","Acts","27","8"
"greek","3041","","λιμνη","Luke","5","1"
"greek","3042","","λιμος","Matthew","24","7"
"greek","3043","","λινον","Matthew","12","20"
"greek","3044","","λινος","II_Timothy","4","21"
"greek","3045","","λιπαρος","Revelation","18","14"
"greek","3046","","λιτρα","John","12","3"
"greek","3047","","λιψ","Acts","27","12"
"greek","3048","","λογεια","I_Corinthians","16","1"
"greek","3049","","λογιζομαι","Luke","22","37"
"greek","3050","","λογικος","Romans","12","1"
"greek","3051","","λογιον","Acts","7","38"
"greek","3052","","λογιος","Acts","18","24"
"greek","3053","","λογισμος","Romans","2","15"
"greek","3054","","λογομαχεω","II_Timothy","2","14"
"greek","3055","","λογομαχια","I_Timothy","6","4"
"greek","3056","","λογος","Matthew","5","32"
"greek","3057","","λογχη","John","19","34"
"greek","3058","","λοιδορεω","John","9","28"
"greek","3059","","λοιδορια","I_Timothy","5","14"
"greek","3060","","λοιδορος","I_Corinthians","5","11"
"greek","3061","","λοιμος","Luke","21","11"
"greek","3062","","λοιπος","Matthew","22","6"
"greek","3063","","λοιπος","Matthew","26","45"
"greek","3064","","λοιπος","Galatians","6","17"
"greek","3065","","λουκας","Colossians","4","14"
"greek","3066","","λουκιος","Acts","13","1"
"greek","3067","","λουτρον","Ephesians","5","26"
"greek","3068","","λουω","John","13","10"
"greek","3069","","λυδδα","Acts","9","32"
"greek","3070","","λυδια","Acts","16","14"
"greek","3071","","λυκαονια","Acts","14","6"
"greek","3072","","λυκαονιστι","Acts","14","11"
"greek","3073","","λυκια","Acts","27","5"
"greek","3074","","λυκος","Matthew","7","15"
"greek","3075","","λυμαινω","Acts","8","3"
"greek","3076","","λυπεω","Matthew","14","9"
"greek","3077","","λυπη","Luke","22","45"
"greek","3078","","λυσανιας","Luke","3","1"
"greek","3079","","λυσιας","Acts","23","26"
"greek","3080","","λυσις","I_Corinthians","7","27"
"greek","3081","","λυσιτελεω","Luke","17","2"
"greek","3082","","λυστρα","Acts","14","6"
"greek","3083","","λυτρον","Matthew","20","28"
"greek","3084","","λυτροω","Luke","24","21"
"greek","3085","","λυτρωσις","Luke","1","68"
"greek","3086","","λυτρωτης","Acts","7","35"
"greek","3087","","λυχνια","Matthew","5","15"
"greek","3088","","λυχνος","Matthew","5","15"
"greek","3089","","λυω","Matthew","5","19"
"greek","3090","","λωις","II_Timothy","1","5"
"greek","3091","","λωτ","Luke","17","28"
"greek","3092","","μααθ","Luke","3","26"
"greek","3093","","μαγαδαν","Matthew","15","39"
"greek","3094","","μαγδαληνη","Matthew","27","56"
"greek","3095","","μαγεια","Acts","8","11"
"greek","3096","","μαγευω","Acts","8","9"
"greek","3097","","μαγος","Matthew","2","1"
"greek","3098","","μαγωγ","Revelation","20","8"
"greek","3099","","μαδιαμ","Acts","7","29"
"greek","3100","","μαθητευω","Matthew","13","52"
"greek","3101","","μαθητης","Matthew","5","1"
"greek","3102","","μαθητρια","Acts","9","36"
"greek","3103","","μαθουσαλα","Luke","3","37"
"greek","3104","","μεννα","Luke","3","31"
"greek","3105","","μαινομαι","John","10","20"
"greek","3106","","μακαριζω","Luke","1","48"
"greek","3107","","μακαριος","Matthew","5","3"
"greek","3108","","μακαρισμος","Romans","4","6"
"greek","3109","","μακεδονια","Acts","16","9"
"greek","3110","","μακεδων","Acts","16","9"
"greek","3111","","μακελλον","I_Corinthians","10","25"
"greek","3112","","μακραν","Matthew","8","30"
"greek","3113","","μακροθεν","Matthew","26","58"
"greek","3114","","μακροθυμεω","Matthew","18","26"
"greek","3115","","μακροθυμια","Romans","2","4"
"greek","3116","","μακροθυμως","Acts","26","3"
"greek","3117","","μακρος","Mark","12","40"
"greek","3118","","μακροχρονιος","Ephesians","6","3"
"greek","3119","","μαλακια","Matthew","4","23"
"greek","3120","","μαλακος","Matthew","11","8"
"greek","3121","","μαλελεηλ","Luke","3","37"
"greek","3122","","μαλιστα","Acts","20","38"
"greek","3123","","μαλλον","Matthew","6","26"
"greek","3124","","μαλχος","John","18","10"
"greek","3125","","μαμμη","II_Timothy","1","5"
"greek","3126","","μαμωνας","Matthew","6","24"
"greek","3127","","μαναην","Acts","13","1"
"greek","3128","","μανασση","Matthew","1","10"
"greek","3129","","μανθανω","Matthew","9","13"
"greek","3130","","μανια","Acts","26","24"
"greek","3131","","μαννα","John","6","31"
"greek","3132","","μαντευομαι","Acts","16","16"
"greek","3133","","μαραινω","James","1","11"
"greek","3134","","μαρανα θα","I_Corinthians","16","22"
"greek","3135","","μαργαριτης","Matthew","7","6"
"greek","3136","","μαρθα","Luke","10","38"
"greek","3137","","μαρια","Matthew","1","16"
"greek","3138","","μαρκος","Acts","12","12"
"greek","3139","","μαρμαρος","Revelation","18","12"
"greek","3140","","μαρτυρεω","Matthew","23","31"
"greek","3141","","μαρτυρια","Mark","14","55"
"greek","3142","","μαρτυριον","Matthew","8","4"
"greek","3143","","μαρτυρομαι","Acts","20","26"
"greek","3144","","μαρτυς","Matthew","18","16"
"greek","3145","","μασαομαι","Revelation","16","10"
"greek","3146","","μαστιγοω","Matthew","10","17"
"greek","3147","","μαστιζω","Acts","22","25"
"greek","3148","","μαστιξ","Mark","3","10"
"greek","3149","","μαστος","Luke","11","27"
"greek","3150","","ματαιολογια","I_Timothy","1","6"
"greek","3151","","ματαιολογος","Titus","1","10"
"greek","3152","","ματαιος","Acts","14","15"
"greek","3153","","ματαιοτης","Romans","8","20"
"greek","3154","","ματαιοω","Romans","1","21"
"greek","3155","","ματην","Matthew","15","9"
"greek","3156","","μαθθαιος","Matthew","9","9"
"greek","3157","","ματθαν","Matthew","1","15"
"greek","3158","","μαθθατ","Luke","3","24"
"greek","3159","","μαθθιας","Acts","1","23"
"greek","3160","","ματταθα","Luke","3","31"
"greek","3161","","ματταθιας","Luke","3","25"
"greek","3162","","μαχαιρα","Matthew","10","34"
"greek","3163","","μαχη","II_Corinthians","7","5"
"greek","3164","","μαχομαι","John","6","52"
"greek","3166","","αυχεω","James","3","5"
"greek","3167","","μεγαλειος","Acts","2","11"
"greek","3168","","μεγαλειοτης","Luke","9","43"
"greek","3169","","μεγαλοπρεπης","II_Peter","1","17"
"greek","3170","","μεγαλυνω","Matthew","23","5"
"greek","3171","","μεγαλως","Philippians","4","10"
"greek","3172","","μεγαλωσυνη","Hebrews","1","3"
"greek","3173","","μεγας","Matthew","2","10"
"greek","3174","","μεγεθος","Ephesians","1","19"
"greek","3175","","μεγισταν","Mark","6","21"
"greek","3177","","μεθερμηνευω","Matthew","1","23"
"greek","3178","","μεθη","Luke","21","34"
"greek","3179","","μεθιστημι","Luke","16","4"
"greek","3180","","μεθοδεια","Ephesians","4","14"
"greek","3182","","μεθυσκω","Luke","12","45"
"greek","3183","","μεθυσος","I_Corinthians","5","11"
"greek","3184","","μεθυω","Matthew","24","49"
"greek","3188","","μελας","II_Corinthians","3","3"
"greek","3189","","μελας","Matthew","5","36"
"greek","3190","","μελεα","Luke","3","31"
"greek","3191","","μελεταω","Acts","4","25"
"greek","3192","","μελι","Matthew","3","4"
"greek","3194","","μελιτη","Acts","28","1"
"greek","3195","","μελλω","Matthew","2","13"
"greek","3196","","μελος","Matthew","5","29"
"greek","3197","","μελχι","Luke","3","24"
"greek","3198","","μελχισεδεκ","Hebrews","5","6"
"greek","3199","","μελει","Matthew","22","16"
"greek","3200","","μεμβρανα","II_Timothy","4","13"
"greek","3201","","μεμφομαι","Romans","9","19"
"greek","3202","","μεμψιμοιρος","Jude","1","16"
"greek","3303","","μεν","Matthew","3","11"
"greek","3304","","μενουνγε","Romans","9","20"
"greek","3304","","μενουν","Luke","11","28"
"greek","3305","","μεντοι","John","4","27"
"greek","3306","","μενω","Matthew","10","11"
"greek","3307","","μεριζω","Matthew","12","25"
"greek","3308","","μεριμνα","Matthew","13","22"
"greek","3309","","μεριμναω","Matthew","6","25"
"greek","3310","","μερις","Luke","10","42"
"greek","3311","","μερισμος","Hebrews","2","4"
"greek","3312","","μεριστης","Luke","12","14"
"greek","3313","","μερος","Matthew","2","22"
"greek","3314","","μεσημβρια","Acts","8","26"
"greek","3315","","μεσιτευω","Hebrews","6","17"
"greek","3316","","μεσιτης","Galatians","3","19"
"greek","3317","","μεσονυκτιον","Mark","13","35"
"greek","3318","","μεσοποταμια","Acts","2","9"
"greek","3319","","μεσος","Matthew","10","16"
"greek","3320","","μεσοτοιχον","Ephesians","2","14"
"greek","3321","","μεσουρανημα","Revelation","8","13"
"greek","3322","","μεσοω","John","7","14"
"greek","3323","","μεσσιας","John","1","41"
"greek","3324","","μεστος","Matthew","23","28"
"greek","3325","","μεστοω","Acts","2","13"
"greek","3326","","μετα","Matthew","1","12"
"greek","3327","","μεταβαινω","Matthew","8","34"
"greek","3328","","μεταβαλλω","Acts","28","6"
"greek","3329","","μεταγω","James","3","3"
"greek","3330","","μεταδιδωμι","Luke","3","11"
"greek","3331","","μεταθεσις","Hebrews","7","12"
"greek","3332","","μεταιρω","Matthew","13","53"
"greek","3333","","μετακαλεω","Acts","7","14"
"greek","3334","","μετακινεω","Colossians","1","23"
"greek","3335","","μεταλαμβανω","Acts","2","46"
"greek","3336","","μεταλημψις","I_Timothy","4","3"
"greek","3337","","μεταλλασσω","Romans","1","25"
"greek","3338","","μεταμελομαι","Matthew","21","30"
"greek","3339","","μεταμορφοω","Matthew","17","2"
"greek","3340","","μετανοεω","Matthew","3","2"
"greek","3341","","μετανοια","Matthew","3","8"
"greek","3342","","μεταξυ","Matthew","18","15"
"greek","3343","","μεταπεμπω","Acts","10","5"
"greek","3344","","μεταστρεφω","Acts","2","20"
"greek","3344","","μετατρεπω","James","4","9"
"greek","3345","","μετασχηματιζω","I_Corinthians","4","6"
"greek","3346","","μετατιθημι","Acts","7","16"
"greek","3347","","μετεπειτα","Hebrews","12","17"
"greek","3348","","μετεχω","I_Corinthians","9","10"
"greek","3349","","μετεωριζομαι","Luke","12","29"
"greek","3350","","μετοικεσια","Matthew","1","11"
"greek","3351","","μετοικιζω","Acts","7","4"
"greek","3352","","μετοχη","II_Corinthians","6","14"
"greek","3353","","μετοχος","Luke","5","7"
"greek","3354","","μετρεω","Matthew","7","2"
"greek","3355","","μετρητης","John","2","6"
"greek","3356","","μετριοπαθεω","Hebrews","5","2"
"greek","3357","","μετριως","Acts","20","12"
"greek","3358","","μετρον","Matthew","7","2"
"greek","3359","","μετωπον","Revelation","7","3"
"greek","3360","","μεχρι","Matthew","11","23"
"greek","3361","","μη","Matthew","1","19"
"greek","3365","","μηδαμως","Acts","10","14"
"greek","3366","","μηδε","Matthew","6","25"
"greek","3367","","μηδεις","Matthew","8","4"
"greek","3368","","μηδεποτε","II_Timothy","3","7"
"greek","3369","","μηδεπω","Hebrews","11","7"
"greek","3370","","μηδος","Acts","2","9"
"greek","3371","","μηκετι","Matthew","21","19"
"greek","3372","","μηκος","Ephesians","3","18"
"greek","3373","","μηκυνω","Mark","4","27"
"greek","3374","","μηλωτη","Hebrews","11","37"
"greek","3375","","μην","Hebrews","6","14"
"greek","3376","","μην","Luke","1","24"
"greek","3377","","μηνυω","Luke","20","37"
"greek","3380","","μηπω","Romans","9","11"
"greek","3382","","μηρος","Revelation","19","16"
"greek","3383","","μητε","Matthew","5","34"
"greek","3384","","μητηρ","Matthew","1","18"
"greek","3385","","μητι","Matthew","7","16"
"greek","3386","","μητιγε","I_Corinthians","6","3"
"greek","3388","","μητρα","Luke","2","23"
"greek","3389","","μητρολωας","I_Timothy","1","9"
"greek","3392","","μιαινω","John","18","28"
"greek","3393","","μιασμα","II_Peter","2","20"
"greek","3394","","μιασμος","II_Peter","2","10"
"greek","3395","","μιγμα","John","19","39"
"greek","3396","","μιγνυμι","Matthew","27","34"
"greek","3398","","μικρος","Matthew","10","42"
"greek","3399","","μιλητος","Acts","20","15"
"greek","3400","","μιλιον","Matthew","5","41"
"greek","3401","","μιμεομαι","II_Thessalonians","3","7"
"greek","3402","","μιμητης","I_Corinthians","4","16"
"greek","3403","","μιμνησκω","Matthew","5","23"
"greek","3404","","μισεω","Matthew","5","43"
"greek","3405","","μισθαποδοσια","Hebrews","2","2"
"greek","3406","","μισθαποδοτης","Hebrews","11","6"
"greek","3407","","μισθιος","Luke","15","17"
"greek","3408","","μισθος","Matthew","5","12"
"greek","3409","","μισθοω","Matthew","20","1"
"greek","3410","","μισθωμα","Acts","28","30"
"greek","3411","","μισθωτος","Mark","1","20"
"greek","3412","","μιτυληνη","Acts","20","14"
"greek","3413","","μιχαηλ","Jude","1","9"
"greek","3414","","μνα","Luke","19","13"
"greek","3416","","μνασων","Acts","21","16"
"greek","3417","","μνεια","Romans","1","9"
"greek","3418","","μνημα","Mark","5","3"
"greek","3419","","μνημειον","Matthew","8","28"
"greek","3420","","μνημη","II_Peter","1","15"
"greek","3421","","μνημονευω","Matthew","16","9"
"greek","3422","","μνημοσυνον","Matthew","26","13"
"greek","3423","","μνηστευω","Matthew","1","18"
"greek","3424","","μογιλαλος","Mark","7","32"
"greek","3426","","μοδιος","Matthew","5","15"
"greek","3428","","μοιχαλις","Matthew","12","39"
"greek","3429","","μοιχαω","Matthew","5","32"
"greek","3430","","μοιχεια","Matthew","15","19"
"greek","3431","","μοιχευω","Matthew","5","27"
"greek","3432","","μοιχος","Luke","18","11"
"greek","3433","","μολις","Luke","9","39"
"greek","3434","","μολοχ","Acts","7","43"
"greek","3435","","μολυνω","I_Corinthians","8","7"
"greek","3436","","μολυσμος","II_Corinthians","7","1"
"greek","3437","","μομφη","Colossians","3","13"
"greek","3438","","μονη","John","14","2"
"greek","3439","","μονογενης","Luke","7","12"
"greek","3440","","μονος","Matthew","5","47"
"greek","3441","","μονος","Matthew","4","4"
"greek","3442","","μονοφθαλμος","Matthew","18","9"
"greek","3443","","μονοω","I_Timothy","5","5"
"greek","3444","","μορφη","Mark","16","12"
"greek","3445","","μορφοω","Galatians","4","19"
"greek","3446","","μορφωσις","Romans","2","20"
"greek","3447","","μοσχοποιεω","Acts","7","41"
"greek","3448","","μοσχος","Luke","15","23"
"greek","3449","","μοχθος","II_Corinthians","11","27"
"greek","3451","","μουσικος","Revelation","18","22"
"greek","3452","","μυελος","Hebrews","4","12"
"greek","3453","","μυεω","Philippians","4","12"
"greek","3454","","μυθος","I_Timothy","1","4"
"greek","3455","","μυκαομαι","Revelation","10","3"
"greek","3456","","μυκτηριζω","Galatians","6","7"
"greek","3457","","μυλικος","Luke","17","2"
"greek","3458","","μυλος","Matthew","18","6"
"greek","3458","","μυλινος","Revelation","18","21"
"greek","3460","","μυρα","Acts","27","5"
"greek","3461","","δισμυριας","Revelation","9","16"
"greek","3461","","μυριας","Luke","12","1"
"greek","3462","","μυριζω","Mark","14","8"
"greek","3463","","μυριοι","Matthew","18","24"
"greek","3464","","μυρον","Matthew","26","7"
"greek","3465","","μυσια","Acts","16","7"
"greek","3466","","μυστηριον","Matthew","13","11"
"greek","3467","","μυωπαζω","II_Peter","1","9"
"greek","3468","","μωλωψ","I_Peter","2","24"
"greek","3469","","μωμαομαι","II_Corinthians","6","3"
"greek","3470","","μωμος","II_Peter","2","13"
"greek","3471","","μωραινω","Matthew","5","13"
"greek","3472","","μωρια","I_Corinthians","1","18"
"greek","3473","","μωρολογια","Ephesians","5","4"
"greek","3474","","μωρος","Matthew","5","22"
"greek","3475","","μωυσης","Matthew","8","4"
"greek","3476","","ναασσων","Matthew","1","4"
"greek","3477","","ναγγαι","Luke","3","25"
"greek","3478","","ναζαρα","Matthew","2","23"
"greek","3479","","ναζαρηνος","Mark","1","24"
"greek","3480","","ναζωραιος","Matthew","2","23"
"greek","3481","","ναθαμ","Luke","3","31"
"greek","3482","","ναθαναηλ","John","1","45"
"greek","3483","","ναι","Matthew","5","37"
"greek","3484","","ναιν","Luke","7","11"
"greek","3485","","ναος","Matthew","23","16"
"greek","3486","","ναουμ","Luke","3","25"
"greek","3487","","ναρδος","Mark","14","3"
"greek","3488","","ναρκισσος","Romans","16","11"
"greek","3489","","ναυαγεω","II_Corinthians","11","25"
"greek","3490","","ναυκληρος","Acts","27","11"
"greek","3491","","ναυς","Acts","27","41"
"greek","3492","","ναυτης","Acts","27","27"
"greek","3493","","ναχωρ","Luke","3","34"
"greek","3494","","νεανιας","Acts","7","58"
"greek","3495","","νεανισκος","Matthew","19","20"
"greek","3497","","ναιμαν","Luke","4","27"
"greek","3498","","νεκρος","Matthew","8","22"
"greek","3499","","νεκροω","Romans","4","19"
"greek","3500","","νεκρωσις","Romans","4","19"
"greek","3501","","νεος","Matthew","9","17"
"greek","3502","","νοσσος","Luke","2","24"
"greek","3503","","νεοτης","Mark","10","20"
"greek","3504","","νεοφυτος","I_Timothy","3","6"
"greek","3506","","νευω","John","13","24"
"greek","3507","","νεφελη","Matthew","17","5"
"greek","3508","","νεφθαλιμ","Matthew","4","13"
"greek","3509","","νεφος","Hebrews","12","1"
"greek","3510","","νεφρος","Revelation","2","23"
"greek","3511","","νεωκορος","Acts","19","35"
"greek","3512","","νεωτερικος","II_Timothy","2","22"
"greek","3513","","νη","I_Corinthians","15","31"
"greek","3514","","νηθω","Matthew","6","28"
"greek","3515","","νηπιαζω","I_Corinthians","14","20"
"greek","3516","","νηπιος","Matthew","11","25"
"greek","3517","","νηρευς","Romans","16","15"
"greek","3518","","νηρι","Luke","3","27"
"greek","3519","","νησιον","Acts","27","16"
"greek","3520","","νησος","Acts","13","6"
"greek","3521","","νηστεια","Luke","2","37"
"greek","3522","","νηστευω","Matthew","4","2"
"greek","3523","","νηστις","Matthew","15","32"
"greek","3524","","νηφαλιος","I_Timothy","3","2"
"greek","3525","","νηφω","I_Thessalonians","5","6"
"greek","3526","","νιγερ","Acts","13","1"
"greek","3527","","νικανωρ","Acts","6","5"
"greek","3528","","νικαω","Luke","11","22"
"greek","3529","","νικη","I_John","5","4"
"greek","3530","","νικοδημος","John","3","1"
"greek","3531","","νικολαιτης","Revelation","2","6"
"greek","3532","","νικολαος","Acts","6","5"
"greek","3533","","νικοπολις","Titus","3","12"
"greek","3534","","νικος","Matthew","12","20"
"greek","3536","","νινευιτης","Matthew","12","41"
"greek","3537","","νιπτηρ","John","13","5"
"greek","3538","","νιπτω","Matthew","6","17"
"greek","3539","","νοεω","Matthew","15","17"
"greek","3540","","νοημα","II_Corinthians","2","11"
"greek","3541","","νοθος","Hebrews","12","8"
"greek","3542","","νομη","John","10","9"
"greek","3543","","νομιζω","Matthew","5","17"
"greek","3544","","νομικος","Matthew","22","35"
"greek","3545","","νομιμως","I_Timothy","1","8"
"greek","3546","","νομισμα","Matthew","22","19"
"greek","3547","","νομοδιδασκαλος","Luke","5","17"
"greek","3548","","νομοθεσια","Romans","9","4"
"greek","3549","","νομοθετεω","Hebrews","7","11"
"greek","3550","","νομοθετης","James","4","12"
"greek","3551","","νομος","Matthew","5","17"
"greek","3552","","νοσεω","I_Timothy","6","4"
"greek","3553","","νοσημα","John","5","4"
"greek","3554","","νοσος","Matthew","4","23"
"greek","3555","","νοσσια","Luke","13","34"
"greek","3556","","νοσσιον","Matthew","23","37"
"greek","3557","","νοσφιζω","Acts","5","2"
"greek","3558","","νοτος","Matthew","12","42"
"greek","3559","","νουθεσια","I_Corinthians","10","11"
"greek","3560","","νουθετεω","Acts","20","31"
"greek","3561","","νεομηνια","Colossians","2","16"
"greek","3562","","νουνεχως","Mark","12","34"
"greek","3563","","νους","Luke","24","45"
"greek","3564","","νυμφα","Colossians","4","15"
"greek","3565","","νυμφη","Matthew","10","35"
"greek","3566","","νυμφιος","Matthew","9","15"
"greek","3567","","νυμφων","Matthew","9","15"
"greek","3568","","νυν","Matthew","24","21"
"greek","3570","","νυνι","Acts","22","1"
"greek","3571","","νυξ","Matthew","2","14"
"greek","3572","","νυσσω","John","19","34"
"greek","3573","","νυσταζω","Matthew","25","5"
"greek","3574","","νυχθημερον","II_Corinthians","11","25"
"greek","3575","","νωε","Matthew","24","37"
"greek","3576","","νωθρος","Hebrews","5","11"
"greek","3577","","νωτος","Romans","11","10"
"greek","3578","","ξενια","Acts","28","23"
"greek","3579","","ξενιζω","Acts","10","6"
"greek","3580","","ξενοδοχεω","I_Timothy","5","10"
"greek","3581","","ξενος","Matthew","25","35"
"greek","3582","","ξεστης","Mark","7","4"
"greek","3583","","ξηραινω","Matthew","13","6"
"greek","3584","","ξηρος","Matthew","12","10"
"greek","3585","","ξυλινος","II_Timothy","2","20"
"greek","3586","","ξυλον","Matthew","26","47"
"greek","3587","","ξυραω","Acts","21","24"
"greek","3588","","ο","Matthew","1","2"
"greek","3589","","ογδοηκοντα","Luke","2","37"
"greek","3590","","ογδοος","Luke","1","59"
"greek","3591","","ογκος","Hebrews","12","1"
"greek","3592","","οδε","Luke","10","39"
"greek","3593","","οδευω","Luke","10","33"
"greek","3594","","οδηγεω","Matthew","15","14"
"greek","3595","","οδηγος","Matthew","15","14"
"greek","3596","","οδοιπορεω","Acts","10","9"
"greek","3597","","οδοιπορια","John","4","6"
"greek","3598","","οδος","Matthew","2","12"
"greek","3599","","οδους","Matthew","5","38"
"greek","3600","","οδυναω","Luke","2","48"
"greek","3601","","οδυνη","Romans","9","2"
"greek","3602","","οδυρμος","Matthew","2","18"
"greek","3604","","οζιας","Matthew","1","8"
"greek","3605","","οζω","John","11","39"
"greek","3606","","οθεν","Matthew","12","44"
"greek","3607","","οθονη","Acts","10","11"
"greek","3608","","οθονιον","Luke","24","12"
"greek","3609","","οικειος","Galatians","6","10"
"greek","3610","","οικετης","Luke","16","13"
"greek","3610","","οικετεια","Matthew","24","45"
"greek","3611","","οικεω","Romans","7","18"
"greek","3612","","οικημα","Acts","12","7"
"greek","3613","","οικητηριον","II_Corinthians","5","2"
"greek","3614","","οικια","Matthew","2","11"
"greek","3615","","οικιακος","Matthew","10","25"
"greek","3616","","οικοδεσποτεω","I_Timothy","5","14"
"greek","3617","","οικοδεσποτης","Matthew","10","25"
"greek","3618","","οικοδομεω","Matthew","7","24"
"greek","3618","","οικοδομος","Acts","4","11"
"greek","3619","","οικοδομη","Matthew","24","1"
"greek","3621","","οικονομεω","Luke","16","2"
"greek","3622","","οικονομια","Luke","16","2"
"greek","3623","","οικονομος","Luke","12","42"
"greek","3624","","οικος","Matthew","9","6"
"greek","3625","","οικουμενη","Matthew","24","14"
"greek","3626","","οικουργος","Titus","2","5"
"greek","3627","","οικτιρω","Romans","9","15"
"greek","3628","","οικτιρμος","Romans","12","1"
"greek","3629","","οικτιρμων","Luke","6","36"
"greek","3630","","οινοποτης","Matthew","11","19"
"greek","3631","","οινος","Matthew","9","17"
"greek","3632","","οινοφλυγια","I_Peter","4","3"
"greek","3633","","οιομαι","John","21","25"
"greek","3634","","οιος","Matthew","24","21"
"greek","3635","","οκνεω","Acts","9","38"
"greek","3636","","οκνηρος","Matthew","25","26"
"greek","3637","","οκταημερος","Philippians","3","5"
"greek","3638","","οκτω","Luke","2","21"
"greek","3639","","ολεθρος","I_Corinthians","5","5"
"greek","3640","","ολιγοπιστος","Matthew","6","30"
"greek","3640","","ολιγοπιστια","Matthew","17","20"
"greek","3641","","ολιγος","Matthew","7","14"
"greek","3641","","ολιγως","II_Peter","2","18"
"greek","3642","","ολιγοψυχος","I_Thessalonians","5","14"
"greek","3643","","ολιγωρεω","Hebrews","12","5"
"greek","3644","","ολοθρευτης","I_Corinthians","10","10"
"greek","3645","","ολοθρευω","Hebrews","11","28"
"greek","3646","","ολοκαυτωμα","Mark","12","33"
"greek","3647","","ολοκληρια","Acts","3","16"
"greek","3648","","ολοκληρος","I_Thessalonians","5","23"
"greek","3649","","ολολυζω","James","5","1"
"greek","3650","","ολος","Matthew","1","22"
"greek","3651","","ολοτελης","I_Thessalonians","5","23"
"greek","3652","","ολυμπας","Romans","16","15"
"greek","3653","","ολυνθος","Revelation","6","13"
"greek","3654","","ολως","Matthew","5","34"
"greek","3655","","ομβρος","Luke","12","54"
"greek","3656","","ομιλεω","Luke","24","14"
"greek","3657","","ομιλια","I_Corinthians","15","33"
"greek","3659","","ομμα","Matthew","20","34"
"greek","3660","","ομνυω","Matthew","5","34"
"greek","3661","","ομοθυμαδον","Acts","1","14"
"greek","3663","","ομοιοπαθης","Acts","14","15"
"greek","3664","","ομοιος","Matthew","11","16"
"greek","3665","","ομοιοτης","Hebrews","4","15"
"greek","3666","","ομοιοω","Matthew","6","8"
"greek","3667","","ομοιωμα","Romans","1","23"
"greek","3668","","ομοιως","Matthew","22","26"
"greek","3669","","ομοιωσις","James","3","9"
"greek","3670","","ομολογεω","Matthew","7","23"
"greek","3671","","ομολογια","II_Corinthians","9","13"
"greek","3672","","ομολογουμενως","I_Timothy","3","16"
"greek","3673","","ομοτεχνος","Acts","18","3"
"greek","3674","","ομου","John","4","36"
"greek","3675","","ομοφρων","I_Peter","3","8"
"greek","3676","","ομως","John","12","42"
"greek","3677","","οναρ","Matthew","1","20"
"greek","3678","","οναριον","John","12","14"
"greek","3679","","ονειδιζω","Matthew","5","11"
"greek","3680","","ονειδισμος","Romans","15","3"
"greek","3681","","ονειδος","Luke","1","25"
"greek","3682","","ονησιμος","Colossians","4","9"
"greek","3683","","ονησιφορος","II_Timothy","1","16"
"greek","3684","","ονικος","Matthew","18","6"
"greek","3685","","ονινημι","Philemon","1","20"
"greek","3686","","ονομα","Matthew","1","21"
"greek","3687","","ονομαζω","Luke","6","13"
"greek","3688","","ονος","Matthew","21","2"
"greek","3689","","οντως","Mark","11","32"
"greek","3690","","οξος","Matthew","27","48"
"greek","3691","","οξυς","Romans","3","15"
"greek","3692","","οπη","Hebrews","11","38"
"greek","3693","","οπισθεν","Matthew","9","20"
"greek","3694","","οπισω","Matthew","3","11"
"greek","3695","","οπλιζω","I_Peter","4","1"
"greek","3696","","οπλον","John","18","3"
"greek","3697","","οποιος","Acts","26","29"
"greek","3698","","οποτε","Luke","6","3"
"greek","3699","","οπου","Matthew","6","19"
"greek","3700","","οπτανομαι","Acts","1","3"
"greek","3701","","οπτασια","Luke","1","22"
"greek","3702","","οπτος","Luke","24","42"
"greek","3703","","οπωρα","Revelation","18","14"
"greek","3704","","οπως","Matthew","2","8"
"greek","3705","","οραμα","Matthew","17","9"
"greek","3706","","ορασις","Acts","2","17"
"greek","3707","","ορατος","Colossians","1","16"
"greek","3708","","οραω","Matthew","1","20"
"greek","3709","","οργη","Matthew","3","7"
"greek","3710","","οργιζω","Matthew","5","22"
"greek","3711","","οργιλος","Titus","1","7"
"greek","3712","","οργυια","Acts","27","28"
"greek","3713","","ορεγω","I_Timothy","3","1"
"greek","3714","","ορεινος","Luke","1","39"
"greek","3715","","ορεξις","Romans","1","27"
"greek","3716","","ορθοποδεω","Galatians","2","14"
"greek","3717","","ορθος","Acts","14","10"
"greek","3718","","ορθοτομεω","II_Timothy","2","15"
"greek","3719","","ορθριζω","Luke","21","38"
"greek","3720","","ορθρινος","Luke","24","22"
"greek","3722","","ορθρος","Luke","24","1"
"greek","3723","","ορθως","Mark","7","35"
"greek","3724","","οριζω","Luke","22","22"
"greek","3725","","οριον","Matthew","2","16"
"greek","3726","","ορκιζω","Mark","5","7"
"greek","3726","","ενορκιζω","I_Thessalonians","5","27"
"greek","3727","","ορκος","Matthew","5","33"
"greek","3728","","ορκωμοσια","Hebrews","7","20"
"greek","3729","","ορμαω","Matthew","8","32"
"greek","3730","","ορμη","Acts","14","5"
"greek","3731","","ορμημα","Revelation","18","21"
"greek","3732","","ορνεον","Revelation","18","2"
"greek","3733","","ορνις","Matthew","23","37"
"greek","3734","","οροθεσια","Acts","17","26"
"greek","3735","","ορος","Matthew","4","8"
"greek","3736","","ορυσσω","Matthew","21","33"
"greek","3737","","ορφανος","John","14","18"
"greek","3738","","ορχεομαι","Matthew","11","17"
"greek","3739","","ος","Matthew","1","16"
"greek","3740","","οσακις","I_Corinthians","11","25"
"greek","3741","","οσιος","Acts","2","27"
"greek","3742","","οσιοτης","Luke","1","75"
"greek","3743","","οσιως","I_Thessalonians","2","10"
"greek","3744","","οσμη","John","12","3"
"greek","3745","","οσος","Matthew","7","12"
"greek","3747","","οστεον","Matthew","23","27"
"greek","3748","","οστις","Matthew","2","6"
"greek","3749","","οστρακινος","II_Corinthians","4","7"
"greek","3750","","οσφρησις","I_Corinthians","12","17"
"greek","3751","","οσφυς","Matthew","3","4"
"greek","3752","","οταν","Matthew","5","11"
"greek","3753","","οτε","Matthew","7","28"
"greek","3754","","οτι","Matthew","2","16"
"greek","3755","","οστις","Matthew","5","25"
"greek","3756","","ου","Matthew","1","25"
"greek","3757","","ου","Matthew","2","9"
"greek","3758","","ουα","Mark","15","29"
"greek","3759","","ουαι","Matthew","11","21"
"greek","3760","","ουδαμως","Matthew","2","6"
"greek","3761","","ουδε","Matthew","5","15"
"greek","3762","","ουδεις","Matthew","5","13"
"greek","3763","","ουδεποτε","Matthew","7","23"
"greek","3764","","ουδεπω","John","7","39"
"greek","3765","","ουκετι","Matthew","19","6"
"greek","3766","","ουκουν","John","18","37"
"greek","3767","","ουν","Matthew","1","17"
"greek","3768","","ουπω","Matthew","16","9"
"greek","3769","","ουρα","Revelation","9","10"
"greek","3770","","ουρανιος","Matthew","5","48"
"greek","3771","","ουρανοθεν","Acts","14","17"
"greek","3772","","ουρανος","Matthew","3","2"
"greek","3773","","ουρβανος","Romans","16","9"
"greek","3774","","ουριας","Matthew","1","6"
"greek","3775","","ους","Matthew","10","27"
"greek","3776","","ουσια","Luke","15","12"
"greek","3777","","ουτε","Matthew","6","20"
"greek","3778","","ουτος","Matthew","1","20"
"greek","3779","","ουτω","Matthew","1","18"
"greek","3780","","ουχι","Matthew","5","46"
"greek","3781","","οφειλετης","Matthew","6","12"
"greek","3782","","οφειλη","Matthew","18","32"
"greek","3783","","οφειλημα","Matthew","6","12"
"greek","3784","","οφειλω","Matthew","18","28"
"greek","3785","","οφελον","I_Corinthians","4","8"
"greek","3786","","οφελος","I_Corinthians","15","32"
"greek","3787","","οφθαλμοδουλια","Ephesians","6","6"
"greek","3788","","οφθαλμος","Matthew","5","29"
"greek","3789","","οφις","Matthew","7","10"
"greek","3790","","οφρυς","Luke","4","29"
"greek","3791","","οχλεω","Acts","5","16"
"greek","3792","","οχλοποιεω","Acts","17","5"
"greek","3793","","οχλος","Matthew","4","25"
"greek","3794","","οχυρωμα","II_Corinthians","10","4"
"greek","3795","","οψαριον","John","6","9"
"greek","3796","","οψε","Matthew","28","1"
"greek","3797","","οψιμος","James","5","7"
"greek","3798","","οψιος","Matthew","8","16"
"greek","3799","","οψις","John","7","24"
"greek","3800","","οψωνιον","Luke","3","14"
"greek","3802","","παγιδευω","Matthew","22","15"
"greek","3803","","παγις","Luke","21","35"
"greek","3804","","παθημα","Romans","7","5"
"greek","3805","","παθητος","Acts","26","23"
"greek","3806","","παθος","Romans","1","26"
"greek","3807","","παιδαγωγος","I_Corinthians","4","15"
"greek","3808","","παιδαριον","John","6","9"
"greek","3809","","παιδεια","Ephesians","6","4"
"greek","3810","","παιδευτης","Romans","2","20"
"greek","3811","","παιδευω","Luke","23","16"
"greek","3812","","παιδιοθεν","Mark","9","21"
"greek","3813","","παιδιον","Matthew","2","8"
"greek","3814","","παιδισκη","Matthew","26","69"
"greek","3815","","παιζω","I_Corinthians","10","7"
"greek","3816","","παις","Matthew","2","16"
"greek","3817","","παιω","Matthew","26","68"
"greek","3819","","παλαι","Matthew","11","21"
"greek","3820","","παλαιος","Matthew","9","16"
"greek","3821","","παλαιοτης","Romans","7","6"
"greek","3822","","παλαιοω","Luke","12","33"
"greek","3823","","παλη","Ephesians","6","12"
"greek","3824","","παλιγγενεσια","Matthew","19","28"
"greek","3825","","παλιν","Matthew","4","7"
"greek","3826","","παμπληθει","Luke","23","18"
"greek","3828","","παμφυλια","Acts","2","10"
"greek","3829","","πανδοχειον","Luke","10","34"
"greek","3830","","πανδοχευς","Luke","10","35"
"greek","3831","","πανηγυρις","Hebrews","12","22"
"greek","3832","","πανοικει","Acts","16","34"
"greek","3833","","πανοπλια","Luke","11","22"
"greek","3834","","πανουργια","Luke","20","23"
"greek","3835","","πανουργος","II_Corinthians","12","16"
"greek","3837","","πανταχου","Mark","1","28"
"greek","3837","","πανταχη","Acts","21","28"
"greek","3838","","παντελης","Luke","13","11"
"greek","3839","","παντη","Acts","24","3"
"greek","3840","","παντοθεν","Mark","1","45"
"greek","3841","","παντοκρατωρ","II_Corinthians","6","18"
"greek","3842","","παντοτε","Matthew","26","11"
"greek","3843","","παντως","Luke","4","23"
"greek","3844","","παρα","Matthew","2","4"
"greek","3845","","παραβαινω","Matthew","15","2"
"greek","3846","","παραβαλλω","Acts","20","15"
"greek","3847","","παραβασις","Romans","2","23"
"greek","3848","","παραβατης","Romans","2","25"
"greek","3849","","παραβιαζομαι","Luke","24","29"
"greek","3850","","παραβολη","Matthew","13","3"
"greek","3851","","παραβολευομαι","Philippians","2","30"
"greek","3852","","παραγγελια","Acts","5","28"
"greek","3853","","παραγγελλω","Matthew","10","5"
"greek","3854","","παραγινομαι","Matthew","2","1"
"greek","3855","","παραγω","Matthew","9","9"
"greek","3856","","παραδειγματιζω","Hebrews","6","6"
"greek","3857","","παραδεισος","Luke","23","43"
"greek","3858","","παραδεχομαι","Mark","4","20"
"greek","3859","","διαπαρατριβη","I_Timothy","6","5"
"greek","3860","","παραδιδωμι","Matthew","4","12"
"greek","3861","","παραδοξος","Luke","5","26"
"greek","3862","","παραδοσις","Matthew","15","2"
"greek","3863","","παραζηλοω","Romans","10","19"
"greek","3864","","παραθαλασσιος","Matthew","4","13"
"greek","3865","","παραθεωρεω","Acts","6","1"
"greek","3866","","παραθηκη","I_Timothy","6","20"
"greek","3867","","παραινεω","Acts","27","9"
"greek","3868","","παραιτεομαι","Mark","15","6"
"greek","3869","","παρακαθεζομαι","Luke","10","39"
"greek","3870","","παρακαλεω","Matthew","2","18"
"greek","3871","","παρακαλυπτω","Luke","9","45"
"greek","3873","","παρακειμαι","Romans","7","18"
"greek","3874","","παρακλησις","Luke","2","25"
"greek","3875","","παρακλητος","John","14","16"
"greek","3876","","παρακοη","Romans","5","19"
"greek","3877","","παρακολουθεω","Mark","16","17"
"greek","3878","","παρακουω","Matthew","18","17"
"greek","3879","","παρακυπτω","Luke","24","12"
"greek","3880","","παραλαμβανω","Matthew","1","20"
"greek","3881","","παραλεγομαι","Acts","27","8"
"greek","3882","","παραλιος","Luke","6","17"
"greek","3883","","παραλλαγη","James","1","17"
"greek","3884","","παραλογιζομαι","Colossians","2","4"
"greek","3885","","παραλυτικος","Matthew","4","24"
"greek","3886","","παραλυω","Luke","5","18"
"greek","3887","","παραμενω","Philippians","1","25"
"greek","3888","","παραμυθεομαι","John","11","19"
"greek","3889","","παραμυθια","I_Corinthians","14","3"
"greek","3890","","παραμυθιον","Philippians","2","1"
"greek","3891","","παρανομεω","Acts","23","3"
"greek","3892","","παρανομια","II_Peter","2","16"
"greek","3893","","παραπικραινω","Hebrews","3","16"
"greek","3894","","παραπικρασμος","Hebrews","3","8"
"greek","3895","","παραπιπτω","Hebrews","6","6"
"greek","3896","","παραπλεω","Acts","20","16"
"greek","3897","","παραπλησιος","Philippians","2","27"
"greek","3898","","παραπλησιως","Hebrews","2","14"
"greek","3899","","παραπορευομαι","Matthew","27","39"
"greek","3900","","παραπτωμα","Matthew","6","14"
"greek","3901","","παραρρεω","Hebrews","2","1"
"greek","3902","","παρασημος","Acts","28","11"
"greek","3903","","παρασκευαζω","Acts","10","10"
"greek","3904","","παρασκευη","Matthew","27","62"
"greek","3905","","παρατεινω","Acts","20","7"
"greek","3906","","παρατηρεω","Mark","3","2"
"greek","3907","","παρατηρησις","Luke","17","20"
"greek","3908","","παρατιθημι","Matthew","13","24"
"greek","3909","","παρατυγχανω","Acts","17","17"
"greek","3910","","παραυτικα","II_Corinthians","4","17"
"greek","3911","","παραφερω","Mark","14","36"
"greek","3912","","παραφρονεω","II_Corinthians","11","23"
"greek","3913","","παραφρονια","II_Peter","2","16"
"greek","3914","","παραχειμαζω","Acts","27","12"
"greek","3915","","παραχειμασια","Acts","27","12"
"greek","3916","","παραχρημα","Matthew","21","19"
"greek","3917","","παρδαλις","Revelation","13","2"
"greek","3918","","παρειμι","Matthew","26","50"
"greek","3919","","παρεισαγω","II_Peter","2","1"
"greek","3920","","παρεισακτος","Galatians","2","4"
"greek","3921","","παρεισδυω","Jude","1","4"
"greek","3922","","παρεισερχομαι","Romans","5","20"
"greek","3923","","παρεισφερω","II_Peter","1","5"
"greek","3924","","παρεκτος","Matthew","5","32"
"greek","3925","","παρεμβολη","Acts","21","34"
"greek","3925","","παρεμβαλλω","Luke","19","43"
"greek","3926","","παρενοχλεω","Acts","15","19"
"greek","3927","","παρεπιδημος","Hebrews","11","13"
"greek","3928","","παρερχομαι","Matthew","5","18"
"greek","3929","","παρεσις","Romans","3","25"
"greek","3930","","παρεχω","Matthew","26","10"
"greek","3931","","παρηγορια","Colossians","4","11"
"greek","3932","","παρθενια","Luke","2","36"
"greek","3933","","παρθενος","Matthew","1","23"
"greek","3934","","παρθος","Acts","2","9"
"greek","3935","","παριημι","Luke","11","42"
"greek","3936","","παριστημι","Matthew","26","53"
"greek","3937","","παρμενας","Acts","6","5"
"greek","3938","","παροδος","I_Corinthians","16","7"
"greek","3939","","παροικεω","Luke","24","18"
"greek","3940","","παροικια","Acts","13","17"
"greek","3941","","παροικος","Acts","7","6"
"greek","3942","","παροιμια","John","10","6"
"greek","3943","","παροινος","I_Timothy","3","3"
"greek","3944","","παροιχομαι","Acts","14","16"
"greek","3945","","παρομοιαζω","Matthew","23","27"
"greek","3946","","παρομοιος","Mark","7","13"
"greek","3947","","παροξυνω","Acts","17","16"
"greek","3948","","παροξυσμος","Acts","15","39"
"greek","3949","","παροργιζω","Romans","10","19"
"greek","3950","","παροργισμος","Ephesians","4","26"
"greek","3951","","παροτρυνω","Acts","13","50"
"greek","3952","","παρουσια","Matthew","24","3"
"greek","3953","","παροψις","Matthew","23","25"
"greek","3954","","παρρησια","Mark","8","32"
"greek","3955","","παρρησιαζομαι","Acts","9","27"
"greek","3956","","πας","Matthew","1","17"
"greek","3957","","πασχα","Matthew","26","2"
"greek","3958","","πασχω","Matthew","16","21"
"greek","3959","","παταρα","Acts","21","1"
"greek","3960","","πατασσω","Matthew","26","31"
"greek","3961","","πατεω","Luke","10","19"
"greek","3962","","πατηρ","Matthew","2","22"
"greek","3962","","προπατωρ","Romans","4","1"
"greek","3963","","πατμος","Revelation","1","9"
"greek","3964","","πατρολωας","I_Timothy","1","9"
"greek","3965","","πατρια","Luke","2","4"
"greek","3966","","πατριαρχης","Acts","2","29"
"greek","3967","","πατρικος","Galatians","1","14"
"greek","3968","","πατρις","Matthew","13","54"
"greek","3969","","πατροβας","Romans","16","14"
"greek","3970","","πατροπαραδοτος","I_Peter","1","18"
"greek","3971","","πατρωος","Acts","22","3"
"greek","3972","","παυλος","Acts","13","7"
"greek","3973","","παυω","Luke","5","4"
"greek","3974","","παφος","Acts","13","6"
"greek","3975","","παχυνω","Matthew","13","15"
"greek","3976","","πεδη","Mark","5","4"
"greek","3977","","πεδινος","Luke","6","17"
"greek","3978","","πεζευω","Acts","20","13"
"greek","3979","","πεζη","Matthew","14","13"
"greek","3980","","πειθαρχεω","Acts","5","29"
"greek","3981","","πειθος","I_Corinthians","2","4"
"greek","3982","","πειθω","Matthew","27","20"
"greek","3983","","πειναω","Matthew","4","2"
"greek","3984","","πειρα","Hebrews","11","29"
"greek","3985","","πειραζω","Matthew","4","1"
"greek","3986","","πειρασμος","Matthew","6","13"
"greek","3987","","πειραομαι","Acts","26","21"
"greek","3988","","πεισμονη","Galatians","5","8"
"greek","3989","","πελαγος","Matthew","18","6"
"greek","3990","","πελεκιζω","Revelation","20","4"
"greek","3991","","πεμπτος","Revelation","6","9"
"greek","3992","","πεμπω","Matthew","2","8"
"greek","3993","","πενης","II_Corinthians","9","9"
"greek","3994","","πενθερα","Matthew","8","14"
"greek","3995","","πενθερος","John","18","13"
"greek","3996","","πενθεω","Matthew","5","4"
"greek","3997","","πενθος","James","4","9"
"greek","3998","","πενιχρος","Luke","21","2"
"greek","3999","","πεντακις","II_Corinthians","11","24"
"greek","4000","","πεντακισχιλιοι","Matthew","14","21"
"greek","4001","","πεντακοσιοι","Luke","7","41"
"greek","4002","","πεντε","Matthew","14","17"
"greek","4003","","πεντεκαιδεκατος","Luke","3","1"
"greek","4004","","πεντηκοντα","Mark","6","40"
"greek","4005","","πεντηκοστη","Acts","2","1"
"greek","4006","","πεποιθησις","II_Corinthians","1","15"
"greek","4008","","περαν","Matthew","4","15"
"greek","4008","","περαιτερω","Acts","19","39"
"greek","4009","","περας","Matthew","12","42"
"greek","4010","","περγαμος","Revelation","1","11"
"greek","4011","","περγη","Acts","13","13"
"greek","4012","","περι","Matthew","2","8"
"greek","4013","","περιαγω","Matthew","4","23"
"greek","4014","","περιαιρεω","Acts","27","20"
"greek","4015","","περιαστραπτω","Acts","9","3"
"greek","4016","","περιβαλλω","Matthew","6","29"
"greek","4017","","περιβλεπω","Mark","3","5"
"greek","4018","","περιβολαιον","I_Corinthians","11","15"
"greek","4019","","περιδεω","John","11","44"
"greek","4020","","περιεργαζομαι","II_Thessalonians","3","11"
"greek","4021","","περιεργος","Acts","19","19"
"greek","4022","","περιερχομαι","Acts","19","13"
"greek","4023","","περιεχω","Luke","5","9"
"greek","4024","","περιζωννυμι","Luke","12","35"
"greek","4025","","περιθεσις","I_Peter","3","3"
"greek","4026","","περιιστημι","John","11","42"
"greek","4027","","περικαθαρμα","I_Corinthians","4","13"
"greek","4028","","περικαλυπτω","Mark","14","65"
"greek","4029","","περικειμαι","Mark","9","42"
"greek","4030","","περικεφαλαια","Ephesians","6","17"
"greek","4031","","περικρατης","Acts","27","16"
"greek","4032","","περικρυβω","Luke","1","24"
"greek","4033","","περικυκλοω","Luke","19","43"
"greek","4034","","περιλαμπω","Luke","2","9"
"greek","4035","","περιλειπομαι","I_Thessalonians","4","15"
"greek","4036","","περιλυπος","Matthew","26","38"
"greek","4037","","περιμενω","Acts","1","4"
"greek","4038","","περιξ","Acts","5","16"
"greek","4039","","περιοικεω","Luke","1","65"
"greek","4040","","περιοικος","Luke","1","58"
"greek","4041","","περιουσιος","Titus","2","14"
"greek","4042","","περιοχη","Acts","8","32"
"greek","4043","","περιπατεω","Matthew","4","18"
"greek","4044","","περιπειρω","I_Timothy","6","10"
"greek","4045","","περιπιπτω","Luke","10","30"
"greek","4046","","περιποιεω","Luke","17","33"
"greek","4047","","περιποιησις","Ephesians","1","14"
"greek","4048","","περιρηγνυμι","Acts","16","22"
"greek","4049","","περισπαω","Luke","10","40"
"greek","4050","","περισσεια","Romans","5","17"
"greek","4051","","περισσευμα","Matthew","12","34"
"greek","4052","","περισσευω","Matthew","5","20"
"greek","4053","","περισσος","Matthew","5","37"
"greek","4053","","περισσου","Mark","6","51"
"greek","4057","","περισσως","Matthew","27","23"
"greek","4057","","υπερεκπερισσως","I_Thessalonians","5","13"
"greek","4057","","εκπερισσως","Mark","14","31"
"greek","4058","","περιστερα","Matthew","3","16"
"greek","4059","","περιτεμνω","Luke","1","59"
"greek","4060","","περιτιθημι","Matthew","21","33"
"greek","4061","","περιτομη","John","7","22"
"greek","4062","","περιτρεπω","Acts","26","24"
"greek","4063","","περιτρεχω","Mark","6","55"
"greek","4064","","περιφερω","Mark","6","55"
"greek","4065","","περιφρονεω","Titus","2","15"
"greek","4066","","περιχωρος","Matthew","3","5"
"greek","4067","","περιψημα","I_Corinthians","4","13"
"greek","4068","","περπερευομαι","I_Corinthians","13","4"
"greek","4069","","περσις","Romans","16","12"
"greek","4070","","περυσι","II_Corinthians","8","10"
"greek","4071","","πετεινος","Matthew","6","26"
"greek","4072","","πετομαι","Revelation","4","7"
"greek","4073","","πετρα","Matthew","7","24"
"greek","4074","","πετρος","Matthew","4","18"
"greek","4075","","πετρωδης","Matthew","13","5"
"greek","4076","","πηγανον","Luke","11","42"
"greek","4077","","πηγη","Mark","5","29"
"greek","4078","","πηγνυμι","Hebrews","8","2"
"greek","4079","","πηδαλιον","Acts","27","40"
"greek","4080","","πηλικος","Galatians","6","11"
"greek","4081","","πηλος","John","9","6"
"greek","4082","","πηρα","Matthew","10","10"
"greek","4083","","πηχυς","Matthew","6","27"
"greek","4084","","πιαζω","John","7","30"
"greek","4085","","πιεζω","Luke","6","38"
"greek","4086","","πιθανολογια","Colossians","2","4"
"greek","4087","","πικραινω","Colossians","3","19"
"greek","4088","","πικρια","Acts","8","23"
"greek","4089","","πικρος","James","3","11"
"greek","4090","","πικρως","Matthew","26","75"
"greek","4091","","πιλατος","Matthew","27","2"
"greek","4092","","πιμπρημι","Acts","28","6"
"greek","4093","","πινακιδιον","Luke","1","63"
"greek","4094","","πιναξ","Matthew","14","8"
"greek","4095","","πινω","Matthew","6","25"
"greek","4096","","πιοτης","Romans","11","17"
"greek","4097","","πιπρασκω","Matthew","13","46"
"greek","4098","","πιπτω","Matthew","2","11"
"greek","4098","","συμπιπτω","Luke","6","49"
"greek","4099","","πισιδια","Acts","14","24"
"greek","4099","","πισιδιος","Acts","13","14"
"greek","4100","","πιστευω","Matthew","8","13"
"greek","4101","","πιστικος","Mark","14","3"
"greek","4102","","πιστις","Matthew","8","10"
"greek","4103","","πιστος","Matthew","24","45"
"greek","4104","","πιστοω","II_Timothy","3","14"
"greek","4105","","πλαναω","Matthew","18","12"
"greek","4106","","πλανη","Matthew","27","64"
"greek","4107","","πλανητης","Jude","1","13"
"greek","4108","","πλανος","Matthew","27","63"
"greek","4109","","πλαξ","II_Corinthians","3","3"
"greek","4110","","πλασμα","Romans","9","20"
"greek","4111","","πλασσω","Romans","9","20"
"greek","4112","","πλαστος","II_Peter","2","3"
"greek","4113","","πλατυς","Matthew","6","5"
"greek","4114","","πλατος","Ephesians","3","18"
"greek","4115","","πλατυνω","Matthew","23","5"
"greek","4116","","πλατυς","Matthew","7","13"
"greek","4117","","πλεγμα","I_Timothy","2","9"
"greek","4118","","πολυς","Matthew","11","20"
"greek","4119","","πολυς","Matthew","5","20"
"greek","4120","","πλεκω","Matthew","27","29"
"greek","4120","","υφαινω","Luke","12","27"
"greek","4121","","πλεοναζω","Romans","5","20"
"greek","4122","","πλεονεκτεω","II_Corinthians","2","11"
"greek","4123","","πλεονεκτης","I_Corinthians","5","10"
"greek","4124","","πλεονεξια","Mark","7","22"
"greek","4125","","πλευρα","John","19","34"
"greek","4126","","πλεω","Luke","8","23"
"greek","4127","","πληγη","Luke","10","30"
"greek","4128","","πληθος","Mark","3","7"
"greek","4129","","πληθυνω","Matthew","24","12"
"greek","4130","","πιμπλημι","Matthew","22","10"
"greek","4131","","πληκτης","I_Timothy","3","3"
"greek","4132","","πλημμυρα","Luke","6","48"
"greek","4133","","πλην","Matthew","11","22"
"greek","4134","","πληρης","Matthew","14","20"
"greek","4135","","πληροφορεω","Luke","1","1"
"greek","4136","","πληροφορια","Colossians","2","2"
"greek","4137","","πληροω","Matthew","1","22"
"greek","4138","","πληρωμα","Matthew","9","16"
"greek","4139","","πλησιον","Matthew","5","43"
"greek","4140","","πλησμονη","Colossians","2","23"
"greek","4141","","πλησσω","Revelation","8","12"
"greek","4142","","πλοιαριον","Mark","3","9"
"greek","4143","","πλοιον","Matthew","4","21"
"greek","4144","","πλοος","Acts","21","7"
"greek","4145","","πλουσιος","Matthew","19","23"
"greek","4146","","πλουσιως","Colossians","3","16"
"greek","4147","","πλουτεω","Luke","1","53"
"greek","4148","","πλουτιζω","I_Corinthians","1","5"
"greek","4149","","πλουτος","Matthew","13","22"
"greek","4150","","πλυνω","Luke","5","2"
"greek","4151","","πνευμα","Matthew","1","18"
"greek","4152","","πνευματικος","Romans","1","11"
"greek","4153","","πνευματικως","I_Corinthians","2","14"
"greek","4154","","πνεω","Matthew","7","25"
"greek","4155","","πνιγω","Matthew","18","28"
"greek","4156","","πνικτος","Acts","15","20"
"greek","4157","","πνοη","Acts","2","2"
"greek","4158","","ποδηρης","Revelation","1","13"
"greek","4159","","ποθεν","Matthew","13","27"
"greek","4160","","ποιεω","Matthew","1","24"
"greek","4161","","ποιημα","Romans","1","20"
"greek","4162","","ποιησις","James","1","25"
"greek","4163","","ποιητης","Acts","17","28"
"greek","4164","","ποικιλος","Matthew","4","24"
"greek","4165","","ποιμαινω","Matthew","2","6"
"greek","4166","","ποιμην","Matthew","9","36"
"greek","4167","","ποιμνη","Matthew","26","31"
"greek","4168","","ποιμνιον","Luke","12","32"
"greek","4169","","ποιος","Matthew","19","18"
"greek","4170","","πολεμεω","James","4","2"
"greek","4171","","πολεμος","Matthew","24","6"
"greek","4172","","πολις","Matthew","2","23"
"greek","4173","","πολιταρχης","Acts","17","6"
"greek","4174","","πολιτεια","Acts","22","28"
"greek","4175","","πολιτευμα","Philippians","3","20"
"greek","4176","","πολιτευομαι","Acts","23","1"
"greek","4177","","πολιτης","Luke","15","15"
"greek","4178","","πολλακις","Matthew","17","15"
"greek","4179","","πολλαπλασιων","Matthew","19","29"
"greek","4180","","πολυλογια","Matthew","6","7"
"greek","4181","","πολυμερως","Hebrews","1","1"
"greek","4182","","πολυποικιλος","Ephesians","3","10"
"greek","4183","","πολυς","Matthew","2","18"
"greek","4184","","πολυσπλαγχνος","James","5","11"
"greek","4185","","πολυτελης","Mark","14","3"
"greek","4186","","πολυτιμος","Matthew","13","46"
"greek","4187","","πολυτροπως","Hebrews","1","1"
"greek","4188","","πομα","I_Corinthians","10","4"
"greek","4189","","πονηρια","Matthew","22","18"
"greek","4190","","πονηρος","Matthew","5","11"
"greek","4192","","πονος","Colossians","4","13"
"greek","4193","","ποντικος","Acts","18","2"
"greek","4194","","ποντιος","Luke","3","1"
"greek","4195","","ποντος","Acts","2","9"
"greek","4196","","ποπλιος","Acts","28","7"
"greek","4197","","πορεια","Luke","13","22"
"greek","4198","","πορευομαι","Matthew","2","8"
"greek","4199","","πορθεω","Acts","9","21"
"greek","4200","","πορισμος","I_Timothy","6","5"
"greek","4201","","πορκιος","Acts","24","27"
"greek","4202","","πορνεια","Matthew","5","32"
"greek","4203","","πορνευω","I_Corinthians","6","18"
"greek","4204","","πορνη","Matthew","21","31"
"greek","4205","","πορνος","I_Corinthians","5","9"
"greek","4206","","πορρω","Matthew","15","8"
"greek","4207","","πορρωθεν","Luke","17","12"
"greek","4209","","πορφυρα","Mark","15","17"
"greek","4210","","πορφυρους","John","19","2"
"greek","4211","","πορφυροπωλις","Acts","16","14"
"greek","4212","","ποσακις","Matthew","18","21"
"greek","4213","","ποσις","John","6","55"
"greek","4214","","ποσος","Matthew","6","23"
"greek","4215","","ποταμος","Matthew","3","6"
"greek","4216","","ποταμοφορητος","Revelation","12","15"
"greek","4217","","ποταπος","Matthew","8","27"
"greek","4218","","ποτε","Matthew","25","9"
"greek","4219","","ποτε","Matthew","4","6"
"greek","4220","","ποτερον","John","7","17"
"greek","4221","","ποτηριον","Matthew","10","42"
"greek","4222","","ποτιζω","Matthew","10","42"
"greek","4223","","ποτιολοι","Acts","28","13"
"greek","4224","","ποτος","I_Peter","4","3"
"greek","4225","","που","Mark","15","47"
"greek","4226","","που","Matthew","2","2"
"greek","4227","","πουδης","II_Timothy","4","21"
"greek","4228","","πους","Matthew","4","6"
"greek","4229","","πραγμα","Matthew","18","19"
"greek","4230","","πραγματεια","II_Timothy","2","4"
"greek","4231","","πραγματευομαι","Luke","19","13"
"greek","4232","","πραιτωριον","Matthew","27","27"
"greek","4233","","πρακτωρ","Luke","12","58"
"greek","4234","","πραξις","Matthew","16","27"
"greek","4237","","πρασια","Mark","6","40"
"greek","4238","","πρασσω","Luke","3","13"
"greek","4239","","πραυς","Matthew","5","5"
"greek","4240","","πραυτης","I_Corinthians","4","21"
"greek","4240","","πραυπαθια","I_Timothy","6","11"
"greek","4241","","πρεπω","Matthew","3","15"
"greek","4242","","πρεσβεια","Luke","14","32"
"greek","4243","","πρεσβευω","II_Corinthians","5","20"
"greek","4244","","πρεσβυτεριον","Luke","22","66"
"greek","4245","","πρεσβυτερος","Matthew","15","2"
"greek","4246","","πρεσβυτης","Luke","1","18"
"greek","4247","","πρεσβυτις","Titus","2","3"
"greek","4248","","πρηνης","Acts","1","18"
"greek","4249","","πριζω","Hebrews","11","37"
"greek","4250","","πριν","Matthew","1","18"
"greek","4251","","πρισκα","Romans","16","3"
"greek","4252","","πρισκα","Acts","18","2"
"greek","4253","","προ","Matthew","5","12"
"greek","4254","","προαγω","Matthew","2","9"
"greek","4255","","προαιρεω","II_Corinthians","9","7"
"greek","4256","","προαιτιαομαι","Romans","3","9"
"greek","4257","","προακουω","Colossians","1","5"
"greek","4258","","προαμαρτανω","II_Corinthians","12","21"
"greek","4259","","προαυλιον","Mark","14","68"
"greek","4260","","προβαινω","Matthew","4","21"
"greek","4261","","προβαλλω","Luke","21","30"
"greek","4262","","προβατικος","John","5","2"
"greek","4263","","προβατον","Matthew","7","15"
"greek","4263","","προβατιον","John","21","16"
"greek","4264","","προβιβαζω","Matthew","14","8"
"greek","4265","","προβλεπω","Hebrews","11","40"
"greek","4266","","προγινομαι","Romans","3","25"
"greek","4267","","προγινωσκω","Acts","26","5"
"greek","4268","","προγνωσις","Acts","2","23"
"greek","4269","","προγονος","I_Timothy","5","4"
"greek","4270","","προγραφω","Romans","15","4"
"greek","4271","","προδηλος","I_Timothy","5","24"
"greek","4272","","προδιδωμι","Romans","11","35"
"greek","4273","","προδοτης","Luke","6","16"
"greek","4274","","προδρομος","Hebrews","6","20"
"greek","4276","","προελπιζω","Ephesians","1","12"
"greek","4278","","προεναρχομαι","II_Corinthians","8","6"
"greek","4279","","προεπαγγελλω","Romans","1","2"
"greek","4281","","προερχομαι","Matthew","26","39"
"greek","4282","","προετοιμαζω","Romans","9","23"
"greek","4283","","προευαγγελιζομαι","Galatians","3","8"
"greek","4284","","προεχω","Romans","3","9"
"greek","4285","","προηγεομαι","Romans","12","10"
"greek","4286","","προθεσις","Matthew","12","4"
"greek","4287","","προθεσμια","Galatians","4","2"
"greek","4288","","προθυμια","Acts","17","11"
"greek","4289","","προθυμος","Matthew","26","41"
"greek","4290","","προθυμως","I_Peter","5","2"
"greek","4291","","προιστημι","Romans","12","8"
"greek","4292","","προκαλεω","Galatians","5","26"
"greek","4293","","προκαταγγελλω","Acts","3","18"
"greek","4294","","προκαταρτιζω","II_Corinthians","9","5"
"greek","4295","","προκειμαι","II_Corinthians","8","12"
"greek","4296","","προκηρυσσω","Acts","13","24"
"greek","4297","","προκοπη","Philippians","1","12"
"greek","4298","","προκοπτω","Luke","2","52"
"greek","4299","","προκριμα","I_Timothy","5","21"
"greek","4300","","προκυροω","Galatians","3","17"
"greek","4301","","προλαμβανω","Mark","14","8"
"greek","4302","","προλεγω","Matthew","24","25"
"greek","4303","","προμαρτυρομαι","I_Peter","1","11"
"greek","4304","","προμελεταω","Luke","21","14"
"greek","4305","","προμεριμναω","Mark","13","11"
"greek","4306","","προνοεω","Romans","12","17"
"greek","4307","","προνοια","Acts","24","2"
"greek","4308","","προοραω","Acts","2","25"
"greek","4309","","προοριζω","Acts","4","28"
"greek","4310","","προπασχω","I_Thessalonians","2","2"
"greek","4311","","προπεμπω","Acts","15","3"
"greek","4312","","προπετης","Acts","19","36"
"greek","4313","","προπορευομαι","Luke","1","76"
"greek","4314","","προς","Matthew","2","12"
"greek","4315","","προσαββατον","Mark","15","42"
"greek","4316","","προσαγορευω","Hebrews","5","10"
"greek","4317","","προσαγω","Matthew","18","24"
"greek","4318","","προσαγωγη","Romans","5","2"
"greek","4319","","προσαιτεω","John","9","8"
"greek","4319","","προσαιτης","Mark","10","46"
"greek","4320","","προσαναβαινω","Luke","14","10"
"greek","4322","","προσαναπληροω","II_Corinthians","9","12"
"greek","4323","","προσανατιθημι","Galatians","1","16"
"greek","4324","","προσαπειλεω","Acts","4","21"
"greek","4325","","προσδαπαναω","Luke","10","35"
"greek","4326","","προσδεομαι","Acts","17","25"
"greek","4327","","προσδεχομαι","Mark","15","43"
"greek","4328","","προσδοκαω","Matthew","11","3"
"greek","4329","","προσδοκια","Luke","21","26"
"greek","4330","","προσεαω","Acts","27","7"
"greek","4332","","παρεδρευω","I_Corinthians","9","13"
"greek","4333","","προσεργαζομαι","Luke","19","16"
"greek","4334","","προσερχομαι","Matthew","4","3"
"greek","4335","","προσευχη","Matthew","21","13"
"greek","4336","","προσευχομαι","Matthew","5","44"
"greek","4337","","προσεχω","Matthew","6","1"
"greek","4338","","προσηλοω","Colossians","2","14"
"greek","4339","","προσηλυτος","Matthew","23","15"
"greek","4340","","προσκαιρος","Matthew","13","21"
"greek","4341","","προσκαλεω","Matthew","10","1"
"greek","4342","","προσκαρτερεω","Mark","3","9"
"greek","4343","","προσκαρτερησις","Ephesians","6","18"
"greek","4344","","προσκεφαλαιον","Mark","4","38"
"greek","4345","","προσκληροω","Acts","17","4"
"greek","4346","","προσκλισις","I_Timothy","5","21"
"greek","4346","","προσκλινω","Acts","5","36"
"greek","4347","","προσκολλαω","Ephesians","5","31"
"greek","4348","","προσκομμα","Romans","9","32"
"greek","4349","","προσκοπη","II_Corinthians","6","3"
"greek","4350","","προσκοπτω","Matthew","4","6"
"greek","4351","","προσκυλιω","Matthew","27","60"
"greek","4352","","προσκυνεω","Matthew","2","2"
"greek","4353","","προσκυνητης","John","4","23"
"greek","4354","","προσλαλεω","Acts","13","43"
"greek","4355","","προσλαμβανω","Matthew","16","22"
"greek","4356","","προσλημψις","Romans","11","15"
"greek","4357","","προσμενω","Matthew","15","32"
"greek","4358","","προσορμιζω","Mark","6","53"
"greek","4359","","προσοφειλω","Philemon","1","19"
"greek","4360","","προσοχθιζω","Hebrews","3","10"
"greek","4361","","προσπεινος","Acts","10","10"
"greek","4362","","προσπηγνυμι","Acts","2","23"
"greek","4363","","προσπιπτω","Matthew","7","25"
"greek","4364","","προσποιεω","Luke","24","28"
"greek","4365","","προσπορευομαι","Mark","10","35"
"greek","4366","","προσρησσω","Luke","6","48"
"greek","4367","","προστασσω","Matthew","1","24"
"greek","4368","","προστατις","Romans","16","2"
"greek","4369","","προστιθημι","Matthew","6","27"
"greek","4370","","προστρεχω","Mark","9","15"
"greek","4371","","προσφαγιον","John","21","5"
"greek","4372","","προσφατος","Hebrews","10","20"
"greek","4373","","προσφατως","Acts","18","2"
"greek","4374","","προσφερω","Matthew","2","11"
"greek","4375","","προσφιλης","Philippians","4","8"
"greek","4376","","προσφορα","Acts","21","26"
"greek","4377","","προσφωνεω","Matthew","11","16"
"greek","4378","","προσχυσις","Hebrews","11","28"
"greek","4379","","προσψαυω","Luke","11","46"
"greek","4380","","προσωπολημπτεω","James","2","9"
"greek","4381","","προσωπολημπτης","Acts","10","34"
"greek","4382","","προσωπολημψια","Romans","2","11"
"greek","4383","","προσωπον","Matthew","6","16"
"greek","4385","","προτεινω","Acts","22","25"
"greek","4386","","προτερος","John","6","62"
"greek","4388","","προτιθημι","Romans","1","13"
"greek","4389","","προτρεπω","Acts","18","27"
"greek","4390","","προτρεχω","Luke","19","4"
"greek","4391","","προυπαρχω","Luke","23","12"
"greek","4392","","προφασις","Mark","12","40"
"greek","4393","","προφερω","Luke","6","45"
"greek","4394","","προφητεια","Matthew","13","14"
"greek","4395","","προφητευω","Matthew","7","22"
"greek","4396","","προφητης","Matthew","1","22"
"greek","4397","","προφητικος","Romans","16","26"
"greek","4398","","προφητις","Luke","2","36"
"greek","4399","","προφθανω","Matthew","17","25"
"greek","4400","","προχειριζομαι","Acts","3","20"
"greek","4401","","προχειροτονεω","Acts","10","41"
"greek","4402","","προχορος","Acts","6","5"
"greek","4403","","πρυμνα","Mark","4","38"
"greek","4404","","πρωι","Matthew","16","3"
"greek","4405","","πρωια","Matthew","27","1"
"greek","4406","","προιμος","James","5","7"
"greek","4407","","πρωινος","Revelation","2","28"
"greek","4408","","πρωρα","Acts","27","30"
"greek","4409","","πρωτευω","Colossians","1","18"
"greek","4410","","πρωτοκαθεδρια","Matthew","23","6"
"greek","4411","","πρωτοκλισια","Matthew","23","6"
"greek","4412","","πρωτος","Matthew","5","24"
"greek","4413","","πρωτος","Matthew","10","2"
"greek","4413","","πρωτως","Acts","11","26"
"greek","4414","","πρωτοστατης","Acts","24","5"
"greek","4415","","πρωτοτοκια","Hebrews","12","16"
"greek","4416","","πρωτοτοκος","Luke","2","7"
"greek","4417","","πταιω","Romans","11","11"
"greek","4418","","πτερνα","John","13","18"
"greek","4419","","πτερυγιον","Matthew","4","5"
"greek","4420","","πτερυξ","Matthew","23","37"
"greek","4421","","πτηνος","I_Corinthians","15","39"
"greek","4422","","πτοεω","Luke","21","9"
"greek","4423","","πτοησις","I_Peter","3","6"
"greek","4424","","πτολεμαις","Acts","21","7"
"greek","4425","","πτυον","Matthew","3","12"
"greek","4426","","πτυρω","Philippians","1","28"
"greek","4427","","πτυσμα","John","9","6"
"greek","4428","","πτυσσω","Luke","4","20"
"greek","4429","","πτυω","Mark","7","33"
"greek","4430","","πτωμα","Matthew","14","12"
"greek","4431","","πτωσις","Matthew","7","27"
"greek","4432","","πτωχεια","II_Corinthians","8","2"
"greek","4433","","πτωχευω","II_Corinthians","8","9"
"greek","4434","","πτωχος","Matthew","5","3"
"greek","4435","","πυγμη","Mark","7","3"
"greek","4436","","πυθων","Acts","16","16"
"greek","4437","","πυκνος","Luke","5","33"
"greek","4438","","πυκτευω","I_Corinthians","9","26"
"greek","4439","","πυλη","Matthew","7","13"
"greek","4440","","πυλων","Matthew","26","71"
"greek","4441","","πυνθανομαι","Matthew","2","4"
"greek","4442","","πυρ","Matthew","3","10"
"greek","4443","","πυρα","Acts","28","2"
"greek","4444","","πυργος","Matthew","21","33"
"greek","4445","","πυρεσσω","Matthew","8","14"
"greek","4446","","πυρετος","Matthew","8","15"
"greek","4447","","πυρινος","Revelation","9","17"
"greek","4448","","πυροω","I_Corinthians","7","9"
"greek","4449","","πυρραζω","Matthew","16","2"
"greek","4450","","πυρρος","Revelation","6","4"
"greek","4450","","πυρρος","Acts","20","4"
"greek","4451","","πυρωσις","I_Peter","4","12"
"greek","4453","","πωλεω","Matthew","10","29"
"greek","4454","","πωλος","Matthew","21","2"
"greek","4455","","πωποτε","Luke","19","30"
"greek","4456","","πωροω","Mark","6","52"
"greek","4457","","πωρωσις","Mark","3","5"
"greek","4459","","πως","Matthew","6","28"
"greek","4460","","ρααβ","Hebrews","11","31"
"greek","4461","","ραββι","Matthew","23","7"
"greek","4462","","ραββουνι","Mark","10","51"
"greek","4463","","ραβδιζω","Acts","16","22"
"greek","4464","","ραβδος","Matthew","10","10"
"greek","4465","","ραβδουχος","Acts","16","35"
"greek","4466","","ραγαυ","Luke","3","35"
"greek","4467","","ραδιουργημα","Acts","18","14"
"greek","4468","","ραδιουργια","Acts","13","10"
"greek","4469","","ρακα","Matthew","5","22"
"greek","4470","","ρακος","Matthew","9","16"
"greek","4471","","ραμα","Matthew","2","18"
"greek","4472","","ραντιζω","Mark","7","4"
"greek","4473","","ραντισμος","Hebrews","12","24"
"greek","4474","","ραπιζω","Matthew","5","39"
"greek","4475","","ραπισμα","Mark","14","65"
"greek","4476","","ραφις","Matthew","19","24"
"greek","4477","","ραχαβ","Matthew","1","5"
"greek","4478","","ραχηλ","Matthew","2","18"
"greek","4479","","ρεβεκκα","Romans","9","10"
"greek","4480","","ρεδη","Revelation","18","13"
"greek","4481","","ραιφαν","Acts","7","43"
"greek","4482","","ρεω","John","7","38"
"greek","4484","","ρηγιον","Acts","28","13"
"greek","4485","","ρηγμα","Luke","6","49"
"greek","4486","","ρηγνυμι","Matthew","7","6"
"greek","4487","","ρημα","Matthew","4","4"
"greek","4488","","ρησα","Luke","3","27"
"greek","4489","","ρητωρ","Acts","24","1"
"greek","4490","","ρητως","I_Timothy","4","1"
"greek","4491","","ριζα","Matthew","3","10"
"greek","4492","","ριζοω","Ephesians","3","17"
"greek","4493","","ριπη","I_Corinthians","15","52"
"greek","4494","","ριπιζω","James","1","6"
"greek","4495","","ριπτω","Acts","22","23"
"greek","4496","","ριπτω","Matthew","9","36"
"greek","4497","","ροβοαμ","Matthew","1","7"
"greek","4498","","ροδη","Acts","12","13"
"greek","4499","","ροδος","Acts","21","1"
"greek","4500","","ροιζηδον","II_Peter","3","10"
"greek","4501","","ρομφαια","Luke","2","35"
"greek","4502","","ρουβην","Revelation","7","5"
"greek","4503","","ρουθ","Matthew","1","5"
"greek","4504","","ρουφος","Mark","15","21"
"greek","4505","","ρυμη","Matthew","6","2"
"greek","4506","","ρυομαι","Matthew","6","13"
"greek","4507","","ρυπαρια","James","1","21"
"greek","4508","","ρυπαρος","James","2","2"
"greek","4509","","ρυπος","I_Peter","3","21"
"greek","4510","","ρυπαινω","Revelation","22","11"
"greek","4511","","ρυσις","Mark","5","25"
"greek","4512","","ρυτις","Ephesians","5","27"
"greek","4514","","ρωμαιος","John","11","48"
"greek","4515","","ρωμαιστι","John","19","20"
"greek","4516","","ρωμη","Acts","18","2"
"greek","4517","","ρωννυμι","Acts","15","29"
"greek","4518","","σαβαχθανι","Matthew","27","46"
"greek","4519","","σαβαωθ","Romans","9","29"
"greek","4520","","σαββατισμος","Hebrews","4","9"
"greek","4521","","σαββατον","Matthew","12","1"
"greek","4522","","σαγηνη","Matthew","13","47"
"greek","4523","","σαδδουκαιος","Matthew","3","7"
"greek","4524","","σαδωκ","Matthew","1","14"
"greek","4525","","σαινω","I_Thessalonians","3","3"
"greek","4526","","σακκος","Matthew","11","21"
"greek","4527","","σαλα","Luke","3","32"
"greek","4528","","σαλαθιηλ","Matthew","1","12"
"greek","4529","","σαλαμις","Acts","13","5"
"greek","4530","","σαλειμ","John","3","23"
"greek","4531","","σαλευω","Matthew","11","7"
"greek","4532","","σαλημ","Hebrews","7","1"
"greek","4533","","σαλμων","Matthew","1","4"
"greek","4534","","σαλμωνη","Acts","27","7"
"greek","4535","","σαλος","Luke","21","25"
"greek","4536","","σαλπιγξ","Matthew","24","31"
"greek","4537","","σαλπιζω","Matthew","6","2"
"greek","4538","","σαλπιστης","Revelation","18","22"
"greek","4539","","σαλωμη","Mark","15","40"
"greek","4540","","σαμαρεια","Luke","17","11"
"greek","4541","","σαμαριτης","Matthew","10","5"
"greek","4542","","σαμαριτις","John","4","9"
"greek","4543","","σαμοθρακη","Acts","16","11"
"greek","4544","","σαμος","Acts","20","15"
"greek","4545","","σαμουηλ","Acts","3","24"
"greek","4546","","σαμψων","Hebrews","11","32"
"greek","4547","","σανδαλιον","Mark","6","9"
"greek","4548","","σανις","Acts","27","44"
"greek","4549","","σαουλ","Acts","9","4"
"greek","4550","","σαπρος","Matthew","7","17"
"greek","4551","","σαπφιρα","Acts","5","1"
"greek","4552","","σαπφιρος","Revelation","21","19"
"greek","4553","","σαργανη","II_Corinthians","11","33"
"greek","4554","","σαρδεις","Revelation","1","11"
"greek","4556","","σαρδιον","Revelation","4","3"
"greek","4557","","σαρδονυξ","Revelation","21","20"
"greek","4558","","σαρεπτα","Luke","4","26"
"greek","4559","","σαρκικος","Romans","15","27"
"greek","4560","","σαρκινος","Romans","7","14"
"greek","4561","","σαρξ","Matthew","16","17"
"greek","4562","","σερουχ","Luke","3","35"
"greek","4563","","σαροω","Matthew","12","44"
"greek","4564","","σαρρα","Romans","4","19"
"greek","4565","","σαρων","Acts","9","35"
"greek","4567","","σατανας","Matthew","4","10"
"greek","4568","","σατον","Matthew","13","33"
"greek","4569","","σαυλος","Acts","7","58"
"greek","4570","","σβεννυμι","Matthew","12","20"
"greek","4572","","σεαυτου","Matthew","4","6"
"greek","4573","","σεβαζομαι","Romans","1","25"
"greek","4574","","σεβασμα","Acts","17","23"
"greek","4575","","σεβαστος","Acts","25","21"
"greek","4576","","σεβω","Matthew","15","9"
"greek","4577","","σιρος","II_Peter","2","4"
"greek","4578","","σεισμος","Matthew","8","24"
"greek","4579","","σειω","Matthew","21","10"
"greek","4580","","σεκουνδος","Acts","20","4"
"greek","4581","","σελευκεια","Acts","13","4"
"greek","4582","","σεληνη","Matthew","24","29"
"greek","4583","","σεληνιαζομαι","Matthew","4","24"
"greek","4584","","σεμειν","Luke","3","26"
"greek","4585","","σεμιδαλις","Revelation","18","13"
"greek","4586","","σεμνος","Philippians","4","8"
"greek","4587","","σεμνοτης","I_Timothy","2","2"
"greek","4588","","σεργιος","Acts","13","7"
"greek","4589","","σηθ","Luke","3","38"
"greek","4590","","σημ","Luke","3","36"
"greek","4591","","σημαινω","John","12","33"
"greek","4592","","σημειον","Matthew","12","38"
"greek","4593","","σημειοω","II_Thessalonians","3","14"
"greek","4594","","σημερον","Matthew","6","11"
"greek","4595","","σηπω","James","5","2"
"greek","4596","","σιρικος","Revelation","18","12"
"greek","4597","","σης","Matthew","6","19"
"greek","4598","","σητοβρωτος","James","5","2"
"greek","4599","","σθενοω","I_Peter","5","10"
"greek","4600","","σιαγων","Matthew","5","39"
"greek","4601","","σιγαω","Luke","9","36"
"greek","4602","","σιγη","Acts","21","40"
"greek","4603","","σιδηρους","Acts","12","10"
"greek","4604","","σιδηρος","Revelation","18","12"
"greek","4605","","σιδων","Matthew","11","21"
"greek","4606","","σιδωνιος","Luke","4","26"
"greek","4607","","σικαριος","Acts","21","38"
"greek","4608","","σικερα","Luke","1","15"
"greek","4609","","σιλας","Acts","15","22"
"greek","4610","","σιλουανος","II_Corinthians","1","19"
"greek","4611","","σιλωαμ","Luke","13","4"
"greek","4612","","σιμικινθιον","Acts","19","12"
"greek","4613","","σιμων","Matthew","4","18"
"greek","4614","","σινα","Acts","7","30"
"greek","4615","","σιναπι","Matthew","13","31"
"greek","4616","","σινδων","Matthew","27","59"
"greek","4617","","σινιαζω","Luke","22","31"
"greek","4618","","σιτευτος","Luke","15","23"
"greek","4619","","σιτιστος","Matthew","22","4"
"greek","4620","","σιτομετριον","Luke","12","42"
"greek","4621","","σιτος","Matthew","3","12"
"greek","4621","","σιτιον","Acts","7","12"
"greek","4622","","σιων","Matthew","21","5"
"greek","4623","","σιωπαω","Matthew","20","31"
"greek","4624","","σκανδαλιζω","Matthew","5","29"
"greek","4625","","σκανδαλον","Matthew","13","41"
"greek","4626","","σκαπτω","Luke","6","48"
"greek","4627","","σκαφη","Acts","27","16"
"greek","4628","","σκελος","John","19","31"
"greek","4629","","σκεπασμα","I_Timothy","6","8"
"greek","4630","","σκευας","Acts","19","14"
"greek","4631","","σκευη","Acts","27","19"
"greek","4632","","σκευος","Matthew","12","29"
"greek","4633","","σκηνη","Matthew","17","4"
"greek","4634","","σκηνοπηγια","John","7","2"
"greek","4635","","σκηνοποιος","Acts","18","3"
"greek","4636","","σκηνος","II_Corinthians","5","1"
"greek","4637","","σκηνοω","John","1","14"
"greek","4638","","σκηνωμα","Acts","7","46"
"greek","4639","","σκια","Matthew","4","16"
"greek","4640","","σκιρταω","Luke","1","41"
"greek","4641","","σκληροκαρδια","Matthew","19","8"
"greek","4642","","σκληρος","Matthew","25","24"
"greek","4643","","σκληροτης","Romans","2","5"
"greek","4644","","σκληροτραχηλος","Acts","7","51"
"greek","4645","","σκληρυνω","Acts","19","9"
"greek","4646","","σκολιος","Luke","3","5"
"greek","4647","","σκολοψ","II_Corinthians","12","7"
"greek","4648","","σκοπεω","Luke","11","35"
"greek","4649","","σκοπος","Philippians","3","14"
"greek","4650","","σκορπιζω","Matthew","12","30"
"greek","4651","","σκορπιος","Luke","10","19"
"greek","4652","","σκοτεινος","Matthew","6","23"
"greek","4653","","σκοτια","Matthew","4","16"
"greek","4654","","σκοτιζω","Matthew","24","29"
"greek","4655","","σκοτος","Matthew","6","23"
"greek","4656","","σκοτοω","Ephesians","4","18"
"greek","4657","","σκυβαλον","Philippians","3","8"
"greek","4658","","σκυθης","Colossians","3","11"
"greek","4659","","σκυθρωπος","Matthew","6","16"
"greek","4660","","σκυλλω","Matthew","9","36"
"greek","4661","","σκυλον","Luke","11","22"
"greek","4662","","σκωληκοβρωτος","Acts","12","23"
"greek","4663","","σκωληξ","Mark","9","48"
"greek","4664","","σμαραγδινος","Revelation","4","3"
"greek","4665","","σμαραγδος","Revelation","21","19"
"greek","4666","","σμυρνα","Matthew","2","11"
"greek","4667","","σμυρνα","Revelation","1","11"
"greek","4669","","σμυρνιζω","Mark","15","23"
"greek","4670","","σοδομα","Matthew","10","15"
"greek","4672","","σολομων","Matthew","1","6"
"greek","4673","","σορος","Luke","7","14"
"greek","4674","","σος","Matthew","7","3"
"greek","4676","","σουδαριον","Luke","19","20"
"greek","4677","","σουσαννα","Luke","8","3"
"greek","4678","","σοφια","Matthew","11","19"
"greek","4679","","σοφιζω","II_Timothy","3","15"
"greek","4680","","σοφος","Matthew","11","25"
"greek","4681","","σπανια","Romans","15","24"
"greek","4682","","σπαρασσω","Mark","1","26"
"greek","4683","","σπαργανοω","Luke","2","7"
"greek","4684","","σπαταλαω","I_Timothy","5","6"
"greek","4685","","σπαω","Mark","14","47"
"greek","4686","","σπειρα","Matthew","27","27"
"greek","4687","","σπειρω","Matthew","6","26"
"greek","4687","","επισπειρω","Matthew","13","25"
"greek","4688","","σπεκουλατωρ","Mark","6","27"
"greek","4689","","σπενδω","Philippians","2","17"
"greek","4690","","σπερμα","Matthew","13","24"
"greek","4691","","σπερμολογος","Acts","17","18"
"greek","4692","","σπευδω","Luke","2","16"
"greek","4693","","σπηλαιον","Matthew","21","13"
"greek","4694","","σπιλας","Jude","1","12"
"greek","4695","","σπιλοω","James","3","6"
"greek","4696","","σπιλος","Ephesians","5","27"
"greek","4697","","σπλαγχνιζομαι","Matthew","9","36"
"greek","4698","","σπλαγχνον","Luke","1","78"
"greek","4699","","σπογγος","Matthew","27","48"
"greek","4700","","σποδος","Matthew","11","21"
"greek","4701","","σπορα","I_Peter","1","23"
"greek","4702","","σποριμος","Matthew","12","1"
"greek","4703","","σπορος","Mark","4","26"
"greek","4704","","σπουδαζω","Galatians","2","10"
"greek","4705","","σπουδαιος","II_Corinthians","8","17"
"greek","4708","","σπουδαιως","Philippians","2","28"
"greek","4709","","σπουδαιως","Luke","7","4"
"greek","4710","","σπουδη","Mark","6","25"
"greek","4711","","σπυρις","Matthew","15","37"
"greek","4712","","σταδιον","Matthew","14","24"
"greek","4713","","σταμνος","Hebrews","9","4"
"greek","4714","","στασις","Mark","15","7"
"greek","4715","","στατηρ","Matthew","17","27"
"greek","4716","","σταυρος","Matthew","10","38"
"greek","4717","","σταυροω","Matthew","20","19"
"greek","4718","","σταφυλη","Matthew","7","16"
"greek","4719","","σταχυς","Matthew","12","1"
"greek","4720","","σταχυς","Romans","16","9"
"greek","4721","","στεγη","Matthew","8","8"
"greek","4722","","στεγω","I_Corinthians","9","12"
"greek","4723","","στειρα","Luke","1","7"
"greek","4724","","στελλω","II_Corinthians","8","20"
"greek","4725","","στεμμα","Acts","14","13"
"greek","4726","","στεναγμος","Acts","7","34"
"greek","4727","","στεναζω","Mark","7","34"
"greek","4728","","στενος","Matthew","7","13"
"greek","4729","","στενοχωρεω","II_Corinthians","4","8"
"greek","4730","","στενοχωρια","Romans","2","9"
"greek","4731","","στερεος","II_Timothy","2","19"
"greek","4732","","στερεοω","Acts","3","7"
"greek","4733","","στερεωμα","Colossians","2","5"
"greek","4734","","στεφανας","I_Corinthians","1","16"
"greek","4735","","στεφανος","Matthew","27","29"
"greek","4736","","στεφανος","Acts","6","5"
"greek","4737","","στεφανοω","II_Timothy","2","5"
"greek","4738","","στηθος","Luke","18","13"
"greek","4739","","στηκω","Mark","3","31"
"greek","4740","","στηριγμος","II_Peter","3","17"
"greek","4741","","στηριζω","Luke","9","51"
"greek","4742","","στιγμα","Galatians","6","17"
"greek","4743","","στιγμη","Luke","4","5"
"greek","4744","","στιλβω","Mark","9","3"
"greek","4745","","στοα","John","5","2"
"greek","4746","","στιβας","Mark","11","8"
"greek","4747","","στοιχειον","Galatians","4","3"
"greek","4748","","στοιχεω","Acts","21","24"
"greek","4749","","στολη","Mark","12","38"
"greek","4750","","στομα","Matthew","4","4"
"greek","4751","","στομαχος","I_Timothy","5","23"
"greek","4752","","στρατεια","II_Corinthians","10","4"
"greek","4753","","στρατευμα","Matthew","22","7"
"greek","4754","","στρατευω","Luke","3","14"
"greek","4755","","στρατηγος","Luke","22","4"
"greek","4756","","στρατια","Luke","2","13"
"greek","4757","","στρατιωτης","Matthew","8","9"
"greek","4758","","στρατολογεω","II_Timothy","2","4"
"greek","4760","","στρατοπεδον","Luke","21","20"
"greek","4761","","στρεβλοω","II_Peter","3","16"
"greek","4762","","στρεφω","Matthew","5","39"
"greek","4763","","στρηνιαω","Revelation","18","7"
"greek","4764","","στρηνος","Revelation","18","3"
"greek","4765","","στρουθιον","Matthew","10","29"
"greek","4766","","στρωννυω","Matthew","21","8"
"greek","4767","","στυγητος","Titus","3","3"
"greek","4768","","στυγναζω","Matthew","16","3"
"greek","4769","","στυλος","Galatians","2","9"
"greek","4770","","στοικος","Acts","17","18"
"greek","4771","","συ","Matthew","1","20"
"greek","4772","","συγγενεια","Luke","1","61"
"greek","4773","","συγγενης","Mark","6","4"
"greek","4773","","συγγενις","Luke","1","36"
"greek","4774","","συγγνωμη","I_Corinthians","7","6"
"greek","4775","","συγκαθημαι","Mark","14","54"
"greek","4776","","συγκαθιζω","Luke","22","55"
"greek","4777","","συγκακοπαθεω","II_Timothy","1","8"
"greek","4778","","συγκακουχεομαι","Hebrews","11","25"
"greek","4779","","συγκαλεω","Mark","15","16"
"greek","4780","","συγκαλυπτω","Luke","12","2"
"greek","4781","","συγκαμπτω","Romans","11","10"
"greek","4782","","συγκαταβαινω","Acts","25","5"
"greek","4783","","συγκαταθεσις","II_Corinthians","6","16"
"greek","4784","","συγκατατιθεμαι","Luke","23","51"
"greek","4785","","συγκαταψηφιζομαι","Acts","1","26"
"greek","4786","","συγκεραννυμι","I_Corinthians","12","24"
"greek","4787","","συγκινεω","Acts","6","12"
"greek","4788","","συγκλειω","Luke","5","6"
"greek","4789","","συγκληρονομος","Romans","8","17"
"greek","4790","","συγκοινωνεω","Ephesians","5","11"
"greek","4791","","συγκοινωνος","Romans","11","17"
"greek","4792","","συγκομιζω","Acts","8","2"
"greek","4793","","συγκρινω","I_Corinthians","2","13"
"greek","4794","","συγκυπτω","Luke","13","11"
"greek","4795","","συγκυρια","Luke","10","31"
"greek","4796","","συγχαιρω","Luke","1","58"
"greek","4797","","συγχεω","Acts","2","6"
"greek","4798","","συγχραομαι","John","4","9"
"greek","4799","","συγχυσις","Acts","19","29"
"greek","4800","","συζαω","Romans","6","8"
"greek","4801","","συζευγνυμι","Matthew","19","6"
"greek","4802","","συζητεω","Mark","1","27"
"greek","4804","","συζητητης","I_Corinthians","1","20"
"greek","4805","","συζυγος","Philippians","4","3"
"greek","4806","","συζωοποιεω","Ephesians","2","5"
"greek","4807","","συκαμινος","Luke","17","6"
"greek","4808","","συκη","Matthew","21","19"
"greek","4809","","συκομορεα","Luke","19","4"
"greek","4810","","συκον","Matthew","7","16"
"greek","4811","","συκοφαντεω","Luke","3","14"
"greek","4812","","συλαγωγεω","Colossians","2","8"
"greek","4813","","συλαω","II_Corinthians","11","8"
"greek","4814","","συλλαλεω","Matthew","17","3"
"greek","4815","","συλλαμβανω","Matthew","26","55"
"greek","4816","","συλλεγω","Matthew","7","16"
"greek","4817","","συλλογιζομαι","Luke","20","5"
"greek","4818","","συλλυπεω","Mark","3","5"
"greek","4819","","συμβαινω","Mark","10","32"
"greek","4820","","συμβαλλω","Luke","2","19"
"greek","4821","","συμβασιλευω","I_Corinthians","4","8"
"greek","4822","","συμβιβαζω","Acts","9","22"
"greek","4823","","συμβουλευω","Matthew","26","4"
"greek","4824","","συμβουλιον","Matthew","12","14"
"greek","4825","","συμβουλος","Romans","11","34"
"greek","4826","","συμεων","Luke","2","25"
"greek","4827","","συμμαθητης","John","11","16"
"greek","4828","","συμμαρτυρεω","Romans","2","15"
"greek","4829","","συμμεριζω","I_Corinthians","9","13"
"greek","4830","","συμμετοχος","Ephesians","3","6"
"greek","4831","","συμμιμητης","Philippians","3","17"
"greek","4832","","συμμορφος","Romans","8","29"
"greek","4833","","συμμορφιζω","Philippians","3","10"
"greek","4834","","συμπαθεω","Hebrews","4","15"
"greek","4835","","συμπαθης","I_Peter","3","8"
"greek","4836","","συμπαραγινομαι","Luke","23","48"
"greek","4837","","συμπαρακαλεω","Romans","1","12"
"greek","4838","","συμπαραλαμβανω","Acts","12","25"
"greek","4840","","συμπαρειμι","Acts","25","24"
"greek","4841","","συμπασχω","Romans","8","17"
"greek","4842","","συμπεμπω","II_Corinthians","8","18"
"greek","4843","","συμπεριλαμβανω","Acts","20","10"
"greek","4844","","συμπινω","Acts","10","41"
"greek","4845","","συμπληροω","Luke","8","23"
"greek","4846","","συμπνιγω","Matthew","13","22"
"greek","4847","","συμπολιτης","Ephesians","2","19"
"greek","4848","","συμπορευομαι","Mark","10","1"
"greek","4849","","συμποσιον","Mark","6","39"
"greek","4850","","συμπρεσβυτερος","I_Peter","5","1"
"greek","4851","","συμφερω","Matthew","5","29"
"greek","4851","","συμφορος","I_Corinthians","7","35"
"greek","4852","","συμφημι","Romans","7","16"
"greek","4853","","συμφυλετης","I_Thessalonians","2","14"
"greek","4854","","συμφυτος","Romans","6","5"
"greek","4855","","συμφυω","Luke","8","7"
"greek","4856","","συμφωνεω","Matthew","18","19"
"greek","4857","","συμφωνησις","II_Corinthians","6","15"
"greek","4858","","συμφωνια","Luke","15","25"
"greek","4859","","συμφωνος","I_Corinthians","7","5"
"greek","4860","","συμψηφιζω","Acts","19","19"
"greek","4861","","συμψυχος","Philippians","2","2"
"greek","4862","","συν","Matthew","25","27"
"greek","4863","","συναγω","Matthew","2","4"
"greek","4864","","συναγωγη","Matthew","4","23"
"greek","4865","","συναγωνιζομαι","Romans","15","30"
"greek","4866","","συναθλεω","Philippians","1","27"
"greek","4867","","συναθροιζω","Acts","12","12"
"greek","4867","","αθροιζω","Luke","24","33"
"greek","4868","","συναιρω","Matthew","18","23"
"greek","4869","","συναιχμαλωτος","Romans","16","7"
"greek","4870","","συνακολουθεω","Mark","5","37"
"greek","4871","","συναλιζομαι","Acts","1","4"
"greek","4872","","συναναβαινω","Mark","15","41"
"greek","4873","","συνανακειμαι","Matthew","9","10"
"greek","4874","","συναναμιγνυμι","I_Corinthians","5","9"
"greek","4875","","συναναπαυομαι","Romans","15","32"
"greek","4876","","συνανταω","Luke","9","37"
"greek","4878","","συναντιλαμβανομαι","Luke","10","40"
"greek","4879","","συναπαγω","Romans","12","16"
"greek","4880","","συναποθνησκω","Mark","14","31"
"greek","4881","","συναπολλυμι","Hebrews","11","31"
"greek","4882","","συναποστελλω","II_Corinthians","12","18"
"greek","4883","","συναρμολογεω","Ephesians","2","21"
"greek","4884","","συναρπαζω","Luke","8","29"
"greek","4885","","συναυξανω","Matthew","13","30"
"greek","4886","","συνδεσμος","Acts","8","23"
"greek","4887","","συνδεω","Hebrews","13","3"
"greek","4888","","συνδοξαζω","Romans","8","17"
"greek","4889","","συνδουλος","Matthew","18","28"
"greek","4890","","συνδρομη","Acts","21","30"
"greek","4891","","συνεγειρω","Ephesians","2","6"
"greek","4892","","συνεδριον","Matthew","5","22"
"greek","4893","","συνειδησις","John","8","9"
"greek","4894","","συνοραω","Acts","5","2"
"greek","4895","","συνειμι","Luke","9","18"
"greek","4896","","συνειμι","Luke","8","4"
"greek","4897","","συνεισερχομαι","John","6","22"
"greek","4898","","συνεκδημος","Acts","19","29"
"greek","4899","","συνεκλεκτος","I_Peter","5","13"
"greek","4900","","συναλλασσω","Acts","7","26"
"greek","4901","","συνεπιμαρτυρεω","Hebrews","2","4"
"greek","4902","","συνεπομαι","Acts","20","4"
"greek","4903","","συνεργεω","Mark","16","20"
"greek","4904","","συνεργος","Romans","16","3"
"greek","4905","","συνερχομαι","Matthew","1","18"
"greek","4906","","συνεσθιω","Luke","15","2"
"greek","4907","","συνεσις","Mark","12","33"
"greek","4908","","συνετος","Matthew","11","25"
"greek","4909","","συνευδοκεω","Luke","11","48"
"greek","4910","","συνευωχεομαι","II_Peter","2","13"
"greek","4911","","συνεφιστημι","Acts","16","22"
"greek","4912","","συνεχω","Matthew","4","24"
"greek","4913","","συνηδομαι","Romans","7","22"
"greek","4914","","συνηθεια","John","18","39"
"greek","4915","","συνηλικιωτης","Galatians","1","14"
"greek","4916","","συνθαπτω","Romans","6","4"
"greek","4917","","συνθλαω","Matthew","21","44"
"greek","4918","","συνθλιβω","Mark","5","24"
"greek","4919","","συνθρυπτω","Acts","21","13"
"greek","4920","","συνιημι","Matthew","13","13"
"greek","4921","","συνιστημι","Luke","9","32"
"greek","4922","","συνοδευω","Acts","9","7"
"greek","4923","","συνοδια","Luke","2","44"
"greek","4924","","συνοικεω","I_Peter","3","7"
"greek","4925","","συνοικοδομεω","Ephesians","2","22"
"greek","4926","","συνομιλεω","Acts","10","27"
"greek","4927","","συνομορεω","Acts","18","7"
"greek","4928","","συνοχη","Luke","21","25"
"greek","4929","","συντασσω","Matthew","21","6"
"greek","4930","","συντελεια","Matthew","13","39"
"greek","4931","","συντελεω","Mark","13","4"
"greek","4932","","συντεμνω","Romans","9","28"
"greek","4933","","συντηρεω","Matthew","9","17"
"greek","4934","","συντιθημι","Luke","22","5"
"greek","4934","","συνεπιτιθημι","Acts","24","9"
"greek","4935","","συντομως","Mark","16","99"
"greek","4936","","συντρεχω","Mark","6","33"
"greek","4937","","συντριβω","Matthew","12","20"
"greek","4938","","συντριμμα","Romans","3","16"
"greek","4939","","συντροφος","Acts","13","1"
"greek","4940","","συντυγχανω","Luke","8","19"
"greek","4941","","συντυχη","Philippians","4","2"
"greek","4942","","συνυποκρινομαι","Galatians","2","13"
"greek","4943","","συνυπουργεω","II_Corinthians","1","11"
"greek","4944","","συνωδινω","Romans","8","22"
"greek","4945","","συνωμοσια","Acts","23","13"
"greek","4946","","συρακουσαι","Acts","28","12"
"greek","4947","","συρια","Matthew","4","24"
"greek","4948","","συρος","Luke","4","27"
"greek","4949","","συροφοινικισσα","Mark","7","26"
"greek","4950","","συρτις","Acts","27","17"
"greek","4951","","συρω","John","21","8"
"greek","4952","","συσπαρασσω","Mark","9","20"
"greek","4953","","συσσημον","Mark","14","44"
"greek","4954","","συσσωμος","Ephesians","3","6"
"greek","4955","","στασιαστης","Mark","15","7"
"greek","4956","","συστατικος","II_Corinthians","3","1"
"greek","4957","","συσταυροω","Matthew","27","44"
"greek","4958","","συστελλω","Acts","5","6"
"greek","4959","","συστεναζω","Romans","8","22"
"greek","4960","","συστοιχεω","Galatians","4","25"
"greek","4961","","συστρατιωτης","Philippians","2","25"
"greek","4962","","συστρεφω","Matthew","17","22"
"greek","4963","","συστροφη","Acts","19","40"
"greek","4964","","συσχηματιζω","Romans","12","2"
"greek","4965","","συχαρ","John","4","5"
"greek","4966","","συχεμ","Acts","7","16"
"greek","4967","","σφαγη","Acts","8","32"
"greek","4968","","σφαγιον","Acts","7","42"
"greek","4969","","σφαζω","I_John","3","12"
"greek","4970","","σφοδρα","Matthew","2","10"
"greek","4971","","σφοδρως","Acts","27","18"
"greek","4972","","σφραγιζω","Matthew","27","66"
"greek","4973","","σφραγις","Romans","4","11"
"greek","4974","","σφυδρον","Acts","3","7"
"greek","4975","","σχεδον","Acts","13","44"
"greek","4976","","σχημα","I_Corinthians","7","31"
"greek","4977","","σχιζω","Matthew","27","51"
"greek","4978","","σχισμα","Matthew","9","16"
"greek","4979","","σχοινιον","John","2","15"
"greek","4980","","σχολαζω","Matthew","12","44"
"greek","4981","","σχολη","Acts","19","9"
"greek","4982","","σωζω","Matthew","1","21"
"greek","4983","","σωμα","Matthew","5","29"
"greek","4984","","σωματικος","Luke","3","22"
"greek","4985","","σωματικως","Colossians","2","9"
"greek","4986","","σωπατρος","Acts","20","4"
"greek","4987","","σωρευω","Romans","12","20"
"greek","4988","","σωσθενης","Acts","18","17"
"greek","4989","","σωσιπατρος","Romans","16","21"
"greek","4990","","σωτηρ","Luke","1","47"
"greek","4991","","σωτηρια","Mark","16","99"
"greek","4992","","σωτηριος","Luke","2","30"
"greek","4993","","σωφρονεω","Mark","5","15"
"greek","4994","","σωφρονιζω","Titus","2","4"
"greek","4995","","σωφρονισμος","II_Timothy","1","7"
"greek","4996","","σωφρονως","Titus","2","12"
"greek","4997","","σωφροσυνη","Acts","26","25"
"greek","4998","","σωφρων","I_Timothy","3","2"
"greek","4999","","ταβερνη","Acts","28","15"
"greek","5000","","ταβιθα","Acts","9","36"
"greek","5001","","ταγμα","I_Corinthians","15","23"
"greek","5002","","τακτος","Acts","12","21"
"greek","5003","","ταλαιπωρεω","James","4","8"
"greek","5004","","ταλαιπωρια","Romans","3","16"
"greek","5005","","ταλαιπωρος","Romans","7","24"
"greek","5006","","ταλαντιαιος","Revelation","16","21"
"greek","5007","","ταλαντον","Matthew","18","24"
"greek","5008","","ταλιθα","Mark","5","41"
"greek","5009","","ταμειον","Matthew","6","6"
"greek","5010","","ταξις","Luke","1","8"
"greek","5011","","ταπεινος","Matthew","11","29"
"greek","5012","","ταπεινοφροσυνη","Acts","20","19"
"greek","5012","","ταπεινοφρων","I_Peter","3","8"
"greek","5013","","ταπεινοω","Matthew","18","4"
"greek","5014","","ταπεινωσις","Luke","1","48"
"greek","5015","","ταρασσω","Matthew","2","3"
"greek","5016","","ταραχη","John","5","4"
"greek","5017","","ταραχος","Acts","12","18"
"greek","5018","","ταρσευς","Acts","9","11"
"greek","5019","","ταρσος","Acts","9","30"
"greek","5020","","ταρταροω","II_Peter","2","4"
"greek","5021","","τασσω","Matthew","28","16"
"greek","5022","","ταυρος","Matthew","22","4"
"greek","5027","","ταφη","Matthew","27","7"
"greek","5028","","ταφος","Matthew","23","27"
"greek","5029","","ταχα","Romans","5","7"
"greek","5030","","ταχεως","Luke","14","21"
"greek","5031","","ταχινος","II_Peter","1","14"
"greek","5032","","ταχυς","John","13","27"
"greek","5033","","ταχυς","Acts","17","15"
"greek","5034","","ταχος","Luke","18","8"
"greek","5035","","ταχυς","Matthew","5","25"
"greek","5036","","ταχυς","James","1","19"
"greek","5037","","τε","Matthew","22","10"
"greek","5038","","τειχος","Acts","9","25"
"greek","5039","","τεκμηριον","Acts","1","3"
"greek","5040","","τεκνιον","John","13","33"
"greek","5041","","τεκνογονεω","I_Timothy","5","14"
"greek","5042","","τεκνογονια","I_Timothy","2","15"
"greek","5043","","τεκνον","Matthew","2","18"
"greek","5044","","τεκνοτροφεω","I_Timothy","5","10"
"greek","5045","","τεκτων","Matthew","13","55"
"greek","5046","","τελειος","Matthew","5","48"
"greek","5047","","τελειοτης","Colossians","3","14"
"greek","5048","","τελειοω","Luke","2","43"
"greek","5049","","τελειως","I_Peter","1","13"
"greek","5050","","τελειωσις","Luke","1","45"
"greek","5051","","τελειωτης","Hebrews","12","2"
"greek","5052","","τελεσφορεω","Luke","8","14"
"greek","5053","","τελευταω","Matthew","2","19"
"greek","5054","","τελευτη","Matthew","2","15"
"greek","5055","","τελεω","Matthew","7","28"
"greek","5056","","τελος","Matthew","10","22"
"greek","5057","","τελωνης","Matthew","5","46"
"greek","5058","","τελωνιον","Matthew","9","9"
"greek","5059","","τερας","Matthew","24","24"
"greek","5060","","τερτιος","Romans","16","22"
"greek","5061","","τερτυλλος","Acts","24","1"
"greek","5062","","τεσσερακοντα","Matthew","4","2"
"greek","5063","","τεσσερακονταετης","Acts","7","23"
"greek","5064","","τεσσαρες","Matthew","24","31"
"greek","5065","","τεσσαρεσκαιδεκατος","Acts","27","27"
"greek","5066","","τεταρταιος","John","11","39"
"greek","5067","","τεταρτος","Matthew","14","25"
"greek","5068","","τετραγωνος","Revelation","21","16"
"greek","5069","","τετραδιον","Acts","12","4"
"greek","5070","","τετρακισχιλιοι","Matthew","15","38"
"greek","5071","","τετρακοσιοι","Acts","5","36"
"greek","5072","","τετραμηνος","John","4","35"
"greek","5073","","τετραπλους","Luke","19","8"
"greek","5074","","τετραπους","Acts","10","12"
"greek","5075","","τετρααρχεω","Luke","3","1"
"greek","5076","","τετρααρχης","Matthew","14","1"
"greek","5077","","τεφροω","II_Peter","2","6"
"greek","5078","","τεχνη","Acts","17","29"
"greek","5079","","τεχνιτης","Acts","19","24"
"greek","5080","","τηκω","II_Peter","3","12"
"greek","5081","","τηλαυγως","Mark","8","25"
"greek","5082","","τηλικουτος","II_Corinthians","1","10"
"greek","5083","","τηρεω","Matthew","19","17"
"greek","5084","","τηρησις","Acts","4","3"
"greek","5085","","τιβεριας","John","6","1"
"greek","5086","","τιβεριος","Luke","3","1"
"greek","5087","","τιθημι","Matthew","5","15"
"greek","5088","","τικτω","Matthew","1","21"
"greek","5089","","τιλλω","Matthew","12","1"
"greek","5090","","τιμαιος","Mark","10","46"
"greek","5091","","τιμαω","Matthew","15","4"
"greek","5092","","τιμη","Matthew","27","6"
"greek","5093","","τιμιος","Acts","5","34"
"greek","5094","","τιμιοτης","Revelation","18","19"
"greek","5095","","τιμοθεος","Acts","16","1"
"greek","5096","","τιμων","Acts","6","5"
"greek","5097","","τιμωρεω","Acts","22","5"
"greek","5098","","τιμωρια","Hebrews","10","29"
"greek","5099","","τινω","II_Thessalonians","1","9"
"greek","5100","","τις","Matthew","5","23"
"greek","5101","","τις","Matthew","3","7"
"greek","5102","","τιτλος","John","19","19"
"greek","5103","","τιτος","II_Corinthians","2","13"
"greek","5103","","τιτιος","Acts","18","7"
"greek","5105","","τοιγαρουν","I_Thessalonians","4","8"
"greek","5106","","τοινυν","Luke","20","25"
"greek","5107","","τοιοσδε","II_Peter","1","17"
"greek","5108","","τοιουτος","Matthew","9","8"
"greek","5109","","τοιχος","Acts","23","3"
"greek","5110","","τοκος","Matthew","25","27"
"greek","5111","","τολμαω","Matthew","22","46"
"greek","5112","","τολμηρος","Romans","15","15"
"greek","5113","","τολμητης","II_Peter","2","10"
"greek","5114","","τομος","Hebrews","4","12"
"greek","5115","","τοξον","Revelation","6","2"
"greek","5116","","τοπαζιον","Revelation","21","20"
"greek","5117","","τοπος","Matthew","12","43"
"greek","5118","","τοσουτος","Matthew","8","10"
"greek","5119","","τοτε","Matthew","2","7"
"greek","5121","","το εναντιον","II_Corinthians","2","7"
"greek","5122","","το ονομα","Matthew","27","57"
"greek","5131","","τραγος","Hebrews","9","12"
"greek","5132","","τραπεζα","Matthew","15","27"
"greek","5133","","τραπεζιτης","Matthew","25","27"
"greek","5134","","τραυμα","Luke","10","34"
"greek","5135","","τραυματιζω","Luke","20","12"
"greek","5136","","τραχηλιζω","Hebrews","4","13"
"greek","5137","","τραχηλος","Matthew","18","6"
"greek","5138","","τραχυς","Luke","3","5"
"greek","5139","","τραχωνιτις","Luke","3","1"
"greek","5140","","τρεις","Matthew","12","40"
"greek","5141","","τρεμω","Mark","5","33"
"greek","5142","","τρεφω","Matthew","6","26"
"greek","5143","","τρεχω","Matthew","27","48"
"greek","5144","","τριακοντα","Matthew","13","8"
"greek","5145","","τριακοσιοι","Mark","14","5"
"greek","5146","","τριβολος","Matthew","7","16"
"greek","5147","","τριβος","Matthew","3","3"
"greek","5148","","τριετια","Acts","20","31"
"greek","5149","","τριζω","Mark","9","18"
"greek","5150","","τριμηνος","Hebrews","11","23"
"greek","5151","","τρις","Matthew","26","34"
"greek","5152","","τριστεγον","Acts","20","9"
"greek","5153","","τρισχιλιοι","Acts","2","41"
"greek","5154","","τριτος","Matthew","16","21"
"greek","5155","","τριχινος","Revelation","6","12"
"greek","5156","","τρομος","Mark","16","8"
"greek","5157","","τροπη","James","1","17"
"greek","5158","","τροπος","Matthew","23","37"
"greek","5159","","τροποφορεω","Acts","13","18"
"greek","5160","","τροφη","Matthew","3","4"
"greek","5161","","τροφιμος","Acts","20","4"
"greek","5162","","τροφος","I_Thessalonians","2","7"
"greek","5163","","τροχια","Hebrews","12","13"
"greek","5164","","τροχος","James","3","6"
"greek","5165","","τρυβλιον","Matthew","26","23"
"greek","5166","","τρυγαω","Luke","6","44"
"greek","5167","","τρυγων","Luke","2","24"
"greek","5168","","τρυμαλια","Mark","10","25"
"greek","5169","","τρημα","Matthew","19","24"
"greek","5170","","τρυφαινα","Romans","16","12"
"greek","5171","","τρυφαω","James","5","5"
"greek","5172","","τρυφη","Luke","7","25"
"greek","5173","","τρυφωσα","Romans","16","12"
"greek","5174","","τρωας","Acts","16","8"
"greek","5176","","τρωγω","Matthew","24","38"
"greek","5177","","τυγχανω","Luke","20","35"
"greek","5178","","τυμπανιζω","Hebrews","11","35"
"greek","5179","","τυπος","John","20","25"
"greek","5179","","τυπικως","I_Corinthians","10","11"
"greek","5180","","τυπτω","Matthew","24","49"
"greek","5181","","τυραννος","Acts","19","9"
"greek","5183","","τυριος","Acts","12","20"
"greek","5184","","τυρος","Matthew","11","21"
"greek","5185","","τυφλος","Matthew","9","27"
"greek","5186","","τυφλοω","John","12","40"
"greek","5187","","τυφοω","I_Timothy","3","6"
"greek","5188","","τυφω","Matthew","12","20"
"greek","5189","","τυφωνικος","Acts","27","14"
"greek","5190","","τυχικος","Acts","20","4"
"greek","5191","","υακινθινος","Revelation","9","17"
"greek","5192","","υακινθος","Revelation","21","20"
"greek","5193","","υαλινος","Revelation","4","6"
"greek","5194","","υαλος","Revelation","21","18"
"greek","5195","","υβριζω","Matthew","22","6"
"greek","5196","","υβρις","Acts","27","10"
"greek","5197","","υβριστης","Romans","1","30"
"greek","5198","","υγιαινω","Luke","5","31"
"greek","5199","","υγιης","Matthew","12","13"
"greek","5200","","υγρος","Luke","23","31"
"greek","5201","","υδρια","John","2","6"
"greek","5202","","υδροποτεω","I_Timothy","5","23"
"greek","5203","","υδρωπικος","Luke","14","2"
"greek","5204","","υδωρ","Matthew","3","11"
"greek","5205","","υετος","Acts","14","17"
"greek","5206","","υιοθεσια","Romans","8","15"
"greek","5207","","υιος","Matthew","1","1"
"greek","5208","","υλη","James","3","5"
"greek","5211","","υμεναιος","I_Timothy","1","20"
"greek","5212","","υμετερος","Luke","6","20"
"greek","5214","","υμνεω","Matthew","26","30"
"greek","5215","","υμνος","Ephesians","5","19"
"greek","5217","","υπαγω","Matthew","4","10"
"greek","5218","","υπακοη","Romans","1","5"
"greek","5219","","υπακουω","Matthew","8","27"
"greek","5220","","υπανδρος","Romans","7","2"
"greek","5221","","υπανταω","Matthew","8","28"
"greek","5222","","υπαντησις","Matthew","8","34"
"greek","5223","","υπαρξις","Acts","2","45"
"greek","5225","","υπαρχω","Matthew","19","21"
"greek","5226","","υπεικω","Hebrews","13","17"
"greek","5227","","υπεναντιος","Colossians","2","14"
"greek","5228","","υπερ","Matthew","5","44"
"greek","5228","","υπερεκπερισσου","Ephesians","3","20"
"greek","5228","","υπερλιαν","II_Corinthians","11","5"
"greek","5229","","υπεραιρω","II_Corinthians","12","7"
"greek","5230","","υπερακμος","I_Corinthians","7","36"
"greek","5231","","υπερανω","Ephesians","1","21"
"greek","5232","","υπεραυξανω","II_Thessalonians","1","3"
"greek","5233","","υπερβαινω","I_Thessalonians","4","6"
"greek","5234","","υπερβαλλοντως","II_Corinthians","11","23"
"greek","5235","","υπερβαλλω","II_Corinthians","3","10"
"greek","5236","","υπερβολη","Romans","7","13"
"greek","5237","","υπεροραω","Acts","17","30"
"greek","5238","","υπερεκεινα","II_Corinthians","10","16"
"greek","5239","","υπερεκτεινω","II_Corinthians","10","14"
"greek","5240","","υπερεκχυννω","Luke","6","38"
"greek","5241","","υπερεντυγχανω","Romans","8","26"
"greek","5242","","υπερεχω","Romans","13","1"
"greek","5243","","υπερηφανια","Mark","7","22"
"greek","5244","","υπερηφανος","Luke","1","51"
"greek","5245","","υπερνικαω","Romans","8","37"
"greek","5246","","υπερογκος","II_Peter","2","18"
"greek","5247","","υπεροχη","I_Corinthians","2","1"
"greek","5248","","υπερπερισσευω","Romans","5","20"
"greek","5249","","υπερπερισσως","Mark","7","37"
"greek","5250","","υπερπλεοναζω","I_Timothy","1","14"
"greek","5251","","υπερυψοω","Philippians","2","9"
"greek","5252","","υπερφρονεω","Romans","12","3"
"greek","5253","","υπερωον","Acts","1","13"
"greek","5254","","υπεχω","Jude","1","7"
"greek","5255","","υπηκοος","Acts","7","39"
"greek","5256","","υπηρετεω","Acts","13","36"
"greek","5257","","υπηρετης","Matthew","5","25"
"greek","5258","","υπνος","Matthew","1","24"
"greek","5259","","υπο","Matthew","1","22"
"greek","5260","","υποβαλλω","Acts","6","11"
"greek","5261","","υπογραμμος","I_Peter","2","21"
"greek","5262","","υποδειγμα","John","13","15"
"greek","5263","","υποδεικνυμι","Matthew","3","7"
"greek","5264","","υποδεχομαι","Luke","10","38"
"greek","5265","","υποδεω","Mark","6","9"
"greek","5266","","υποδημα","Matthew","3","11"
"greek","5267","","υποδικος","Romans","3","19"
"greek","5268","","υποζυγιον","Matthew","21","5"
"greek","5269","","υποζωννυμι","Acts","27","17"
"greek","5270","","υποκατω","Matthew","22","44"
"greek","5271","","υποκρινομαι","Luke","20","20"
"greek","5272","","υποκρισις","Matthew","23","28"
"greek","5273","","υποκριτης","Matthew","6","2"
"greek","5274","","υπολαμβανω","Luke","7","43"
"greek","5275","","υπολειπω","Romans","11","3"
"greek","5275","","υπολειμμα","Romans","9","27"
"greek","5276","","υποληνιον","Mark","12","1"
"greek","5277","","υπολιμπανω","I_Peter","2","21"
"greek","5278","","υπομενω","Matthew","10","22"
"greek","5279","","υπομιμνησκω","Luke","22","61"
"greek","5280","","υπομνησις","II_Timothy","1","5"
"greek","5281","","υπομονη","Luke","8","15"
"greek","5282","","υπονοεω","Acts","13","25"
"greek","5283","","υπονοια","I_Timothy","6","4"
"greek","5284","","υποπλεω","Acts","27","4"
"greek","5285","","υποπνεω","Acts","27","13"
"greek","5286","","υποποδιον","Matthew","5","35"
"greek","5287","","υποστασις","II_Corinthians","9","4"
"greek","5288","","υποστελλω","Acts","20","20"
"greek","5289","","υποστολη","Hebrews","10","39"
"greek","5290","","υποστρεφω","Luke","1","56"
"greek","5291","","υποστρωννυω","Luke","19","36"
"greek","5292","","υποταγη","II_Corinthians","9","13"
"greek","5293","","υποτασσω","Luke","2","51"
"greek","5294","","υποτιθημι","Romans","16","4"
"greek","5295","","υποτρεχω","Acts","27","16"
"greek","5296","","υποτυπωσις","I_Timothy","1","16"
"greek","5297","","υποφερω","I_Corinthians","10","13"
"greek","5298","","υποχωρεω","Luke","5","16"
"greek","5299","","υπωπιαζω","Luke","18","5"
"greek","5300","","υς","II_Peter","2","22"
"greek","5301","","υσσωπος","John","19","29"
"greek","5302","","υστερεω","Matthew","19","20"
"greek","5303","","υστερημα","Luke","21","4"
"greek","5304","","υστερησις","Mark","12","44"
"greek","5305","","υστερος","Matthew","4","2"
"greek","5306","","υστερος","Matthew","21","31"
"greek","5307","","υφαντος","John","19","23"
"greek","5308","","υψηλος","Matthew","4","8"
"greek","5309","","υψηλοφρονεω","I_Timothy","6","17"
"greek","5310","","υψιστος","Matthew","21","9"
"greek","5311","","υψος","Luke","1","78"
"greek","5312","","υψοω","Matthew","11","23"
"greek","5313","","υψωμα","Romans","8","39"
"greek","5314","","φαγος","Matthew","11","19"
"greek","5315","","εσθιω","Matthew","6","25"
"greek","5316","","φαινω","Matthew","1","20"
"greek","5317","","φαλεκ","Luke","3","35"
"greek","5318","","φανερος","Matthew","12","16"
"greek","5319","","φανεροω","Mark","4","22"
"greek","5320","","φανερως","Mark","1","45"
"greek","5321","","φανερωσις","I_Corinthians","12","7"
"greek","5322","","φανος","John","18","3"
"greek","5323","","φανουηλ","Luke","2","36"
"greek","5324","","φανταζω","Hebrews","12","21"
"greek","5325","","φαντασια","Acts","25","23"
"greek","5326","","φαντασμα","Matthew","14","26"
"greek","5327","","φαραγξ","Luke","3","5"
"greek","5328","","φαραω","Acts","7","10"
"greek","5329","","φαρες","Matthew","1","3"
"greek","5330","","φαρισαιος","Matthew","3","7"
"greek","5331","","φαρμακεια","Galatians","5","20"
"greek","5333","","φαρμακος","Revelation","21","8"
"greek","5334","","φασις","Acts","21","31"
"greek","5335","","φασκω","Acts","24","9"
"greek","5336","","φατνη","Luke","2","7"
"greek","5337","","φαυλος","John","3","20"
"greek","5338","","φεγγος","Matthew","24","29"
"greek","5339","","φειδομαι","Acts","20","29"
"greek","5340","","φειδομενως","II_Corinthians","9","6"
"greek","5341","","φαιλονης","II_Timothy","4","13"
"greek","5342","","φερω","Matthew","7","18"
"greek","5343","","φευγω","Matthew","2","13"
"greek","5344","","φηλιξ","Acts","23","24"
"greek","5345","","φημη","Matthew","9","26"
"greek","5346","","φημι","Matthew","4","7"
"greek","5347","","φηστος","Acts","24","27"
"greek","5348","","φθανω","Matthew","12","28"
"greek","5349","","φθαρτος","Romans","1","23"
"greek","5350","","φθεγγομαι","Acts","4","18"
"greek","5351","","φθειρω","I_Corinthians","3","17"
"greek","5352","","φθινοπωρινος","Jude","1","12"
"greek","5353","","φθογγος","Romans","10","18"
"greek","5354","","φθονεω","Galatians","5","26"
"greek","5355","","φθονος","Matthew","27","18"
"greek","5356","","φθορα","Romans","8","21"
"greek","5357","","φιαλη","Revelation","5","8"
"greek","5358","","φιλαγαθος","Titus","1","8"
"greek","5359","","φιλαδελφεια","Revelation","1","11"
"greek","5360","","φιλαδελφια","Romans","12","10"
"greek","5361","","φιλαδελφος","I_Peter","3","8"
"greek","5362","","φιλανδρος","Titus","2","4"
"greek","5363","","φιλανθρωπια","Acts","28","2"
"greek","5364","","φιλανθρωπως","Acts","27","3"
"greek","5365","","φιλαργυρια","I_Timothy","6","10"
"greek","5366","","φιλαργυρος","Luke","16","14"
"greek","5367","","φιλαυτος","II_Timothy","3","2"
"greek","5368","","φιλεω","Matthew","6","5"
"greek","5369","","φιληδονος","II_Timothy","3","4"
"greek","5370","","φιλημα","Luke","7","45"
"greek","5371","","φιλημων","Philemon","1","1"
"greek","5372","","φιλητος","II_Timothy","2","17"
"greek","5373","","φιλια","James","4","4"
"greek","5374","","φιλιππησιος","Philippians","4","15"
"greek","5375","","φιλιπποι","Acts","16","12"
"greek","5376","","φιλιππος","Matthew","10","3"
"greek","5377","","φιλοθεος","II_Timothy","3","4"
"greek","5378","","φιλολογος","Romans","16","15"
"greek","5379","","φιλονεικια","Luke","22","24"
"greek","5380","","φιλονεικος","I_Corinthians","11","16"
"greek","5381","","φιλοξενια","Romans","12","13"
"greek","5382","","φιλοξενος","I_Timothy","3","2"
"greek","5383","","φιλοπρωτευω","III_John","1","9"
"greek","5384","","φιλος","Matthew","11","19"
"greek","5385","","φιλοσοφια","Colossians","2","8"
"greek","5386","","φιλοσοφος","Acts","17","18"
"greek","5387","","φιλοστοργος","Romans","12","10"
"greek","5388","","φιλοτεκνος","Titus","2","4"
"greek","5389","","φιλοτιμεομαι","Romans","15","20"
"greek","5390","","φιλοφρονως","Acts","28","7"
"greek","5392","","φιμοω","Matthew","22","12"
"greek","5392","","κημοω","I_Corinthians","9","9"
"greek","5393","","φλεγων","Romans","16","14"
"greek","5394","","φλογιζω","James","3","6"
"greek","5395","","φλοξ","Luke","16","24"
"greek","5396","","φλυαρεω","III_John","1","10"
"greek","5397","","φλυαρος","I_Timothy","5","13"
"greek","5398","","φοβερος","Hebrews","10","27"
"greek","5399","","φοβεω","Matthew","1","20"
"greek","5400","","φοβητρον","Luke","21","11"
"greek","5401","","φοβος","Matthew","14","26"
"greek","5402","","φοιβη","Romans","16","1"
"greek","5403","","φοινικη","Acts","11","19"
"greek","5404","","φοινιξ","John","12","13"
"greek","5405","","φοινιξ","Acts","27","12"
"greek","5406","","φονευς","Matthew","22","7"
"greek","5407","","φονευω","Matthew","5","21"
"greek","5408","","φονος","Matthew","15","19"
"greek","5409","","φορεω","Matthew","11","8"
"greek","5410","","αππιου φορον","Acts","28","15"
"greek","5411","","φορος","Luke","20","22"
"greek","5412","","φορτιζω","Matthew","11","28"
"greek","5413","","φορτιον","Matthew","11","30"
"greek","5415","","φορτουνατος","I_Corinthians","16","17"
"greek","5416","","φραγελλιον","John","2","15"
"greek","5417","","φραγελλοω","Matthew","27","26"
"greek","5418","","φραγμος","Matthew","21","33"
"greek","5419","","φραζω","Matthew","15","15"
"greek","5420","","φρασσω","Romans","3","19"
"greek","5421","","φρεαρ","Luke","14","5"
"greek","5422","","φρεναπαταω","Galatians","6","3"
"greek","5423","","φρεναπατης","Titus","1","10"
"greek","5424","","φρην","I_Corinthians","14","20"
"greek","5425","","φρισσω","James","2","19"
"greek","5426","","φρονεω","Matthew","16","23"
"greek","5427","","φρονημα","Romans","8","6"
"greek","5428","","φρονησις","Luke","1","17"
"greek","5429","","φρονιμος","Matthew","7","24"
"greek","5430","","φρονιμως","Luke","16","8"
"greek","5431","","φροντιζω","Titus","3","8"
"greek","5432","","φρουρεω","II_Corinthians","11","32"
"greek","5433","","φρυασσω","Acts","4","25"
"greek","5434","","φρυγανον","Acts","28","3"
"greek","5435","","φρυγια","Acts","2","10"
"greek","5436","","φυγελος","II_Timothy","1","15"
"greek","5437","","φυγη","Matthew","24","20"
"greek","5438","","φυλακη","Matthew","5","25"
"greek","5439","","φυλακιζω","Acts","22","19"
"greek","5440","","φυλακτηριον","Matthew","23","5"
"greek","5441","","φυλαξ","Acts","5","23"
"greek","5442","","φυλασσω","Matthew","19","20"
"greek","5443","","φυλη","Matthew","19","28"
"greek","5444","","φυλλον","Matthew","21","19"
"greek","5445","","φυραμα","Romans","9","21"
"greek","5446","","φυσικος","Romans","1","26"
"greek","5447","","φυσικως","Jude","1","10"
"greek","5448","","φυσιοω","I_Corinthians","4","6"
"greek","5449","","φυσις","Romans","1","26"
"greek","5450","","φυσιωσις","II_Corinthians","12","20"
"greek","5451","","φυτεια","Matthew","15","13"
"greek","5452","","φυτευω","Matthew","15","13"
"greek","5453","","φυω","Luke","8","6"
"greek","5454","","φωλεος","Matthew","8","20"
"greek","5455","","φωνεω","Matthew","20","32"
"greek","5456","","φωνη","Matthew","2","18"
"greek","5457","","φως","Matthew","4","16"
"greek","5458","","φωστηρ","Philippians","2","15"
"greek","5459","","φωσφορος","II_Peter","1","19"
"greek","5460","","φωτεινος","Matthew","6","22"
"greek","5461","","φωτιζω","Luke","11","36"
"greek","5462","","φωτισμος","II_Corinthians","4","4"
"greek","5463","","χαιρω","Matthew","2","10"
"greek","5464","","χαλαζα","Revelation","8","7"
"greek","5465","","χαλαω","Mark","2","4"
"greek","5466","","χαλδαιος","Acts","7","4"
"greek","5467","","χαλεπος","Matthew","8","28"
"greek","5468","","χαλιναγωγεω","James","1","26"
"greek","5469","","χαλινος","James","3","3"
"greek","5470","","χαλκους","Revelation","9","20"
"greek","5471","","χαλκευς","II_Timothy","4","14"
"greek","5472","","χαλκηδων","Revelation","21","19"
"greek","5473","","χαλκιον","Mark","7","4"
"greek","5474","","χαλκολιβανον","Revelation","1","15"
"greek","5475","","χαλκος","Matthew","10","9"
"greek","5476","","χαμαι","John","9","6"
"greek","5477","","χανααν","Acts","7","11"
"greek","5478","","χαναναιος","Matthew","15","22"
"greek","5479","","χαρα","Matthew","2","10"
"greek","5480","","χαραγμα","Acts","17","29"
"greek","5481","","χαρακτηρ","Hebrews","1","3"
"greek","5482","","χαραξ","Luke","19","43"
"greek","5483","","χαριζομαι","Luke","7","21"
"greek","5484","","χαριν","Luke","7","47"
"greek","5485","","χαρις","Luke","1","30"
"greek","5486","","χαρισμα","Romans","1","11"
"greek","5487","","χαριτοω","Luke","1","28"
"greek","5488","","χαρραν","Acts","7","2"
"greek","5489","","χαρτης","II_John","1","12"
"greek","5490","","χασμα","Luke","16","26"
"greek","5491","","χειλος","Matthew","15","8"
"greek","5492","","χειμαζω","Acts","27","18"
"greek","5493","","χειμαρρος","John","18","1"
"greek","5494","","χειμων","Matthew","16","3"
"greek","5495","","χειρ","Matthew","3","12"
"greek","5496","","χειραγωγεω","Acts","9","8"
"greek","5497","","χειραγωγος","Acts","13","11"
"greek","5498","","χειρογραφον","Colossians","2","14"
"greek","5499","","χειροποιητος","Mark","14","58"
"greek","5500","","χειροτονεω","Acts","14","23"
"greek","5501","","χειρων","Matthew","9","16"
"greek","5502","","χερουβ","Hebrews","9","5"
"greek","5503","","χηρος","Mark","12","40"
"greek","5504","","εχθες","John","4","52"
"greek","5505","","χιλιας","Luke","14","31"
"greek","5506","","χιλιαρχος","Mark","6","21"
"greek","5507","","χιλιοι","II_Peter","3","8"
"greek","5508","","χιος","Acts","20","15"
"greek","5509","","χιτων","Matthew","5","40"
"greek","5510","","χιων","Matthew","28","3"
"greek","5511","","χλαμυς","Matthew","27","28"
"greek","5512","","χλευαζω","Acts","17","32"
"greek","5512","","διαχλευαζω","Acts","2","13"
"greek","5513","","χλιαρος","Revelation","3","16"
"greek","5514","","χλοη","I_Corinthians","1","11"
"greek","5515","","χλωρος","Mark","6","39"
"greek","5517","","χοικος","I_Corinthians","15","47"
"greek","5518","","χοινιξ","Revelation","6","6"
"greek","5519","","χοιρος","Matthew","7","6"
"greek","5520","","χολαω","John","7","23"
"greek","5521","","χολη","Matthew","27","34"
"greek","5522","","χους","Mark","6","11"
"greek","5523","","χοραζιν","Matthew","11","21"
"greek","5524","","χορηγεω","II_Corinthians","9","10"
"greek","5525","","χορος","Luke","15","25"
"greek","5526","","χορταζω","Matthew","5","6"
"greek","5527","","χορτασμα","Acts","7","11"
"greek","5528","","χορτος","Matthew","6","30"
"greek","5529","","χουζας","Luke","8","3"
"greek","5530","","χραομαι","Acts","27","3"
"greek","5531","","κιχρημι","Luke","11","5"
"greek","5532","","χρεια","Matthew","3","14"
"greek","5533","","χρεοφειλετης","Luke","7","41"
"greek","5534","","χρη","James","3","10"
"greek","5535","","χρηζω","Matthew","6","32"
"greek","5536","","χρημα","Mark","10","23"
"greek","5537","","χρηματιζω","Matthew","2","12"
"greek","5538","","χρηματισμος","Romans","11","4"
"greek","5539","","χρησιμος","II_Timothy","2","14"
"greek","5540","","χρησις","Romans","1","26"
"greek","5541","","χρηστευομαι","I_Corinthians","13","4"
"greek","5542","","χρηστολογια","Romans","16","18"
"greek","5543","","χρηστος","Matthew","11","30"
"greek","5544","","χρηστοτης","Romans","2","4"
"greek","5545","","χρισμα","I_John","2","20"
"greek","5546","","χριστιανος","Acts","11","26"
"greek","5547","","χριστος","Matthew","1","1"
"greek","5548","","χριω","Luke","4","18"
"greek","5549","","χρονιζω","Matthew","24","48"
"greek","5550","","χρονος","Matthew","2","7"
"greek","5551","","χρονοτριβεω","Acts","20","16"
"greek","5552","","χρυσους","II_Timothy","2","20"
"greek","5553","","χρυσιον","Acts","3","6"
"greek","5554","","χρυσοδακτυλιος","James","2","2"
"greek","5555","","χρυσολιθος","Revelation","21","20"
"greek","5556","","χρυσοπρασος","Revelation","21","20"
"greek","5557","","χρυσος","Matthew","2","11"
"greek","5558","","χρυσοω","Revelation","17","4"
"greek","5559","","χρως","Acts","19","12"
"greek","5560","","χωλος","Matthew","11","5"
"greek","5561","","χωρα","Matthew","2","12"
"greek","5562","","χωρεω","Matthew","15","17"
"greek","5563","","χωριζω","Matthew","19","6"
"greek","5564","","χωριον","Matthew","26","36"
"greek","5565","","χωρις","Matthew","13","34"
"greek","5566","","χωρος","Acts","27","12"
"greek","5567","","ψαλλω","Romans","15","9"
"greek","5568","","ψαλμος","Luke","20","42"
"greek","5569","","ψευδαδελφος","II_Corinthians","11","26"
"greek","5570","","ψευδαποστολος","II_Corinthians","11","13"
"greek","5571","","ψευδης","Acts","6","13"
"greek","5572","","ψευδοδιδασκαλος","II_Peter","2","1"
"greek","5573","","ψευδολογος","I_Timothy","4","2"
"greek","5574","","ψευδομαι","Matthew","5","11"
"greek","5575","","ψευδομαρτυς","Matthew","26","60"
"greek","5576","","ψευδομαρτυρεω","Matthew","19","18"
"greek","5577","","ψευδομαρτυρια","Matthew","15","19"
"greek","5578","","ψευδοπροφητης","Matthew","7","15"
"greek","5579","","ψευδος","John","8","44"
"greek","5580","","ψευδοχριστος","Matthew","24","24"
"greek","5581","","ψευδωνυμος","I_Timothy","6","20"
"greek","5582","","ψευσμα","Romans","3","7"
"greek","5583","","ψευστης","John","8","44"
"greek","5584","","ψηλαφαω","Luke","24","39"
"greek","5585","","ψηφιζω","Luke","14","28"
"greek","5586","","ψηφος","Acts","26","10"
"greek","5587","","ψιθυρισμος","II_Corinthians","12","20"
"greek","5588","","ψιθυριστης","Romans","1","29"
"greek","5589","","ψιχιον","Matthew","15","27"
"greek","5590","","ψυχη","Matthew","2","20"
"greek","5591","","ψυχικος","I_Corinthians","2","14"
"greek","5592","","ψυχος","John","18","18"
"greek","5593","","ψυχρος","Matthew","10","42"
"greek","5594","","ψυχω","Matthew","24","12"
"greek","5595","","ψωμιζω","Romans","12","20"
"greek","5596","","ψωμιον","John","13","26"
"greek","5597","","ψωχω","Luke","6","1"
"greek","5598","","ω","Revelation","1","8"
"greek","5599","","ω","Matthew","15","28"
"greek","5601","","ιωβηδ","Matthew","1","5"
"greek","5602","","ωδε","Matthew","8","29"
"greek","5603","","ωδη","Ephesians","5","19"
"greek","5604","","ωδιν","Matthew","24","8"
"greek","5605","","ωδινω","Galatians","4","19"
"greek","5606","","ωμος","Matthew","23","4"
"greek","5608","","ωνεομαι","Acts","7","16"
"greek","5609","","ωον","Luke","11","12"
"greek","5610","","ωρα","Matthew","8","13"
"greek","5611","","ωραιος","Matthew","23","27"
"greek","5612","","ωρυομαι","I_Peter","5","8"
"greek","5613","","ως","Matthew","1","24"
"greek","5614","","ωσαννα","Matthew","21","9"
"greek","5615","","ωσαυτως","Matthew","20","5"
"greek","5616","","ωσει","Matthew","3","16"
"greek","5617","","ωσηε","Romans","9","25"
"greek","5618","","ωσπερ","Matthew","6","2"
"greek","5619","","ωσπερει","I_Corinthians","15","8"
"greek","5620","","ωστε","Matthew","8","24"
"greek","5621","","ωτιον","Matthew","26","51"
"greek","5621","","ωταριον","Mark","14","47"
"greek","5622","","ωφελεια","Romans","3","1"
"greek","5623","","ωφελεω","Matthew","15","5"
"greek","5624","","ωφελιμος","I_Timothy","4","8"
"latin","(h)arena","noun","arena","Matthew","7","26"
"latin","Aaron","proper_noun","aaron","Luke","1","5"
"latin","Abaddon","proper_noun","abaddon","Revelation","9","11"
"latin","Abba","proper_noun","abba","Mark","14","36"
"latin","Abel","proper_noun","abel","Matthew","23","35"
"latin","Abia","proper_noun","abia","Matthew","1","7"
"latin","Abiathar","proper_noun","abiathar","Mark","2","26"
"latin","Abilina","proper_noun","abilina","Luke","3","1"
"latin","Abiud","proper_noun","abiud","Matthew","1","13"
"latin","Abraham","proper_noun","abraham","Matthew","1","1"
"latin","Absinthius","proper_noun","absinthius","Revelation","8","11"
"latin","Achaia","proper_noun","achaia","Acts","18","12"
"latin","Achaicus","proper_noun","achaicus","I_Corinthians","16","17"
"latin","Achaz","proper_noun","achaz","Matthew","1","9"
"latin","Acheldemach","proper_noun","acheldemach","Matthew","27","8"
"latin","Achim","proper_noun","achim","Matthew","1","14"
"latin","Adam","proper_noun","adam","Luke","3","38"
"latin","Addi","proper_noun","addi","Luke","3","28"
"latin","Aegyptius","noun","aegyptius","Acts","7","22"
"latin","Aegyptus","proper_noun","aegyptus","Matthew","2","13"
"latin","Aeneas","proper_noun","aeneas","Acts","9","33"
"latin","Aenon","proper_noun","aenon","John","3","23"
"latin","Aethiopus","proper_noun","aethiopus","Acts","8","27"
"latin","Agabus","proper_noun","agabus","Acts","11","28"
"latin","Agar","proper_noun","agar","Galatians","4","24"
"latin","Agrippa","proper_noun","agrippa","Acts","25","13"
"latin","Alexander","proper_noun","alexander","Mark","15","21"
"latin","Alexandrinus","adjective","alexandrinus","Acts","6","9"
"latin","Alpheus","proper_noun","alpheus","Matthew","10","3"
"latin","Aminadab","proper_noun","aminadab","Matthew","1","4"
"latin","Amon","proper_noun","amon","Matthew","1","10"
"latin","Amos","proper_noun","amos","Luke","3","25"
"latin","Amphipolis","proper_noun","amphipolis","Acts","17","1"
"latin","Ampliatus","proper_noun","ampliatus","Romans","16","8"
"latin","Ananias","proper_noun","ananias","Acts","5","1"
"latin","Andreas","proper_noun","andreas","Matthew","4","18"
"latin","Andronicus","proper_noun","andronicus","Romans","16","7"
"latin","Anna","proper_noun","anna","Luke","2","36"
"latin","Annas","proper_noun","annas","Luke","3","2"
"latin","Antiochea","proper_noun","antiochea","Acts","11","19"
"latin","Antiochenus","adjective","antiochenus","Acts","6","5"
"latin","Antipas","proper_noun","antipas","Revelation","2","13"
"latin","Antipatris","proper_noun","antipatris","Acts","23","31"
"latin","Apelles","proper_noun","apelles","Romans","16","10"
"latin","Apollo","proper_noun","apollo","Acts","18","24"
"latin","Apollonia","proper_noun","apollonia","Acts","17","1"
"latin","Apollyon","proper_noun","apollyon","Revelation","9","11"
"latin","Appia","proper_noun","appia","Philemon","1","2"
"latin","Appius","proper_noun","appius","Acts","28","15"
"latin","Aquila","proper_noun","aquila","Acts","18","2"
"latin","Arabia","proper_noun","arabia","Galatians","1","17"
"latin","Arabs","noun","arabs","Acts","2","11"
"latin","Aram","proper_noun","aram","Matthew","1","3"
"latin","Archelaus","proper_noun","archelaus","Matthew","2","22"
"latin","Archippus","proper_noun","archippus","Philemon","1","2"
"latin","Aretas","proper_noun","aretas","II_Corinthians","11","32"
"latin","Arfaxat","proper_noun","arfaxat","Luke","3","36"
"latin","Arimathia","proper_noun","arimathia","Matthew","27","57"
"latin","Ariopagita","proper_noun","ariopagita","Acts","17","34"
"latin","Ariopagus","proper_noun","ariopagus","Acts","17","19"
"latin","Aristarchus","proper_noun","aristarchus","Acts","19","29"
"latin","Aristobolus","proper_noun","aristobolus","Romans","16","11"
"latin","Artemas","proper_noun","artemas","Titus","3","12"
"latin","Asa","proper_noun","asa","Matthew","1","7"
"latin","Aser","proper_noun","aser","Luke","2","36"
"latin","Asia","proper_noun","asia","Acts","2","9"
"latin","Asiani","noun","asiani","Acts","20","4"
"latin","Asson","proper_noun","asson","Acts","20","13"
"latin","Asyncritus","proper_noun","asyncritus","Romans","16","14"
"latin","Athenae","proper_noun","athenae","Acts","17","15"
"latin","Atheniensis","adjective","atheniensis","Acts","17","21"
"latin","Attalea","proper_noun","attalea","Acts","14","24"
"latin","Augustus","adjective","augustus","Acts","27","1"
"latin","Augustus","proper_noun","augustus","Luke","2","1"
"latin","Azor","proper_noun","azor","Matthew","1","13"
"latin","Azotus","proper_noun","azotus","Acts","8","40"
"latin","Baal","proper_noun","baal","Romans","11","4"
"latin","Babylon","proper_noun","babylon","Matthew","1","11"
"latin","Balaam","proper_noun","balaam","Jude","1","11"
"latin","Balac","proper_noun","balac","Revelation","2","14"
"latin","Baptista","noun","baptista","Matthew","3","1"
"latin","Bar Iona","proper_noun","bar iona","Matthew","16","17"
"latin","Barabbas","proper_noun","barabbas","Matthew","27","16"
"latin","Barachias","proper_noun","barachias","Matthew","23","35"
"latin","Bariesus","proper_noun","bariesus","Acts","13","6"
"latin","Barnabas","proper_noun","barnabas","Acts","4","36"
"latin","Barsabban","proper_noun","barsabban","Acts","1","23"
"latin","Bartholomeus","proper_noun","bartholomeus","Matthew","10","3"
"latin","Bartimeus","proper_noun","bartimeus","Mark","10","46"
"latin","Beelzebub","proper_noun","beelzebub","Matthew","10","25"
"latin","Belial","proper_noun","belial","II_Corinthians","6","15"
"latin","Beniamin","proper_noun","beniamin","Acts","13","21"
"latin","Bernice","proper_noun","bernice","Acts","25","13"
"latin","Beroea","proper_noun","beroea","Acts","17","10"
"latin","Beroensis","adjective","beroensis","Acts","20","4"
"latin","Bethania","proper_noun","bethania","Matthew","21","17"
"latin","Bethfage","proper_noun","bethfage","Matthew","21","1"
"latin","Bethleem","proper_noun","bethleem","Matthew","2","1"
"latin","Bethsaida","proper_noun","bethsaida","Matthew","11","21"
"latin","Bithynia","proper_noun","bithynia","Acts","16","7"
"latin","Blastus","proper_noun","blastus","Acts","12","20"
"latin","Boanerges","proper_noun","boanerges","Mark","3","17"
"latin","Booz","proper_noun","booz","Matthew","1","5"
"latin","Caesar","proper_noun","caesar","Matthew","22","17"
"latin","Caesarea","proper_noun","caesarea","Matthew","16","13"
"latin","Caiaphas","proper_noun","caiaphas","Matthew","26","3"
"latin","Cain","proper_noun","cain","Jude","1","11"
"latin","Cainan","proper_noun","cainan","Luke","3","36"
"latin","Calvaria","proper_noun","calvaria","Matthew","27","33"
"latin","Cana","proper_noun","cana","John","2","1"
"latin","Cananeus","adjective","cananeus","Matthew","10","4"
"latin","Candaces","proper_noun","candaces","Acts","8","27"
"latin","Capharnaum","proper_noun","capharnaum","Matthew","4","13"
"latin","Cappadocia","proper_noun","cappadocia","Acts","2","9"
"latin","Carpus","proper_noun","carpus","II_Timothy","4","13"
"latin","Castor","proper_noun","castor","Acts","28","11"
"latin","Cauda","proper_noun","cauda","Acts","27","16"
"latin","Caurus","proper_noun","caurus","Jude","1","11"
"latin","Cedron","proper_noun","cedron","John","18","1"
"latin","Cenchreae","proper_noun","cenchreae","Acts","18","18"
"latin","Cephas","proper_noun","cephas","John","1","42"
"latin","Chaldaei","noun","chaldaei","Acts","7","4"
"latin","Chanaan","proper_noun","chanaan","Acts","7","11"
"latin","Charra","proper_noun","charra","Acts","7","2"
"latin","Chius","proper_noun","chius","Acts","20","15"
"latin","Chloe","proper_noun","chloe","I_Corinthians","1","11"
"latin","Cho","proper_noun","cho","Acts","21","1"
"latin","Christianus","adjective","christianus","Acts","11","26"
"latin","Christus","proper_noun","christus","Matthew","1","1"
"latin","Chuza","proper_noun","chuza","Luke","8","3"
"latin","Cilicia","proper_noun","cilicia","Acts","6","9"
"latin","Cis","proper_noun","cis","Acts","13","21"
"latin","Claudia","proper_noun","claudia","II_Timothy","4","21"
"latin","Claudius","proper_noun","claudius","Acts","11","28"
"latin","Clemens","proper_noun","clemens","Philippians","4","3"
"latin","Cleopa","proper_noun","cleopa","John","19","25"
"latin","Cleopas","proper_noun","cleopas","Luke","24","18"
"latin","Cnidus","proper_noun","cnidus","Acts","27","7"
"latin","Colossae","proper_noun","colossae","Colossians","1","2"
"latin","Corazain","proper_noun","corazain","Matthew","11","21"
"latin","Corinthii","noun","corinthii","Acts","18","8"
"latin","Corinthus","proper_noun","corinthus","Acts","18","1"
"latin","Cornelius","proper_noun","cornelius","Acts","10","1"
"latin","Cosa","proper_noun","cosa","Luke","3","28"
"latin","Cres","noun","cres","Acts","2","11"
"latin","Crescens","proper_noun","crescens","II_Timothy","4","10"
"latin","Creta","proper_noun","creta","Acts","27","7"
"latin","Cretenses","noun","cretenses","Titus","1","12"
"latin","Crispus","proper_noun","crispus","Acts","18","8"
"latin","Cyprius","adjective","cyprius","Acts","4","36"
"latin","Cyprus","proper_noun","cyprus","Acts","11","19"
"latin","Cyrenaeus","adjective","cyrenaeus","Matthew","27","32"
"latin","Cyrene","proper_noun","cyrene","Acts","2","10"
"latin","Cyrenensis","adjective","cyrenensis","Luke","23","26"
"latin","Cyrinus","proper_noun","cyrinus","Luke","2","2"
"latin","Dalmanutha","proper_noun","dalmanutha","Mark","8","10"
"latin","Dalmatia","proper_noun","dalmatia","II_Timothy","4","10"
"latin","Damaris","proper_noun","damaris","Acts","17","34"
"latin","Damasceni","noun","damasceni","II_Corinthians","11","32"
"latin","Damascus","proper_noun","damascus","Acts","9","2"
"latin","Danihelus","proper_noun","danihelus","Matthew","24","15"
"latin","David","proper_noun","david","Matthew","1","1"
"latin","Decapolis","proper_noun","decapolis","Matthew","4","25"
"latin","Demas","proper_noun","demas","II_Timothy","4","10"
"latin","Demetrius","proper_noun","demetrius","Acts","19","24"
"latin","Derbe","proper_noun","derbe","Acts","14","6"
"latin","Derbeus","adjective","derbeus","Acts","20","4"
"latin","Diana","proper_noun","diana","Acts","19","24"
"latin","Didymus","proper_noun","didymus","John","11","16"
"latin","Dionisius","proper_noun","dionisius","Acts","17","34"
"latin","Dorcas","proper_noun","dorcas","Acts","9","36"
"latin","Drusilla","proper_noun","drusilla","Acts","24","24"
"latin","Eber","proper_noun","eber","Luke","3","35"
"latin","Efrem","proper_noun","efrem","John","11","54"
"latin","Elamitae","noun","elamitae","Acts","2","9"
"latin","Eleazar","proper_noun","eleazar","Matthew","1","15"
"latin","Eliachim","proper_noun","eliachim","Matthew","1","13"
"latin","Eliezer","proper_noun","eliezer","Luke","3","29"
"latin","Elisabeth","proper_noun","elisabeth","Luke","1","5"
"latin","Eliud","proper_noun","eliud","Matthew","1","14"
"latin","Elymas","proper_noun","elymas","Acts","13","8"
"latin","Emmanuhel","proper_noun","emmanuhel","Matthew","1","23"
"latin","Emmaus","proper_noun","emmaus","Luke","24","13"
"latin","Emmor","proper_noun","emmor","Acts","7","16"
"latin","Enoch","proper_noun","enoch","Luke","3","37"
"latin","Enos","proper_noun","enos","Luke","3","38"
"latin","Epafroditus","proper_noun","epafroditus","Philippians","2","25"
"latin","Epaphras","proper_noun","epaphras","Colossians","1","7"
"latin","Ephaenetus","proper_noun","ephaenetus","Romans","16","5"
"latin","Ephesius","adjective","ephesius","Acts","19","28"
"latin","Ephesus","proper_noun","ephesus","Acts","18","19"
"latin","Erastus","proper_noun","erastus","Acts","19","22"
"latin","Esaias","proper_noun","esaias","Matthew","3","3"
"latin","Esau","proper_noun","esau","Romans","9","13"
"latin","Esli","proper_noun","esli","Luke","3","25"
"latin","Esrom","proper_noun","esrom","Matthew","1","3"
"latin","Eubulus","proper_noun","eubulus","II_Timothy","4","21"
"latin","Eufrates","proper_noun","eufrates","Revelation","9","14"
"latin","Euhodia","proper_noun","euhodia","Philippians","4","2"
"latin","Euroaquilo","proper_noun","euroaquilo","Acts","27","14"
"latin","Eutychus","proper_noun","eutychus","Acts","20","9"
"latin","Eva","proper_noun","eva","II_Corinthians","11","3"
"latin","Exterminans","proper_noun","exterminans","Revelation","9","11"
"latin","Ezechias","proper_noun","ezechias","Matthew","1","9"
"latin","Felix","proper_noun","felix","Acts","23","24"
"latin","Festus","proper_noun","festus","Acts","24","27"
"latin","Filologus","proper_noun","filologus","Romans","16","15"
"latin","Flegon","noun","flegon","Romans","16","14"
"latin","Foenicen","proper_noun","foenicen","Acts","11","19"
"latin","Fortunatus","proper_noun","fortunatus","I_Corinthians","16","15"
"latin","Gabbatha","proper_noun","gabbatha","John","19","13"
"latin","Gabrihel","proper_noun","gabrihel","Luke","1","19"
"latin","Gad","proper_noun","gad","Revelation","7","5"
"latin","Gaius","proper_noun","gaius","Acts","19","29"
"latin","Galatae","noun","galatae","Galatians","3","1"
"latin","Galatia","proper_noun","galatia","Acts","16","6"
"latin","Galilaea","proper_noun","galilaea","Matthew","2","22"
"latin","Galilaei","noun","galilaei","Matthew","26","69"
"latin","Galilaeus","adjective","galilaeus","Acts","1","11"
"latin","Gallia","proper_noun","gallia","II_Timothy","4","10"
"latin","Gallio","proper_noun","gallio","Acts","18","12"
"latin","Gamalihel","proper_noun","gamalihel","Acts","5","34"
"latin","Gaza","proper_noun","gaza","Acts","8","26"
"latin","Gennesar","proper_noun","gennesar","Matthew","14","34"
"latin","Gennesareth","proper_noun","gennesareth","Mark","6","53"
"latin","Geraseni","noun","geraseni","Matthew","8","28"
"latin","Gethsemani","proper_noun","gethsemani","Matthew","26","36"
"latin","Gog","proper_noun","gog","Revelation","20","7"
"latin","Golgotha","proper_noun","golgotha","Matthew","27","33"
"latin","Gomorra","proper_noun","gomorra","Romans","9","29"
"latin","Gomorraei","noun","gomorraei","Matthew","10","15"
"latin","Graece","adverb","graece","John","19","20"
"latin","Graeci","noun","graeci","Acts","6","1"
"latin","Graecia","proper_noun","graecia","Acts","20","2"
"latin","Graecus","adjective","graecus","Luke","23","38"
"latin","Hadria","proper_noun","hadria","Acts","27","27"
"latin","Hebraei","noun","hebraei","Acts","6","1"
"latin","Hebraeus","adjective","hebraeus","Acts","21","40"
"latin","Hebraice","adverb","hebraice","John","5","2"
"latin","Hebraicus","adjective","hebraicus","Luke","23","38"
"latin","Heli","foreign_word","heli","Matthew","27","46"
"latin","Heli","proper_noun","heli","Luke","3","23"
"latin","Helias","proper_noun","helias","Matthew","11","14"
"latin","Heliseus","proper_noun","heliseus","Luke","4","27"
"latin","Helmadam","proper_noun","helmadam","Luke","3","28"
"latin","Heloi","foreign_word","heloi","Mark","15","34"
"latin","Her","proper_noun","her","Luke","3","28"
"latin","Hermagedon","proper_noun","hermagedon","Revelation","16","16"
"latin","Hermes","proper_noun","hermes","Romans","16","14"
"latin","Herodes","proper_noun","herodes","Matthew","2","1"
"latin","Herodiani","noun","herodiani","Matthew","22","16"
"latin","Herodias","proper_noun","herodias","Matthew","14","3"
"latin","Herodio","proper_noun","herodio","Romans","16","11"
"latin","Hieremias","proper_noun","hieremias","Matthew","2","17"
"latin","Hiericho","proper_noun","hiericho","Matthew","20","29"
"latin","Hierosolyma","proper_noun","hierosolyma","Matthew","2","1"
"latin","Hierosolymitae","noun","hierosolymitae","Mark","1","5"
"latin","Hiezabel","proper_noun","hiezabel","Revelation","2","20"
"latin","Hispania","proper_noun","hispania","Romans","15","24"
"latin","Iacob","proper_noun","iacob","Matthew","1","2"
"latin","Iairus","proper_noun","iairus","Mark","5","22"
"latin","Iannae","proper_noun","iannae","Luke","3","24"
"latin","Iared","proper_noun","iared","Luke","3","37"
"latin","Iason","proper_noun","iason","Acts","17","5"
"latin","Iconium","proper_noun","iconium","Acts","13","51"
"latin","Idumea","proper_noun","idumea","Mark","3","8"
"latin","Iechonias","proper_noun","iechonias","Matthew","1","11"
"latin","Iesse","proper_noun","iesse","Matthew","1","5"
"latin","Iesus","proper_noun","iesus","Matthew","1","1"
"latin","Illyricum","proper_noun","illyricum","Romans","15","19"
"latin","Ioatham","proper_noun","ioatham","Matthew","1","9"
"latin","Ioda","proper_noun","ioda","Luke","3","26"
"latin","Iohanna","proper_noun","iohanna","Luke","3","27"
"latin","Iohannes","proper_noun","iohannes","Matthew","3","1"
"latin","Iohel","proper_noun","iohel","Acts","2","16"
"latin","Iona","proper_noun","iona","Luke","3","30"
"latin","Ionas","proper_noun","ionas","Matthew","12","39"
"latin","Ioppe","proper_noun","ioppe","Acts","9","36"
"latin","Ioram","proper_noun","ioram","Matthew","1","8"
"latin","Iordanes","proper_noun","iordanes","Matthew","3","5"
"latin","Iorim","proper_noun","iorim","Luke","3","29"
"latin","Iosaphat","proper_noun","iosaphat","Matthew","1","8"
"latin","Iosech","proper_noun","iosech","Luke","3","26"
"latin","Ioseph","proper_noun","ioseph","Matthew","1","16"
"latin","Iosias","proper_noun","iosias","Matthew","1","10"
"latin","Isaac","proper_noun","isaac","Matthew","1","2"
"latin","Israel","proper_noun","israel","Matthew","2","6"
"latin","Israelitae","noun","israelitae","John","1","47"
"latin","Israhel","proper_noun","israhel","II_Corinthians","3","13"
"latin","Issachar","proper_noun","issachar","Revelation","7","7"
"latin","Italia","proper_noun","italia","Acts","18","2"
"latin","Italica","proper_noun","italica","Acts","10","1"
"latin","Iturea","proper_noun","iturea","Luke","3","1"
"latin","Iuda","proper_noun","iuda","Matthew","2","6"
"latin","Iudaea","noun","iudaea","Acts","24","24"
"latin","Iudaea","proper_noun","iudaea","Matthew","2","1"
"latin","Iudaei","noun","iudaei","Matthew","2","2"
"latin","Iudaeus","adjective","iudaeus","Acts","2","5"
"latin","Iudas","proper_noun","iudas","Matthew","1","2"
"latin","Iulia","proper_noun","iulia","Romans","16","15"
"latin","Iulius","proper_noun","iulius","Acts","27","1"
"latin","Iunius","adjective","iunius","Romans","16","7"
"latin","Iuppiter","proper_noun","iuppiter","Acts","14","11"
"latin","Iustus","proper_noun","iustus","Acts","1","23"
"latin","Lamech","proper_noun","lamech","Luke","3","36"
"latin","Laodica","proper_noun","laodica","Revelation","1","11"
"latin","Laodicea","proper_noun","laodicea","Colossians","2","1"
"latin","Latine","adverb","latine","John","19","20"
"latin","Latinus","adjective","latinus","Luke","23","38"
"latin","Lazarus","proper_noun","lazarus","Luke","16","20"
"latin","Legio","proper_noun","legio","Mark","5","9"
"latin","Levi","proper_noun","levi","Mark","2","14"
"latin","Levites","noun","levites","Luke","10","32"
"latin","Linus","proper_noun","linus","II_Timothy","4","21"
"latin","Lithostrotus","proper_noun","lithostrotus","John","19","13"
"latin","Loth","proper_noun","loth","Luke","17","28"
"latin","Lucas","proper_noun","lucas","II_Timothy","4","11"
"latin","Lucius","proper_noun","lucius","Acts","13","1"
"latin","Lybia","proper_noun","lybia","Acts","2","10"
"latin","Lycaonia","proper_noun","lycaonia","Acts","14","6"
"latin","Lycaonice","adverb","lycaonice","Acts","14","10"
"latin","Lycia","proper_noun","lycia","Acts","27","5"
"latin","Lydda","proper_noun","lydda","Acts","9","32"
"latin","Lydia","proper_noun","lydia","Acts","16","14"
"latin","Lysanias","proper_noun","lysanias","Luke","3","1"
"latin","Lysias","proper_noun","lysias","Acts","23","26"
"latin","Lystra","proper_noun","lystra","Acts","14","6"
"latin","Maath","proper_noun","maath","Luke","3","26"
"latin","Macedo","noun","macedo","Acts","16","9"
"latin","Macedones","noun","macedones","II_Corinthians","9","4"
"latin","Macedonia","proper_noun","macedonia","Acts","16","9"
"latin","Madiam","proper_noun","madiam","Acts","7","29"
"latin","Magdalene","proper_noun","magdalene","Matthew","27","56"
"latin","Magedan","proper_noun","magedan","Matthew","15","39"
"latin","Magog","proper_noun","magog","Revelation","20","7"
"latin","Malchus","proper_noun","malchus","John","18","10"
"latin","Malelehel","proper_noun","malelehel","Luke","3","37"
"latin","Manaen","proper_noun","manaen","Acts","13","1"
"latin","Manasses","proper_noun","manasses","Matthew","1","10"
"latin","Marcus","proper_noun","marcus","Acts","12","12"
"latin","Maria","proper_noun","maria","Matthew","1","16"
"latin","Martha","proper_noun","martha","Luke","10","38"
"latin","Mathusala","proper_noun","mathusala","Luke","3","37"
"latin","Matthan","proper_noun","matthan","Matthew","1","15"
"latin","Matthat","proper_noun","matthat","Luke","3","24"
"latin","Matthata","proper_noun","matthata","Luke","3","31"
"latin","Matthathias","proper_noun","matthathias","Luke","3","25"
"latin","Mattheus","proper_noun","mattheus","Matthew","9","9"
"latin","Matthiam","proper_noun","matthiam","Acts","1","23"
"latin","Medi","noun","medi","Acts","2","9"
"latin","Melchi","proper_noun","melchi","Luke","3","24"
"latin","Melchisedech","proper_noun","melchisedech","Hebrews","7","10"
"latin","Melea","proper_noun","melea","Luke","3","31"
"latin","Menna","proper_noun","menna","Luke","3","31"
"latin","Mercurius","proper_noun","mercurius","Acts","14","11"
"latin","Mesopotamia","proper_noun","mesopotamia","Acts","2","9"
"latin","Messias","proper_noun","messias","John","1","41"
"latin","Michael","proper_noun","michael","Jude","1","9"
"latin","Miletus","proper_noun","miletus","Acts","20","15"
"latin","Militene","proper_noun","militene","Acts","28","1"
"latin","Mnason","proper_noun","mnason","Acts","21","16"
"latin","Moloch","proper_noun","moloch","Acts","7","43"
"latin","Moses","proper_noun","moses","Matthew","8","4"
"latin","Mysia","proper_noun","mysia","Acts","16","7"
"latin","Mytilene","proper_noun","mytilene","Acts","20","14"
"latin","Naasson","proper_noun","naasson","Matthew","1","4"
"latin","Nachor","proper_noun","nachor","Luke","3","34"
"latin","Naggae","proper_noun","naggae","Luke","3","25"
"latin","Naim","noun","naim","Luke","7","11"
"latin","Narcissus","proper_noun","narcissus","Romans","16","11"
"latin","Nathan","proper_noun","nathan","Luke","3","31"
"latin","Nathanahel","proper_noun","nathanahel","John","1","45"
"latin","Naum","proper_noun","naum","Luke","3","25"
"latin","Nazarenus","noun","nazarenus","Matthew","26","71"
"latin","Nazareth","proper_noun","nazareth","Matthew","2","23"
"latin","Nazareus","noun","nazareus","Matthew","2","23"
"latin","Neapolis","proper_noun","neapolis","Acts","16","11"
"latin","Neman","proper_noun","neman","Luke","4","27"
"latin","Nepthalim","proper_noun","nepthalim","Matthew","4","13"
"latin","Nereus","proper_noun","nereus","Romans","16","15"
"latin","Neri","proper_noun","neri","Luke","3","27"
"latin","Nicanor","proper_noun","nicanor","Acts","6","5"
"latin","Nicodemus","proper_noun","nicodemus","John","3","1"
"latin","Nicolaitae","noun","nicolaitae","Revelation","2","6"
"latin","Nicolaus","proper_noun","nicolaus","Acts","6","5"
"latin","Nicopolis","proper_noun","nicopolis","Titus","3","12"
"latin","Niger","proper_noun","niger","Acts","13","1"
"latin","Ninevitae","noun","ninevitae","Matthew","12","41"
"latin","Noe","proper_noun","noe","Matthew","24","37"
"latin","Obed","proper_noun","obed","Matthew","1","5"
"latin","Olivetum","proper_noun","olivetum","Acts","1","12"
"latin","Olympias","proper_noun","olympias","Romans","16","15"
"latin","Onesiforus","proper_noun","onesiforus","II_Timothy","4","19"
"latin","Onesimus","proper_noun","onesimus","Philemon","1","10"
"latin","Osee","proper_noun","osee","Romans","9","25"
"latin","Ozias","proper_noun","ozias","Matthew","1","8"
"latin","Pamphylia","noun","pamphylia","Acts","15","38"
"latin","Pamphylia","proper_noun","pamphylia","Acts","2","10"
"latin","Paphos","proper_noun","paphos","Acts","13","6"
"latin","Parmena","proper_noun","parmena","Acts","6","5"
"latin","Parthus","noun","parthus","Acts","2","9"
"latin","Patara","proper_noun","patara","Acts","21","1"
"latin","Patmos","proper_noun","patmos","Revelation","1","9"
"latin","Patrobas","proper_noun","patrobas","Romans","16","14"
"latin","Paulus","proper_noun","paulus","Acts","13","7"
"latin","Pergamum","proper_noun","pergamum","Revelation","1","11"
"latin","Perge","proper_noun","perge","Acts","13","13"
"latin","Persida","proper_noun","persida","Romans","16","12"
"latin","Petrus","proper_noun","petrus","Matthew","4","18"
"latin","Phalec","proper_noun","phalec","Luke","3","35"
"latin","Phanuhel","proper_noun","phanuhel","Luke","2","36"
"latin","Pharao","proper_noun","pharao","Acts","7","10"
"latin","Phares","proper_noun","phares","Matthew","1","3"
"latin","Pharisaeus","noun","pharisaeus","Matthew","3","7"
"latin","Philadelphia","proper_noun","philadelphia","Revelation","1","11"
"latin","Philemon","proper_noun","philemon","Philemon","1","1"
"latin","Philippensis","adjective","philippensis","Philippians","4","15"
"latin","Philippi","proper_noun","philippi","Acts","16","12"
"latin","Philippus","proper_noun","philippus","Matthew","10","3"
"latin","Phoebe","proper_noun","phoebe","Romans","16","1"
"latin","Phoenix","proper_noun","phoenix","Acts","27","12"
"latin","Phrygia","proper_noun","phrygia","Acts","2","10"
"latin","Pilatus","proper_noun","pilatus","Matthew","27","2"
"latin","Pisidia","proper_noun","pisidia","Acts","13","14"
"latin","Ponticus","adjective","ponticus","Acts","18","2"
"latin","Pontius","proper_noun","pontius","Matthew","27","2"
"latin","Pontus","proper_noun","pontus","Acts","2","9"
"latin","Porcius","proper_noun","porcius","Acts","24","27"
"latin","Prisca","proper_noun","prisca","Romans","16","3"
"latin","Priscilla","proper_noun","priscilla","Acts","18","2"
"latin","Prochorus","proper_noun","prochorus","Acts","6","5"
"latin","Ptolemais","proper_noun","ptolemais","Acts","21","7"
"latin","Publius","proper_noun","publius","Acts","28","8"
"latin","Pudens","proper_noun","pudens","II_Timothy","4","21"
"latin","Puteoli","proper_noun","puteoli","Acts","28","13"
"latin","Pyrrus","proper_noun","pyrrus","Acts","20","4"
"latin","Pytho","noun","pytho","Acts","16","16"
"latin","Rachab","proper_noun","rachab","Matthew","1","5"
"latin","Rachel","proper_noun","rachel","Matthew","2","18"
"latin","Ragau","proper_noun","ragau","Luke","3","35"
"latin","Rama","proper_noun","rama","Matthew","2","18"
"latin","Rebecca","proper_noun","rebecca","Romans","9","10"
"latin","Regium","proper_noun","regium","Acts","28","13"
"latin","Rempham","proper_noun","rempham","Acts","7","43"
"latin","Resa","proper_noun","resa","Luke","3","27"
"latin","Rhode","proper_noun","rhode","Acts","12","13"
"latin","Rhodos","proper_noun","rhodos","Acts","21","1"
"latin","Roboam","proper_noun","roboam","Matthew","1","7"
"latin","Roma","proper_noun","roma","Acts","18","2"
"latin","Romanus","adjective","romanus","John","11","48"
"latin","Romanus","noun","romanus","Acts","16","21"
"latin","Ruben","proper_noun","ruben","Revelation","7","5"
"latin","Rufus","proper_noun","rufus","Mark","15","21"
"latin","Ruth","proper_noun","ruth","Matthew","1","5"
"latin","Sabaoth","proper_noun","sabaoth","Romans","9","29"
"latin","Saddoc","proper_noun","saddoc","Matthew","1","14"
"latin","Sadducaei","noun","sadducaei","Matthew","3","7"
"latin","Saffira","proper_noun","saffira","Acts","5","1"
"latin","Salamina","proper_noun","salamina","Acts","13","5"
"latin","Salathihel","proper_noun","salathihel","Matthew","1","12"
"latin","Sale","proper_noun","sale","Luke","3","35"
"latin","Salim","proper_noun","salim","John","3","23"
"latin","Salmon","proper_noun","salmon","Matthew","1","4"
"latin","Salmone","proper_noun","salmone","Acts","27","7"
"latin","Salome","proper_noun","salome","Mark","15","40"
"latin","Salomon","proper_noun","salomon","Matthew","1","6"
"latin","Samaria","proper_noun","samaria","Luke","17","11"
"latin","Samaritani","noun","samaritani","Matthew","10","5"
"latin","Samaritanus","adjective","samaritanus","John","4","9"
"latin","Samothracia","proper_noun","samothracia","Acts","16","11"
"latin","Samuhel","proper_noun","samuhel","Acts","3","24"
"latin","Samus","proper_noun","samus","Acts","20","15"
"latin","Sardus","proper_noun","sardus","Revelation","1","11"
"latin","Sareptha","proper_noun","sareptha","Luke","4","26"
"latin","Sarona","proper_noun","sarona","Acts","9","35"
"latin","Sarra","proper_noun","sarra","Romans","4","19"
"latin","Satanas","proper_noun","satanas","Matthew","4","10"
"latin","Saul","proper_noun","saul","Acts","13","21"
"latin","Saulus","proper_noun","saulus","Acts","7","57"
"latin","Scarioth","proper_noun","scarioth","Matthew","10","4"
"latin","Sceva","proper_noun","sceva","Acts","19","14"
"latin","Secundus","proper_noun","secundus","Acts","20","4"
"latin","Seleucia","proper_noun","seleucia","Acts","13","4"
"latin","Sem","proper_noun","sem","Luke","3","36"
"latin","Semei","proper_noun","semei","Luke","3","26"
"latin","Sergius","proper_noun","sergius","Acts","13","7"
"latin","Seruch","proper_noun","seruch","Luke","3","35"
"latin","Seth","proper_noun","seth","Luke","3","38"
"latin","Sidon","proper_noun","sidon","Matthew","11","21"
"latin","Sidonii","noun","sidonii","Acts","12","20"
"latin","Silas","proper_noun","silas","Acts","15","22"
"latin","Siloam","proper_noun","siloam","Luke","13","4"
"latin","Silvanus","proper_noun","silvanus","II_Corinthians","1","19"
"latin","Simon","proper_noun","simon","Matthew","4","18"
"latin","Sina","proper_noun","sina","Acts","7","30"
"latin","Sion","proper_noun","sion","Matthew","21","5"
"latin","Smyrna","proper_noun","smyrna","Revelation","1","11"
"latin","Sodoma","proper_noun","sodoma","Matthew","10","15"
"latin","Sopater","proper_noun","sopater","Acts","20","4"
"latin","Sosipater","proper_noun","sosipater","Romans","16","21"
"latin","Sosthenes","proper_noun","sosthenes","Acts","18","17"
"latin","Stachys","proper_noun","stachys","Romans","16","9"
"latin","Stephanas","proper_noun","stephanas","I_Corinthians","1","16"
"latin","Stephanus","proper_noun","stephanus","Acts","6","5"
"latin","Susanna","proper_noun","susanna","Luke","8","3"
"latin","Sychar","proper_noun","sychar","John","4","5"
"latin","Sychem","proper_noun","sychem","Acts","7","16"
"latin","Symeon","proper_noun","symeon","Luke","2","25"
"latin","Syntyche","proper_noun","syntyche","Philippians","4","2"
"latin","Syracusa","proper_noun","syracusa","Acts","28","12"
"latin","Syria","proper_noun","syria","Matthew","4","24"
"latin","Syrophoenissa","proper_noun","syrophoenissa","Mark","7","26"
"latin","Syrtis","proper_noun","syrtis","Acts","27","17"
"latin","Syrus","adjective","syrus","Luke","4","27"
"latin","Tabitas","proper_noun","tabitas","Acts","9","36"
"latin","Tarsensis","adjective","tarsensis","Acts","9","11"
"latin","Tarsus","proper_noun","tarsus","Acts","9","30"
"latin","Tertullus","proper_noun","tertullus","Acts","24","1"
"latin","Thaddeus","proper_noun","thaddeus","Matthew","10","3"
"latin","Thalassa","proper_noun","thalassa","Acts","27","8"
"latin","Thamar","proper_noun","thamar","Matthew","1","3"
"latin","Thara","proper_noun","thara","Luke","3","34"
"latin","Theodas","proper_noun","theodas","Acts","5","36"
"latin","Theophilus","proper_noun","theophilus","Luke","1","3"
"latin","Thessalonica","proper_noun","thessalonica","Acts","17","1"
"latin","Thessalonicenses","noun","thessalonicenses","Acts","20","4"
"latin","Thessalonicensis","adjective","thessalonicensis","Acts","27","2"
"latin","Thomas","proper_noun","thomas","Matthew","10","3"
"latin","Thyatira","proper_noun","thyatira","Revelation","1","11"
"latin","Thyatireni","noun","thyatireni","Acts","16","14"
"latin","Tiberias","proper_noun","tiberias","John","6","1"
"latin","Tiberius","proper_noun","tiberius","Luke","3","1"
"latin","Timeus","proper_noun","timeus","Mark","10","46"
"latin","Timon","proper_noun","timon","Acts","6","5"
"latin","Timotheus","proper_noun","timotheus","Acts","16","1"
"latin","Titius","proper_noun","titius","Acts","18","7"
"latin","Titus","proper_noun","titus","II_Corinthians","2","13"
"latin","Trachonitis","proper_noun","trachonitis","Luke","3","1"
"latin","Troas","proper_noun","troas","Acts","16","8"
"latin","Trophimus","proper_noun","trophimus","Acts","20","4"
"latin","Tryphaena","proper_noun","tryphaena","Romans","16","12"
"latin","Tryphosa","proper_noun","tryphosa","Romans","16","12"
"latin","Tychicus","proper_noun","tychicus","Acts","20","4"
"latin","Tyrannus","proper_noun","tyrannus","Acts","19","9"
"latin","Tyrii","noun","tyrii","Acts","12","20"
"latin","Tyros","proper_noun","tyros","Matthew","11","21"
"latin","Urbanus","proper_noun","urbanus","Romans","16","9"
"latin","Urias","proper_noun","urias","Matthew","1","6"
"latin","Zabulon","proper_noun","zabulon","Matthew","4","13"
"latin","Zaccharias","proper_noun","zaccharias","Matthew","23","35"
"latin","Zaccheus","proper_noun","zaccheus","Luke","19","2"
"latin","Zara","proper_noun","zara","Matthew","1","3"
"latin","Zebedaeus","proper_noun","zebedaeus","Matthew","4","21"
"latin","Zelotes","proper_noun","zelotes","Luke","6","15"
"latin","Zenas","proper_noun","zenas","Titus","3","13"
"latin","Zorobabel","proper_noun","zorobabel","Matthew","1","12"
"latin","ab","preposition","ab","Matthew","1","17"
"latin","abdico","verb","abdico","II_Corinthians","4","2"
"latin","abduco","verb","abduco","Acts","20","30"
"latin","abeo","verb","abeo","Matthew","2","9"
"latin","abicio","verb","abicio","Romans","13","12"
"latin","abluo","verb","abluo","Acts","22","16"
"latin","abnego","verb","abnego","Matthew","16","24"
"latin","aboleo","verb","aboleo","Romans","4","14"
"latin","abominatio","noun","abominatio","Matthew","24","15"
"latin","abominor","verb","abominor","Acts","10","28"
"latin","abortivus","adjective","abortivus","I_Corinthians","15","8"
"latin","abscido","verb","abscido","Matthew","5","30"
"latin","absconditus","adjective","absconditus","Matthew","6","4"
"latin","abscondo","verb","abscondo","Matthew","5","14"
"latin","absens","adjective","absens","I_Corinthians","5","3"
"latin","absentia","noun","absentia","Philippians","2","12"
"latin","absinthium","noun","absinthium","Revelation","8","11"
"latin","absolvo","verb","absolvo","Acts","19","39"
"latin","absorbeo","verb","absorbeo","I_Corinthians","15","54"
"latin","absque","preposition","absque","John","16","2"
"latin","abstergeo","verb","abstergeo","Revelation","7","17"
"latin","abstergo","verb","abstergo","Revelation","21","4"
"latin","abstineo","verb","abstineo","Acts","15","20"
"latin","abstraho","verb","abstraho","Acts","21","1"
"latin","absum","verb","absum","Matthew","16","22"
"latin","abundans","adjective","abundans","Matthew","5","37"
"latin","abundanter","adverb","abundanter","John","10","10"
"latin","abundantia","noun","abundantia","Matthew","12","34"
"latin","abunde","adverb","abunde","Titus","3","6"
"latin","abundo","verb","abundo","Matthew","5","20"
"latin","abutor","verb","abutor","I_Corinthians","9","18"
"latin","abyssus","noun","abyssus","Luke","8","31"
"latin","accedo","verb","accedo","Matthew","4","3"
"latin","accendo","verb","accendo","Matthew","5","15"
"latin","acceptabilis","adjective","acceptabilis","II_Corinthians","6","2"
"latin","acceptio","noun","acceptio","Romans","2","11"
"latin","acceptor","noun","acceptor","Acts","10","34"
"latin","acceptus","adjective","acceptus","Luke","4","24"
"latin","accessus","noun","accessus","Romans","5","2"
"latin","accido","verb","accido","Mark","6","21"
"latin","accingo","verb","accingo","Acts","27","17"
"latin","accio","verb","accio","Acts","13","7"
"latin","accipio","verb","accipio","Matthew","1","20"
"latin","acclamo","verb","acclamo","Acts","12","22"
"latin","accola","noun","accola","Acts","7","6"
"latin","accubitus","noun","accubitus","Luke","14","7"
"latin","accumbo","verb","accumbo","Mark","2","15"
"latin","accurro","verb","accurro","Mark","9","14"
"latin","accusatio","noun","accusatio","John","18","29"
"latin","accusator","noun","accusator","Acts","23","30"
"latin","accuso","verb","accuso","Matthew","12","10"
"latin","acetum","noun","acetum","Matthew","27","48"
"latin","acquiesco","verb","acquiesco","Romans","2","8"
"latin","acquiro","verb","acquiro","Luke","19","16"
"latin","acquisitio","noun","acquisitio","Acts","19","25"
"latin","actio","noun","actio","Acts","24","3"
"latin","actor","noun","actor","Galatians","4","2"
"latin","actus","noun","actus","Luke","23","51"
"latin","aculeus","noun","aculeus","Revelation","9","10"
"latin","acus","noun","acus","Matthew","19","24"
"latin","acutus","adjective","acutus","Revelation","1","16"
"latin","ad","preposition","ad","Matthew","1","17"
"latin","adaperio","verb","adaperio","Mark","7","34"
"latin","adaquo","verb","adaquo","Luke","13","15"
"latin","adaugeo","verb","adaugeo","Luke","17","5"
"latin","addo","verb","addo","Luke","20","11"
"latin","adduco","verb","adduco","Matthew","21","2"
"latin","adeo","verb","adeo","Luke","8","19"
"latin","adhaereo","verb","adhaereo","Matthew","19","5"
"latin","adhibeo","verb","adhibeo","Matthew","18","16"
"latin","adhuc","adverb","adhuc","Matthew","12","46"
"latin","adiaceo","verb","adiaceo","Romans","7","18"
"latin","adicio","verb","adicio","Matthew","6","27"
"latin","adimpleo","verb","adimpleo","Matthew","1","22"
"latin","adiudico","verb","adiudico","Luke","23","24"
"latin","adiungo","verb","adiungo","Acts","8","29"
"latin","adiuro","verb","adiuro","Matthew","26","63"
"latin","adiutor","noun","adiutor","Romans","16","3"
"latin","adiutorium","noun","adiutorium","Acts","27","17"
"latin","adiuvo","verb","adiuvo","Matthew","15","25"
"latin","administro","verb","administro","Acts","13","36"
"latin","admirabilis","adjective","admirabilis","II_Thessalonians","1","10"
"latin","admiratio","noun","admiratio","Revelation","17","6"
"latin","admiror","verb","admiror","Matthew","7","28"
"latin","admitto","verb","admitto","Mark","5","19"
"latin","admoneo","verb","admoneo","Matthew","2","22"
"latin","adnavigo","verb","adnavigo","Acts","27","7"
"latin","adnumero","verb","adnumero","Acts","1","26"
"latin","adnuntiator","noun","adnuntiator","Acts","17","18"
"latin","adnuntio","verb","adnuntio","Mark","5","19"
"latin","adnuo","verb","adnuo","Luke","5","7"
"latin","adoptio","noun","adoptio","Romans","8","15"
"latin","adorator","noun","adorator","John","4","23"
"latin","adoro","verb","adoro","Matthew","2","2"
"latin","adquiesco","verb","adquiesco","Galatians","1","16"
"latin","adquisitio","noun","adquisitio","I_Thessalonians","5","9"
"latin","adsum","verb","adsum","Mark","4","29"
"latin","adulatio","noun","adulatio","I_Thessalonians","2","5"
"latin","adulescens","adjective","adulescens","Luke","15","12"
"latin","adulescens","noun","adulescens","Matthew","19","20"
"latin","adulter","adjective","adulter","Matthew","12","39"
"latin","adulter","noun","adulter","Luke","18","11"
"latin","adultera","noun","adultera","Romans","7","3"
"latin","adulterium","noun","adulterium","Matthew","15","19"
"latin","adultero","verb","adultero","Matthew","5","32"
"latin","advena","noun","advena","Acts","2","10"
"latin","advenio","verb","advenio","Luke","11","2"
"latin","adventus","noun","adventus","Matthew","24","3"
"latin","adversarius","adjective","adversarius","Matthew","5","25"
"latin","adversarius","noun","adversarius","I_Corinthians","16","9"
"latin","adversor","verb","adversor","Galatians","5","17"
"latin","adversus","adjective","adversus","Mark","15","39"
"latin","adversus","preposition","adversus","Matthew","5","11"
"latin","advesperasco","verb","advesperasco","Luke","24","29"
"latin","advoco","verb","advoco","Matthew","18","2"
"latin","advolvo","verb","advolvo","Matthew","27","60"
"latin","aedes","noun","aedes","Luke","11","51"
"latin","aedificatio","noun","aedificatio","Matthew","24","1"
"latin","aedifico","verb","aedifico","Matthew","7","24"
"latin","aeger","adjective","aeger","Acts","5","16"
"latin","aegrotatio","noun","aegrotatio","Matthew","8","17"
"latin","aegrotus","adjective","aegrotus","Mark","6","13"
"latin","aemulatio","noun","aemulatio","Romans","10","2"
"latin","aemulator","noun","aemulator","Acts","21","20"
"latin","aemulor","verb","aemulor","Acts","7","9"
"latin","aequalis","adjective","aequalis","Luke","6","34"
"latin","aequalitas","noun","aequalitas","II_Corinthians","8","13"
"latin","aequitas","noun","aequitas","Acts","17","31"
"latin","aequus","adjective","aequus","Acts","6","2"
"latin","aer","noun","aer","Acts","22","23"
"latin","aeramentum","noun","aeramentum","Mark","7","4"
"latin","aerarius","noun","aerarius","II_Timothy","4","14"
"latin","aereus","adjective","aereus","Revelation","9","20"
"latin","aerumna","noun","aerumna","Mark","4","19"
"latin","aes","noun","aes","Mark","6","8"
"latin","aestas","noun","aestas","Matthew","24","32"
"latin","aestimo","verb","aestimo","Matthew","11","16"
"latin","aestuo","verb","aestuo","Matthew","13","6"
"latin","aestus","noun","aestus","Matthew","20","12"
"latin","aetas","noun","aetas","Luke","2","52"
"latin","aeternus","adjective","aeternus","Matthew","18","8"
"latin","aethiops","adjective","aethiops","Acts","8","27"
"latin","affectio","noun","affectio","Romans","1","31"
"latin","affero","verb","affero","Matthew","13","23"
"latin","afficio","verb","afficio","Matthew","10","21"
"latin","affigo","verb","affigo","Acts","2","23"
"latin","affirmo","verb","affirmo","Luke","22","59"
"latin","afflictio","noun","afflictio","Acts","7","34"
"latin","affligo","verb","affligo","Luke","8","45"
"latin","africus","adjective","africus","Acts","27","12"
"latin","ager","noun","ager","Matthew","6","28"
"latin","agito","verb","agito","Matthew","11","7"
"latin","agnitio","noun","agnitio","Ephesians","1","17"
"latin","agnos","noun","agnos","Revelation","14","4"
"latin","agnosco","verb","agnosco","Matthew","12","33"
"latin","agnus","noun","agnus","Luke","10","3"
"latin","ago","verb","ago","Matthew","3","2"
"latin","agon","noun","agon","I_Corinthians","9","25"
"latin","agonia","noun","agonia","Luke","22","43"
"latin","agricola","noun","agricola","Matthew","21","33"
"latin","agricultura","noun","agricultura","I_Corinthians","3","9"
"latin","aio","verb","aio","Matthew","4","7"
"latin","ala","noun","ala","Matthew","23","37"
"latin","alabaster","noun","alabaster","Matthew","26","7"
"latin","alapa","noun","alapa","Mark","14","65"
"latin","alba","noun","alba","Revelation","7","9"
"latin","albus","adjective","albus","Matthew","5","36"
"latin","alias","adverb","alias","Acts","13","35"
"latin","alienigena","noun","alienigena","Luke","17","18"
"latin","alieno","verb","alieno","Ephesians","2","12"
"latin","alienum","noun","alienum","Matthew","17","25"
"latin","alienus","adjective","alienus","Luke","16","12"
"latin","alimentum","noun","alimentum","I_Timothy","6","8"
"latin","alioqui(n)","adverb","alioqui","Matthew","6","1"
"latin","aliquando","adverb","aliquando","Luke","22","32"
"latin","aliquantus","adjective","aliquantus","Acts","18","23"
"latin","aliquis","indefinite_pronoun","aliquis","Matthew","5","23"
"latin","aliquot","indefinite_pronoun","aliquot","Acts","9","19"
"latin","aliter","adverb","aliter","Philippians","3","15"
"latin","aliunde","adverb","aliunde","John","10","1"
"latin","alius","indefinite_pronoun","alius","Matthew","2","12"
"latin","allegoria","noun","allegoria","Galatians","4","24"
"latin","alleluia","interjection","alleluia","Revelation","19","1"
"latin","allevio","verb","allevio","Acts","27","38"
"latin","allevo","verb","allevo","Acts","3","7"
"latin","allido","verb","allido","Mark","9","17"
"latin","alligo","verb","alligo","Matthew","12","29"
"latin","alloquor","verb","alloquor","Acts","20","11"
"latin","alo","verb","alo","Acts","12","20"
"latin","aloe","noun","aloe","John","19","39"
"latin","alpha","noun","alpha","Revelation","1","8"
"latin","altare","noun","altare","Matthew","5","23"
"latin","altarium","noun","altarium","Romans","11","3"
"latin","alter","adjective","alter","Matthew","5","39"
"latin","altercor","verb","altercor","Jude","1","9"
"latin","alteruter","indefinite_pronoun","alteruter","Romans","15","5"
"latin","alteruter","reciprocal_pronoun","alteruter","Mark","4","40"
"latin","altilis","adjective","altilis","Matthew","22","4"
"latin","altitudo","noun","altitudo","Matthew","13","5"
"latin","altus","adjective","altus","Matthew","21","9"
"latin","amabilis","adjective","amabilis","Philippians","4","8"
"latin","amare","adverb","amare","Matthew","26","75"
"latin","amarico","verb","amarico","Revelation","10","9"
"latin","amaritudo","noun","amaritudo","Acts","8","23"
"latin","amarus","adjective","amarus","Revelation","8","11"
"latin","ambigo","verb","ambigo","Acts","5","24"
"latin","ambitio","noun","ambitio","Acts","25","23"
"latin","ambitiosus","adjective","ambitiosus","I_Corinthians","13","5"
"latin","ambo","adjective","ambo","Matthew","9","17"
"latin","ambulo","verb","ambulo","Matthew","4","18"
"latin","amen","interjection","amen","Matthew","5","18"
"latin","amethistus","noun","amethistus","Revelation","21","20"
"latin","amica","noun","amica","Luke","15","9"
"latin","amicio","verb","amicio","Mark","14","51"
"latin","amicus","noun","amicus","Matthew","11","19"
"latin","amissio","noun","amissio","Acts","27","22"
"latin","amo","verb","amo","Matthew","6","5"
"latin","amodo","adverb","amodo","Matthew","23","39"
"latin","amomum","noun","amomum","Revelation","18","13"
"latin","amoveo","verb","amoveo","Luke","16","4"
"latin","amphora","noun","amphora","Luke","22","10"
"latin","ample","adverb","ample","Matthew","22","46"
"latin","amplector","verb","amplector","Titus","1","9"
"latin","amplius","adverb","amplius","Revelation","7","16"
"latin","amplus","adjective","amplus","Matthew","5","47"
"latin","amputo","verb","amputo","Matthew","26","51"
"latin","an","conjunction","an","Matthew","11","3"
"latin","an","interrogative_adverb","an","Matthew","20","15"
"latin","an","subjunction","an","Matthew","27","49"
"latin","anathema","noun","anathema","Romans","9","3"
"latin","anathematizo","verb","anathematizo","Mark","14","71"
"latin","ancilla","noun","ancilla","Matthew","26","69"
"latin","ancora","noun","ancora","Acts","27","29"
"latin","anethum","noun","anethum","Matthew","23","23"
"latin","angario","verb","angario","Matthew","5","41"
"latin","angelus","noun","angelus","Matthew","1","20"
"latin","angularis","adjective","angularis","Ephesians","2","20"
"latin","angulus","noun","angulus","Matthew","6","5"
"latin","angustia","noun","angustia","Romans","2","9"
"latin","angustio","verb","angustio","II_Corinthians","4","8"
"latin","angustus","adjective","angustus","Matthew","7","13"
"latin","anima","noun","anima","Matthew","2","20"
"latin","animaequus","adjective","animaequus","Mark","10","49"
"latin","animal","noun","animal","Jude","1","10"
"latin","animalis","adjective","animalis","I_Corinthians","2","14"
"latin","animositas","noun","animositas","II_Corinthians","12","20"
"latin","animus","noun","animus","Acts","18","12"
"latin","annus","noun","annus","Matthew","9","20"
"latin","ante","adverb","ante","Acts","8","9"
"latin","ante","preposition","ante","Matthew","5","12"
"latin","antea","adverb","antea","Luke","23","12"
"latin","antecedo","verb","antecedo","Matthew","2","9"
"latin","antecessor","noun","antecessor","Galatians","1","17"
"latin","antequam","subjunction","antequam","Matthew","1","18"
"latin","antiquus","adjective","antiquus","Matthew","5","21"
"latin","anulus","noun","anulus","Luke","15","22"
"latin","aperio","verb","aperio","Matthew","2","11"
"latin","apertio","noun","apertio","Ephesians","6","19"
"latin","apertus","adjective","apertus","Revelation","3","8"
"latin","apex","noun","apex","Matthew","5","18"
"latin","apocalypsis","noun","apocalypsis","I_Corinthians","14","26"
"latin","aporior","verb","aporior","II_Corinthians","4","8"
"latin","apostolatus","noun","apostolatus","Acts","1","25"
"latin","apostolus","noun","apostolus","Matthew","10","2"
"latin","appareo","verb","appareo","Matthew","1","20"
"latin","appello","verb","appello","Acts","1","19"
"latin","applico","verb","applico","Mark","6","53"
"latin","appono","verb","appono","Mark","8","6"
"latin","appr(eh)endo","verb","apprendo","Matthew","14","31"
"latin","appretio","verb","appretio","Matthew","27","9"
"latin","approbo","verb","approbo","Acts","2","22"
"latin","appropinquo","verb","appropinquo","Matthew","3","2"
"latin","appropio","verb","appropio","Luke","10","34"
"latin","apto","verb","apto","Romans","9","22"
"latin","aptus","adjective","aptus","Luke","9","62"
"latin","apud","preposition","apud","Matthew","6","1"
"latin","aqua","noun","aqua","Matthew","3","11"
"latin","aquila","noun","aquila","Matthew","24","28"
"latin","aquilo","noun","aquilo","Luke","13","29"
"latin","ara","noun","ara","Acts","17","23"
"latin","aratrum","noun","aratrum","Luke","9","62"
"latin","arbitror","verb","arbitror","Matthew","10","34"
"latin","arbor","noun","arbor","Matthew","3","10"
"latin","arca","noun","arca","Matthew","24","38"
"latin","arcanus","adjective","arcanus","II_Corinthians","12","4"
"latin","arcarius","adjective","arcarius","Romans","16","23"
"latin","arcesso","verb","arcesso","Mark","15","44"
"latin","archangelus","noun","archangelus","I_Thessalonians","4","16"
"latin","archisynagogus","noun","archisynagogus","Mark","5","22"
"latin","architectus","noun","architectus","I_Corinthians","3","10"
"latin","architriclinus","noun","architriclinus","John","2","8"
"latin","arcus","noun","arcus","Revelation","6","2"
"latin","ardeo","verb","ardeo","Luke","12","35"
"latin","area","noun","area","Matthew","3","12"
"latin","arefacio","verb","arefacio","Matthew","21","19"
"latin","areo","verb","areo","Matthew","21","20"
"latin","aresco","verb","aresco","Matthew","13","6"
"latin","argentarius","noun","argentarius","Acts","19","24"
"latin","argenteus","adjective","argenteus","Matthew","26","15"
"latin","argentum","noun","argentum","Matthew","10","9"
"latin","argumentum","noun","argumentum","Acts","1","3"
"latin","arguo","verb","arguo","John","3","20"
"latin","aridus","adjective","aridus","Matthew","12","10"
"latin","arma","noun","arma","Luke","11","22"
"latin","armamenta","noun","armamenta","Acts","27","19"
"latin","armatura","noun","armatura","Ephesians","6","13"
"latin","armo","verb","armo","Luke","11","21"
"latin","aro","verb","aro","Luke","17","7"
"latin","aroma","noun","aroma","Mark","16","1"
"latin","arripio","verb","arripio","Luke","8","29"
"latin","ars","noun","ars","Acts","17","29"
"latin","artemon","noun","artemon","Acts","27","40"
"latin","artifex","noun","artifex","Acts","19","24"
"latin","artificium","noun","artificium","Acts","19","25"
"latin","artus","adjective","artus","Matthew","7","14"
"latin","as","noun","as","Matthew","10","29"
"latin","ascendo","verb","ascendo","Matthew","3","16"
"latin","asellus","noun","asellus","John","12","14"
"latin","asina","noun","asina","Matthew","21","2"
"latin","asinarius","adjective","asinarius","Matthew","18","6"
"latin","asinus","noun","asinus","Luke","13","15"
"latin","aspectus","noun","aspectus","Matthew","28","3"
"latin","asper","adjective","asper","Luke","3","5"
"latin","aspergo","verb","aspergo","Revelation","19","13"
"latin","aspernor","verb","aspernor","Luke","18","9"
"latin","aspicio","verb","aspicio","Matthew","14","19"
"latin","aspiro","verb","aspiro","Acts","27","13"
"latin","aspis","noun","aspis","Romans","3","13"
"latin","assequor","verb","assequor","Luke","1","3"
"latin","assideo","verb","assideo","Acts","26","30"
"latin","assigno","verb","assigno","Acts","9","41"
"latin","assimulo","verb","assimulo","Matthew","6","8"
"latin","assisto","verb","assisto","John","18","22"
"latin","assumentum","noun","assumentum","Mark","2","21"
"latin","assumo","verb","assumo","Matthew","4","5"
"latin","assumptio","noun","assumptio","Luke","9","51"
"latin","assuo","verb","assuo","Mark","2","21"
"latin","assus","adjective","assus","Luke","24","42"
"latin","asto","verb","asto","Mark","14","70"
"latin","astringo","verb","astringo","Acts","22","25"
"latin","astutia","noun","astutia","I_Corinthians","3","19"
"latin","astutus","adjective","astutus","II_Corinthians","12","16"
"latin","at","adverb","at","Matthew","2","5"
"latin","atque","adverb","atque","I_Corinthians","11","5"
"latin","atque","conjunction","atque","Matthew","26","26"
"latin","atramentum","noun","atramentum","II_Corinthians","3","3"
"latin","atrium","noun","atrium","Matthew","26","3"
"latin","attendo","verb","attendo","Matthew","6","1"
"latin","attineo","verb","attineo","Acts","24","25"
"latin","attrecto","verb","attrecto","Acts","17","27"
"latin","auctor","noun","auctor","Acts","3","15"
"latin","auctumnalis","adjective","auctumnalis","Jude","1","12"
"latin","audacter","adverb","audacter","Mark","15","43"
"latin","audenter","adverb","audenter","Acts","2","29"
"latin","audeo","verb","audeo","Matthew","22","46"
"latin","audio","verb","audio","Matthew","2","3"
"latin","auditor","noun","auditor","Romans","2","13"
"latin","auditorium","noun","auditorium","Acts","25","23"
"latin","auditus","noun","auditus","Matthew","13","14"
"latin","aufero","verb","aufero","Matthew","9","15"
"latin","augeo","verb","augeo","Acts","2","47"
"latin","augmentum","noun","augmentum","Ephesians","4","16"
"latin","aura","noun","aura","Acts","27","40"
"latin","aurea","noun","aurea","Revelation","1","13"
"latin","aureus","adjective","aureus","Revelation","1","12"
"latin","auricula","noun","auricula","Matthew","26","51"
"latin","auris","noun","auris","Matthew","10","27"
"latin","aurum","noun","aurum","Matthew","2","11"
"latin","ausculto","verb","ausculto","Acts","8","10"
"latin","auster","noun","auster","Matthew","12","42"
"latin","austeris","adjective","austeris","Luke","19","21"
"latin","aut","conjunction","aut","Matthew","5","17"
"latin","autem","adverb","autem","Matthew","1","2"
"latin","auxilium","noun","auxilium","Acts","26","22"
"latin","avaritia","noun","avaritia","Mark","7","22"
"latin","avarus","adjective","avarus","Luke","16","14"
"latin","ave","interjection","ave","Matthew","26","49"
"latin","avello","verb","avello","Luke","22","41"
"latin","aveo","verb","aveo","Matthew","28","9"
"latin","aversor","verb","aversor","Titus","1","14"
"latin","averto","verb","averto","Matthew","5","42"
"latin","aviditas","noun","aviditas","Acts","17","11"
"latin","avis","noun","avis","Mark","4","32"
"latin","azyma","noun","azyma","Matthew","26","17"
"latin","azymum","noun","azymum","Acts","12","3"
"latin","azymus","adjective","azymus","I_Corinthians","5","7"
"latin","baiulo","verb","baiulo","Mark","14","13"
"latin","baptisma","noun","baptisma","Mark","7","4"
"latin","baptismum","noun","baptismum","Matthew","3","7"
"latin","baptizo","verb","baptizo","Matthew","3","6"
"latin","barbarus","adjective","barbarus","I_Corinthians","14","11"
"latin","barbarus","noun","barbarus","Acts","28","1"
"latin","basis","noun","basis","Acts","3","7"
"latin","beatitudo","noun","beatitudo","Romans","4","6"
"latin","beatus","adjective","beatus","Matthew","5","3"
"latin","bellum","noun","bellum","Mark","13","7"
"latin","bene","adverb","bene","Matthew","12","18"
"latin","benedico","verb","benedico","Matthew","14","19"
"latin","benedictio","noun","benedictio","Romans","15","29"
"latin","benedictus","adjective","benedictus","Matthew","21","9"
"latin","benefacio","verb","benefacio","Matthew","5","44"
"latin","benefactum","noun","benefactum","Acts","4","9"
"latin","beneficus","adjective","beneficus","Luke","22","25"
"latin","beneplaceo","verb","beneplaceo","I_Corinthians","10","5"
"latin","benignitas","noun","benignitas","Romans","2","4"
"latin","benignus","adjective","benignus","Luke","6","35"
"latin","berillus","noun","berillus","Revelation","21","20"
"latin","bestia","noun","bestia","Mark","1","13"
"latin","bibo","verb","bibo","Matthew","6","31"
"latin","biduum","noun","biduum","Matthew","26","2"
"latin","biennium","noun","biennium","Acts","19","10"
"latin","bilibris","adjective","bilibris","Revelation","6","6"
"latin","bimatus","noun","bimatus","Matthew","2","16"
"latin","bini","adjective","bini","Mark","6","7"
"latin","bis","adverb","bis","Mark","14","30"
"latin","bithalassus","adjective","bithalassus","Acts","27","41"
"latin","bivium","noun","bivium","Mark","11","4"
"latin","blasphemia","noun","blasphemia","Matthew","12","31"
"latin","blasphemo","verb","blasphemo","Matthew","9","3"
"latin","bonitas","noun","bonitas","Romans","2","4"
"latin","bonus","adjective","bonus","Matthew","3","10"
"latin","bos","noun","bos","Luke","13","15"
"latin","botrus","noun","botrus","Revelation","14","18"
"latin","bracchium","noun","bracchium","Luke","1","51"
"latin","bravium","noun","bravium","I_Corinthians","9","24"
"latin","brevio","verb","brevio","Matthew","24","22"
"latin","brevis","adjective","brevis","Acts","5","34"
"latin","breviter","adverb","breviter","Acts","24","4"
"latin","buccella","noun","buccella","John","13","27"
"latin","byssinum","noun","byssinum","Revelation","18","16"
"latin","byssum","noun","byssum","Luke","16","19"
"latin","byssus","noun","byssus","Revelation","18","12"
"latin","cado","verb","cado","Matthew","4","9"
"latin","cadus","noun","cadus","Luke","16","6"
"latin","caecitas","noun","caecitas","Mark","3","5"
"latin","caeco","verb","caeco","Mark","8","17"
"latin","caecus","adjective","caecus","Matthew","9","27"
"latin","caedes","noun","caedes","Acts","9","1"
"latin","caedo","verb","caedo","Matthew","7","27"
"latin","caelestis","adjective","caelestis","Matthew","5","48"
"latin","caelum","noun","caelum","Matthew","3","2"
"latin","calamus","noun","calamus","Mark","15","36"
"latin","calcaneum","noun","calcaneum","John","13","18"
"latin","calceamentum","noun","calceamentum","Matthew","3","11"
"latin","calceatus","adjective","calceatus","Mark","6","9"
"latin","calcio","verb","calcio","Acts","12","8"
"latin","calcitro","verb","calcitro","Acts","26","14"
"latin","calco","verb","calco","Luke","10","19"
"latin","calculus","noun","calculus","Revelation","2","17"
"latin","calefacio","verb","calefacio","Mark","14","54"
"latin","calefio","verb","calefio","John","18","18"
"latin","calidus","adjective","calidus","Revelation","3","15"
"latin","caligo","noun","caligo","Acts","13","11"
"latin","calix","noun","calix","Matthew","10","42"
"latin","calor","noun","calor","Acts","28","3"
"latin","calumnia","noun","calumnia","Luke","3","14"
"latin","calumnio","verb","calumnio","Matthew","5","44"
"latin","camelus","noun","camelus","Matthew","3","4"
"latin","caminus","noun","caminus","Matthew","13","42"
"latin","campester","adjective","campester","Luke","6","17"
"latin","candelabrum","noun","candelabrum","Matthew","5","15"
"latin","candidus","adjective","candidus","Mark","9","2"
"latin","canis","noun","canis","Matthew","7","6"
"latin","cano","verb","cano","Matthew","6","2"
"latin","canticum","noun","canticum","Ephesians","5","19"
"latin","canto","verb","canto","Matthew","26","34"
"latin","cantus","noun","cantus","Mark","13","35"
"latin","capillus","noun","capillus","Matthew","5","36"
"latin","capio","verb","capio","Matthew","19","11"
"latin","captio","noun","captio","Romans","11","9"
"latin","captivitas","noun","captivitas","II_Corinthians","10","5"
"latin","captivo","verb","captivo","Romans","7","23"
"latin","captivus","adjective","captivus","Ephesians","4","8"
"latin","captivus","noun","captivus","Luke","4","19"
"latin","captura","noun","captura","Luke","5","4"
"latin","caput","noun","caput","Matthew","5","36"
"latin","caracter","noun","caracter","Revelation","13","16"
"latin","carbo","noun","carbo","Romans","12","20"
"latin","carcedonius","noun","carcedonius","Revelation","21","19"
"latin","carcer","noun","carcer","Matthew","5","25"
"latin","caritas","noun","caritas","Matthew","24","12"
"latin","carnalis","adjective","carnalis","Romans","7","14"
"latin","caro","noun","caro","Matthew","16","17"
"latin","carus","adjective","carus","Mark","9","6"
"latin","castellum","noun","castellum","Matthew","9","35"
"latin","castigo","verb","castigo","I_Corinthians","9","27"
"latin","castitas","noun","castitas","Acts","24","25"
"latin","castra","noun","castra","Acts","21","34"
"latin","castro","verb","castro","Matthew","19","12"
"latin","castus","adjective","castus","II_Corinthians","11","2"
"latin","catecizo","verb","catecizo","Galatians","6","6"
"latin","catellus","noun","catellus","Matthew","15","27"
"latin","catena","noun","catena","Mark","5","3"
"latin","cathedra","noun","cathedra","Matthew","21","12"
"latin","catinus","noun","catinus","Mark","14","20"
"latin","cauda","noun","cauda","Revelation","9","10"
"latin","causa","noun","causa","Matthew","5","32"
"latin","causor","verb","causor","Romans","3","9"
"latin","cautio","noun","cautio","Luke","16","6"
"latin","caveo","verb","caveo","Matthew","10","17"
"latin","celeriter","adverb","celeriter","Acts","17","15"
"latin","cellarium","noun","cellarium","Luke","12","24"
"latin","cena","noun","cena","Matthew","23","6"
"latin","cenaculum","noun","cenaculum","Mark","14","15"
"latin","ceno","verb","ceno","Matthew","26","26"
"latin","census","noun","census","Matthew","17","25"
"latin","centeni","adjective","centeni","Mark","6","40"
"latin","centesimus","ordinal_numeral","centesimus","Matthew","13","8"
"latin","centiens","adverb","centiens","Mark","10","30"
"latin","centum","cardinal_numeral","centum","Matthew","13","23"
"latin","centum quadraginta quattuor","cardinal_numeral","centum quadraginta quattuor","Revelation","7","4"
"latin","centum quinquaginta tres","cardinal_numeral","centum quinquaginta tres","John","21","11"
"latin","centum viginti","cardinal_numeral","centum viginti","Acts","1","15"
"latin","centuplum","noun","centuplum","Matthew","19","29"
"latin","centuplus","adjective","centuplus","Luke","8","8"
"latin","centurio","noun","centurio","Matthew","8","5"
"latin","cerno","verb","cerno","Matthew","13","7"
"latin","certamen","noun","certamen","II_Timothy","4","7"
"latin","certe","adverb","certe","Acts","2","36"
"latin","certo","verb","certo","Colossians","1","29"
"latin","certus","adjective","certus","Luke","20","6"
"latin","cervical","noun","cervical","Mark","4","38"
"latin","cervix","noun","cervix","Acts","7","51"
"latin","cesso","verb","cesso","Matthew","14","32"
"latin","ceterus","adjective","ceterus","Matthew","27","49"
"latin","cetus","noun","cetus","Matthew","12","40"
"latin","chananeus","adjective","chananeus","Matthew","15","22"
"latin","charisma","noun","charisma","I_Corinthians","12","31"
"latin","chasma","noun","chasma","Luke","16","26"
"latin","chirographum","noun","chirographum","Colossians","2","14"
"latin","chorus","noun","chorus","Luke","15","25"
"latin","chrysolitus","noun","chrysolitus","Revelation","21","20"
"latin","chrysoprassus","noun","chrysoprassus","Revelation","21","20"
"latin","cibo","verb","cibo","Romans","12","20"
"latin","cibus","noun","cibus","Matthew","10","10"
"latin","cilicinus","adjective","cilicinus","Revelation","6","12"
"latin","cilicium","noun","cilicium","Matthew","11","21"
"latin","cingo","verb","cingo","John","21","18"
"latin","cinis","noun","cinis","Matthew","11","21"
"latin","cinnamomum","noun","cinnamomum","Revelation","18","13"
"latin","circa","adverb","circa","Luke","7","17"
"latin","circa","preposition","circa","Matthew","3","4"
"latin","circiter","adverb","circiter","Acts","2","41"
"latin","circuitus","noun","circuitus","Mark","3","34"
"latin","circum","preposition","circum","Matthew","8","18"
"latin","circumamictus","adjective","circumamictus","Revelation","4","4"
"latin","circumcido","verb","circumcido","Luke","1","59"
"latin","circumcisio","noun","circumcisio","John","7","22"
"latin","circumdo","verb","circumdo","Matthew","21","33"
"latin","circumduco","verb","circumduco","I_Corinthians","9","5"
"latin","circumeo","verb","circumeo","Matthew","4","23"
"latin","circumfero","verb","circumfero","Mark","6","55"
"latin","circumfulgeo","verb","circumfulgeo","Luke","2","9"
"latin","circumlego","verb","circumlego","Acts","28","13"
"latin","circumpono","verb","circumpono","Mark","15","36"
"latin","circumsedeo","verb","circumsedeo","Luke","22","55"
"latin","circumspicio","verb","circumspicio","Mark","3","5"
"latin","circumsto","verb","circumsto","Mark","14","47"
"latin","circumvenio","verb","circumvenio","Acts","7","19"
"latin","cithara","noun","cithara","I_Corinthians","14","7"
"latin","citharizo","verb","citharizo","I_Corinthians","14","7"
"latin","citharoedus","noun","citharoedus","Revelation","14","2"
"latin","cito","adverb","cito","Matthew","5","25"
"latin","cito","verb","cito","Acts","24","2"
"latin","civis","noun","civis","Luke","15","15"
"latin","civitas","noun","civitas","Matthew","2","23"
"latin","clam","adverb","clam","Matthew","2","7"
"latin","clamo","verb","clamo","Matthew","3","3"
"latin","clamor","noun","clamor","Matthew","25","6"
"latin","clamys","noun","clamys","Matthew","27","28"
"latin","clare","adverb","clare","Mark","8","25"
"latin","claresco","verb","claresco","II_Corinthians","3","10"
"latin","clarifico","verb","clarifico","John","12","23"
"latin","claritas","noun","claritas","Luke","2","9"
"latin","clarus","adjective","clarus","Revelation","18","14"
"latin","claudo","verb","claudo","Matthew","6","6"
"latin","claudus","adjective","claudus","Matthew","11","5"
"latin","clavis","noun","clavis","Matthew","16","19"
"latin","clavus","noun","clavus","John","20","25"
"latin","clementia","noun","clementia","Acts","24","4"
"latin","clibanus","noun","clibanus","Matthew","6","30"
"latin","coacervo","verb","coacervo","II_Timothy","4","3"
"latin","coaedifico","verb","coaedifico","Ephesians","2","22"
"latin","coaequalis","adjective","coaequalis","Matthew","11","16"
"latin","coagito","verb","coagito","Luke","6","38"
"latin","coangusto","verb","coangusto","Luke","19","43"
"latin","coarto","verb","coarto","Luke","12","50"
"latin","coccineus","adjective","coccineus","Matthew","27","28"
"latin","coccinum","noun","coccinum","Revelation","17","4"
"latin","coccum","noun","coccum","Revelation","18","12"
"latin","coepi","verb","coepi","Matthew","4","17"
"latin","cofinus","noun","cofinus","Matthew","14","20"
"latin","cogitatio","noun","cogitatio","Matthew","9","4"
"latin","cogito","verb","cogito","Matthew","1","20"
"latin","cognatio","noun","cognatio","Mark","6","4"
"latin","cognatus","adjective","cognatus","Luke","1","36"
"latin","cognitio","noun","cognitio","Acts","25","21"
"latin","cognitus","adjective","cognitus","II_Corinthians","6","8"
"latin","cognomino","verb","cognomino","Luke","6","14"
"latin","cognosco","verb","cognosco","Matthew","1","25"
"latin","cogo","verb","cogo","Mark","6","45"
"latin","coheres","noun","coheres","Romans","8","17"
"latin","cohors","noun","cohors","Matthew","27","27"
"latin","coinquinatus","adjective","coinquinatus","Titus","1","15"
"latin","coinquino","verb","coinquino","Matthew","15","11"
"latin","colaphizo","verb","colaphizo","II_Corinthians","12","7"
"latin","colaphus","noun","colaphus","Matthew","26","67"
"latin","collaboro","verb","collaboro","Philippians","1","27"
"latin","collactaneus","adjective","collactaneus","Acts","13","1"
"latin","collatio","noun","collatio","Romans","15","26"
"latin","collaudo","verb","collaudo","Acts","2","47"
"latin","collecta","noun","collecta","I_Corinthians","16","1"
"latin","colligo","verb","colligo","Matthew","7","16"
"latin","collis","noun","collis","Luke","3","5"
"latin","colloquium","noun","colloquium","I_Corinthians","15","33"
"latin","colloquor","verb","colloquor","Luke","4","36"
"latin","colluctatio","noun","colluctatio","Ephesians","6","12"
"latin","collum","noun","collum","Matthew","18","6"
"latin","collyrium","noun","collyrium","Revelation","3","18"
"latin","colo","verb","colo","Matthew","15","9"
"latin","colonia","noun","colonia","Acts","16","12"
"latin","colonus","noun","colonus","Mark","12","7"
"latin","columba","noun","columba","Matthew","3","16"
"latin","columna","noun","columna","Revelation","3","12"
"latin","coma","noun","coma","I_Corinthians","11","14"
"latin","comburo","verb","comburo","Matthew","3","12"
"latin","comedo","verb","comedo","Matthew","12","4"
"latin","comes","noun","comes","Acts","19","29"
"latin","comesatio","noun","comesatio","Romans","13","13"
"latin","comitatus","noun","comitatus","Luke","2","44"
"latin","comitor","verb","comitor","Acts","9","7"
"latin","commanduco","verb","commanduco","Revelation","16","10"
"latin","commemoratio","noun","commemoratio","Luke","22","19"
"latin","commemoro","verb","commemoro","Acts","10","31"
"latin","commendaticius","adjective","commendaticius","II_Corinthians","3","1"
"latin","commendo","verb","commendo","Luke","12","48"
"latin","commilito","noun","commilito","Philippians","2","25"
"latin","comminor","verb","comminor","Matthew","9","30"
"latin","comminuo","verb","comminuo","Mark","5","4"
"latin","commisceo","verb","commisceo","I_Corinthians","5","9"
"latin","commissura","noun","commissura","Matthew","9","16"
"latin","committo","verb","committo","Mark","10","11"
"latin","commodo","verb","commodo","Luke","11","5"
"latin","commonefacio","verb","commonefacio","I_Corinthians","4","17"
"latin","commoneo","verb","commoneo","Jude","1","5"
"latin","commoratio","noun","commoratio","Acts","1","20"
"latin","commorior","verb","commorior","Mark","14","31"
"latin","commoror","verb","commoror","Acts","12","19"
"latin","commoveo","verb","commoveo","Matthew","21","10"
"latin","communicatio","noun","communicatio","Acts","2","42"
"latin","communico","verb","communico","Mark","7","15"
"latin","communis","adjective","communis","Mark","7","2"
"latin","commutatio","noun","commutatio","Matthew","16","26"
"latin","commuto","verb","commuto","Romans","1","25"
"latin","compar","adjective","compar","Philippians","4","3"
"latin","comparo","verb","comparo","Mark","4","30"
"latin","compatior","verb","compatior","Romans","8","17"
"latin","compello","verb","compello","Luke","14","23"
"latin","comperio","verb","comperio","Acts","4","13"
"latin","compes","noun","compes","Mark","5","4"
"latin","compingo","verb","compingo","Ephesians","4","16"
"latin","complaceo","verb","complaceo","Matthew","3","17"
"latin","complanto","verb","complanto","Romans","6","5"
"latin","complector","verb","complector","Mark","9","35"
"latin","compleo","verb","compleo","Luke","1","1"
"latin","complexo","verb","complexo","Mark","10","16"
"latin","complures","adjective","complures","Mark","5","26"
"latin","compono","verb","compono","Mark","1","19"
"latin","compr(eh)endo","verb","comprendo","Matthew","4","24"
"latin","comprimo","verb","comprimo","Mark","3","9"
"latin","comprobo","verb","comprobo","II_Corinthians","8","8"
"latin","compunctio","noun","compunctio","Romans","11","8"
"latin","compungo","verb","compungo","Acts","2","37"
"latin","computo","verb","computo","Luke","14","28"
"latin","concaptivus","noun","concaptivus","Romans","16","7"
"latin","concedo","verb","concedo","Mark","5","13"
"latin","concido I","verb","concido","Luke","6","49"
"latin","concido II","verb","concido","Mark","5","5"
"latin","concilium","noun","concilium","Matthew","5","22"
"latin","concipio","verb","concipio","Luke","1","24"
"latin","concisio","noun","concisio","Philippians","3","2"
"latin","concito","verb","concito","Mark","15","11"
"latin","concludo","verb","concludo","Luke","5","6"
"latin","concordo","verb","concordo","Acts","15","15"
"latin","concremo","verb","concremo","Revelation","17","16"
"latin","concubitor","noun","concubitor","I_Corinthians","6","10"
"latin","concubitus","noun","concubitus","Romans","9","10"
"latin","conculco","verb","conculco","Matthew","5","13"
"latin","concupio","verb","concupio","Acts","20","33"
"latin","concupiscentia","noun","concupiscentia","Mark","4","19"
"latin","concupisco","verb","concupisco","Matthew","5","28"
"latin","concurro","verb","concurro","Mark","6","33"
"latin","concursio","noun","concursio","Acts","21","30"
"latin","concursus","noun","concursus","Acts","19","40"
"latin","concutio","verb","concutio","Luke","3","14"
"latin","condelector","verb","condelector","Romans","7","22"
"latin","condemnatio","noun","condemnatio","Romans","5","16"
"latin","condemno","verb","condemno","Matthew","12","7"
"latin","condignus","adjective","condignus","Romans","8","18"
"latin","condio","verb","condio","Mark","9","49"
"latin","condiscipulus","noun","condiscipulus","John","11","16"
"latin","condo","verb","condo","Mark","13","19"
"latin","conduco","verb","conduco","Matthew","20","1"
"latin","conductum","noun","conductum","Acts","28","30"
"latin","conecto","verb","conecto","Ephesians","4","16"
"latin","confero","verb","confero","Luke","2","19"
"latin","confertus","adjective","confertus","Luke","6","38"
"latin","confessio","noun","confessio","Romans","10","10"
"latin","confestim","adverb","confestim","Matthew","3","16"
"latin","confidentia","noun","confidentia","II_Corinthians","1","15"
"latin","confido","verb","confido","Matthew","9","2"
"latin","configo","verb","configo","Galatians","2","19"
"latin","configuro","verb","configuro","Philippians","3","10"
"latin","confirmatio","noun","confirmatio","Philippians","1","7"
"latin","confirmo","verb","confirmo","Mark","16","20"
"latin","confiteor","verb","confiteor","Matthew","3","6"
"latin","conformis","adjective","conformis","Romans","8","29"
"latin","conformo","verb","conformo","Romans","12","2"
"latin","conforto","verb","conforto","Luke","1","80"
"latin","confrico","verb","confrico","Luke","6","1"
"latin","confringo","verb","confringo","Matthew","12","20"
"latin","confugio","verb","confugio","Acts","14","6"
"latin","confundo","verb","confundo","Mark","8","38"
"latin","confusio","noun","confusio","Luke","21","25"
"latin","congaudeo","verb","congaudeo","I_Corinthians","12","26"
"latin","congero","verb","congero","Romans","12","20"
"latin","conglorifico","verb","conglorifico","Romans","8","17"
"latin","congratulor","verb","congratulor","Luke","1","58"
"latin","congregatio","noun","congregatio","II_Thessalonians","2","1"
"latin","congrego","verb","congrego","Matthew","2","4"
"latin","coniunctio","noun","coniunctio","Colossians","2","19"
"latin","coniungo","verb","coniungo","Matthew","19","6"
"latin","coniunx","noun","coniunx","Matthew","1","20"
"latin","coniuratio","noun","coniuratio","Acts","23","13"
"latin","connumero","verb","connumero","Acts","1","17"
"latin","conor","verb","conor","Luke","1","1"
"latin","conquasso","verb","conquasso","Luke","20","18"
"latin","conquiro","verb","conquiro","Mark","1","27"
"latin","conquisitio","noun","conquisitio","Acts","15","7"
"latin","conquisitor","noun","conquisitor","I_Corinthians","1","20"
"latin","conrumpo","verb","conrumpo","Revelation","19","2"
"latin","conscientia","noun","conscientia","Acts","23","1"
"latin","conscindo","verb","conscindo","Acts","14","13"
"latin","conscius","adjective","conscius","Acts","5","2"
"latin","consedo","verb","consedo","Ephesians","2","6"
"latin","consensus","noun","consensus","I_Corinthians","7","5"
"latin","consentio","verb","consentio","Matthew","5","25"
"latin","consepelio","verb","consepelio","Romans","6","4"
"latin","consequor","verb","consequor","Matthew","5","7"
"latin","conservo","verb","conservo","Matthew","9","17"
"latin","conservus","noun","conservus","Matthew","18","28"
"latin","considero","verb","considero","Matthew","6","28"
"latin","consiliarius","noun","consiliarius","Romans","11","34"
"latin","consilium","noun","consilium","Matthew","12","14"
"latin","consolatio","noun","consolatio","Luke","2","25"
"latin","consolido","verb","consolido","Acts","3","7"
"latin","consolor","verb","consolor","Matthew","2","18"
"latin","consparsio","noun","consparsio","I_Corinthians","5","7"
"latin","conspectus","noun","conspectus","Luke","9","52"
"latin","conspicio","verb","conspicio","Romans","1","20"
"latin","conspiro","verb","conspiro","John","9","22"
"latin","conspuo","verb","conspuo","Mark","10","34"
"latin","constans","adjective","constans","Acts","23","11"
"latin","constanter","adverb","constanter","Luke","23","10"
"latin","constantia","noun","constantia","Acts","4","13"
"latin","consterno","verb","consterno","Luke","24","4"
"latin","constituo","verb","constituo","Matthew","24","45"
"latin","constitutio","noun","constitutio","Matthew","13","35"
"latin","consto","verb","consto","Colossians","1","17"
"latin","construo","verb","construo","Ephesians","2","21"
"latin","consuesco","verb","consuesco","Matthew","27","15"
"latin","consuetudo","noun","consuetudo","Luke","1","9"
"latin","consul","noun","consul","Acts","19","38"
"latin","consummatio","noun","consummatio","Matthew","13","39"
"latin","consummo","verb","consummo","Matthew","7","28"
"latin","consumo","verb","consumo","Luke","9","54"
"latin","consurgo","verb","consurgo","Matthew","2","14"
"latin","contaminatio","noun","contaminatio","Acts","15","20"
"latin","contamino","verb","contamino","John","18","28"
"latin","contemno","verb","contemno","Matthew","6","24"
"latin","contemplo","verb","contemplo","II_Corinthians","4","18"
"latin","contemptibilis","adjective","contemptibilis","I_Corinthians","1","28"
"latin","contemptor","noun","contemptor","Acts","13","41"
"latin","contendo","verb","contendo","Matthew","5","40"
"latin","contenebro","verb","contenebro","Mark","13","24"
"latin","contentio","noun","contentio","Luke","22","24"
"latin","contentiosus","adjective","contentiosus","I_Corinthians","11","16"
"latin","contentus","adjective","contentus","Luke","3","14"
"latin","contero","verb","contero","Matthew","21","44"
"latin","conterreo","verb","conterreo","Luke","24","37"
"latin","contestor","verb","contestor","Acts","20","26"
"latin","contexo","verb","contexo","John","19","23"
"latin","continentia","noun","continentia","Galatians","5","23"
"latin","contineo","verb","contineo","Mark","9","9"
"latin","contingo","verb","contingo","Matthew","18","13"
"latin","continuo","adverb","continuo","Matthew","4","20"
"latin","continuus","adjective","continuus","Romans","9","2"
"latin","contionor","verb","contionor","Acts","12","21"
"latin","contra","adverb","contra","Mark","4","35"
"latin","contra","preposition","contra","Matthew","12","25"
"latin","contradico","verb","contradico","Luke","2","34"
"latin","contradictio","noun","contradictio","Jude","1","11"
"latin","contrarius","adjective","contrarius","Matthew","14","24"
"latin","contrecto","verb","contrecto","Colossians","2","21"
"latin","contribulis","noun","contribulis","I_Thessalonians","2","14"
"latin","contristo","verb","contristo","Matthew","14","9"
"latin","contristor","verb","contristor","John","16","20"
"latin","contritio","noun","contritio","Romans","3","16"
"latin","contubernium","noun","contubernium","Mark","6","39"
"latin","contumelia","noun","contumelia","Matthew","22","6"
"latin","contumeliosus","adjective","contumeliosus","Romans","1","30"
"latin","conturbo","verb","conturbo","Mark","6","50"
"latin","convalesco","verb","convalesco","Acts","9","22"
"latin","convenio","verb","convenio","Matthew","1","18"
"latin","conventio","noun","conventio","Matthew","20","2"
"latin","conventus","noun","conventus","Acts","19","38"
"latin","conversatio","noun","conversatio","Ephesians","2","12"
"latin","conversio","noun","conversio","Acts","15","3"
"latin","conversor","verb","conversor","Matthew","17","22"
"latin","converto","verb","converto","Matthew","7","6"
"latin","convescor","verb","convescor","Acts","1","4"
"latin","convicior","verb","convicior","Mark","15","32"
"latin","convinco","verb","convinco","I_Corinthians","14","24"
"latin","convivifico","verb","convivifico","Ephesians","2","5"
"latin","convivium","noun","convivium","Luke","5","29"
"latin","convivo","verb","convivo","II_Corinthians","7","3"
"latin","convivor","verb","convivor","Jude","1","12"
"latin","convoco","verb","convoco","Matthew","10","1"
"latin","cooperator","noun","cooperator","Philippians","2","25"
"latin","cooperio","verb","cooperio","Matthew","6","29"
"latin","cooperor","verb","cooperor","Mark","16","20"
"latin","copiosus","adjective","copiosus","Matthew","5","12"
"latin","cor","noun","cor","Matthew","5","8"
"latin","coram","preposition","coram","Matthew","5","16"
"latin","corban","foreign_word","corban","Mark","7","11"
"latin","corbanas","noun","corbanas","Matthew","27","6"
"latin","coriarius","noun","coriarius","Acts","9","43"
"latin","cornu","noun","cornu","Luke","1","69"
"latin","corona","noun","corona","Matthew","27","29"
"latin","corporalis","adjective","corporalis","Luke","3","22"
"latin","corporaliter","adverb","corporaliter","Colossians","2","9"
"latin","corpus","noun","corpus","Matthew","5","29"
"latin","correptio","noun","correptio","I_Corinthians","10","11"
"latin","corresuscito","verb","corresuscito","Ephesians","2","6"
"latin","corrigia","noun","corrigia","Mark","1","7"
"latin","corrigo","verb","corrigo","Acts","24","2"
"latin","corripio","verb","corripio","Matthew","18","15"
"latin","corroboro","verb","corroboro","Ephesians","3","16"
"latin","corrumpo","verb","corrumpo","Luke","12","33"
"latin","corruptibilis","adjective","corruptibilis","Romans","1","23"
"latin","corruptio","noun","corruptio","Acts","2","27"
"latin","corusco","verb","corusco","Luke","17","24"
"latin","corvus","noun","corvus","Luke","12","24"
"latin","cottidianus","adjective","cottidianus","Luke","11","3"
"latin","cottidie","adverb","cottidie","Matthew","26","55"
"latin","coutor","verb","coutor","John","4","9"
"latin","crapula","noun","crapula","Luke","21","34"
"latin","cras","adverb","cras","Matthew","6","30"
"latin","crastinus","adjective","crastinus","Matthew","6","34"
"latin","creator","noun","creator","Romans","1","25"
"latin","creatura","noun","creatura","Mark","10","6"
"latin","crebro","adverb","crebro","Mark","7","3"
"latin","credo","verb","credo","Matthew","8","13"
"latin","creo","verb","creo","I_Corinthians","11","9"
"latin","crepo","verb","crepo","Acts","1","18"
"latin","cresco","verb","cresco","Matthew","6","28"
"latin","cribro","verb","cribro","Luke","22","31"
"latin","crimen","noun","crimen","Matthew","12","5"
"latin","cristallus","noun","cristallus","Revelation","4","6"
"latin","cruciatus","noun","cruciatus","Revelation","9","5"
"latin","crucifigo","verb","crucifigo","Matthew","20","19"
"latin","crucio","verb","crucio","Luke","16","24"
"latin","crus","noun","crus","John","19","31"
"latin","crux","noun","crux","Matthew","10","38"
"latin","cubiculum","noun","cubiculum","Matthew","6","6"
"latin","cubile","noun","cubile","Luke","11","7"
"latin","cubitum","noun","cubitum","Matthew","6","27"
"latin","culex","noun","culex","Matthew","23","24"
"latin","cultor","noun","cultor","Luke","13","7"
"latin","cultrix","noun","cultrix","Acts","19","35"
"latin","cultura","noun","cultura","I_Corinthians","10","14"
"latin","cum","preposition","cum","Matthew","1","23"
"latin","cum","relative_adverb","cum","Matthew","26","29"
"latin","cum","subjunction","cum","Matthew","1","18"
"latin","cumi","foreign_word","cumi","Mark","5","41"
"latin","cuminum","noun","cuminum","Matthew","23","23"
"latin","cumque","subjunction","cumque","Acts","1","10"
"latin","cunctus","adjective","cunctus","Acts","8","40"
"latin","cupide","adverb","cupide","I_Thessalonians","2","8"
"latin","cupiditas","noun","cupiditas","Romans","15","23"
"latin","cupidus","adjective","cupidus","Galatians","5","26"
"latin","cupio","verb","cupio","Matthew","13","17"
"latin","cur","adverb","cur","Mark","2","18"
"latin","cura","noun","cura","Matthew","22","16"
"latin","curatio","noun","curatio","I_Corinthians","12","28"
"latin","curiose","adverb","curiose","II_Thessalonians","3","11"
"latin","curiosus","adjective","curiosus","Acts","19","19"
"latin","curo","verb","curo","Matthew","4","24"
"latin","curro","verb","curro","Matthew","27","48"
"latin","currus","noun","currus","Acts","8","28"
"latin","cursus","noun","cursus","Acts","13","25"
"latin","curvo","verb","curvo","Romans","11","4"
"latin","custodia","noun","custodia","Matthew","27","65"
"latin","custodio","verb","custodio","Matthew","19","20"
"latin","custos","noun","custos","Matthew","27","66"
"latin","cymbalum","noun","cymbalum","I_Corinthians","13","1"
"latin","daemon","noun","daemon","Matthew","8","31"
"latin","daemonium","noun","daemonium","Matthew","4","24"
"latin","damnatio","noun","damnatio","Luke","20","47"
"latin","damno","verb","damno","Matthew","27","3"
"latin","damnum","noun","damnum","Acts","27","10"
"latin","dator","noun","dator","II_Corinthians","9","7"
"latin","datum","noun","datum","Luke","11","13"
"latin","de","preposition","de","Matthew","1","3"
"latin","dea","noun","dea","Acts","19","27"
"latin","dealbatus","adjective","dealbatus","Acts","23","3"
"latin","dealbo","verb","dealbo","Matthew","23","27"
"latin","deauro","verb","deauro","Revelation","18","16"
"latin","debeo","verb","debeo","Matthew","3","14"
"latin","debilis","adjective","debilis","Matthew","15","30"
"latin","debitor","noun","debitor","Matthew","6","12"
"latin","debitum","noun","debitum","Matthew","6","12"
"latin","decalvo","verb","decalvo","I_Corinthians","11","5"
"latin","decem","cardinal_numeral","decem","Matthew","18","24"
"latin","deceptio","noun","deceptio","Mark","4","19"
"latin","decerno","verb","decerno","Acts","4","28"
"latin","decerto","verb","decerto","John","18","36"
"latin","decet","verb","decet","Matthew","3","15"
"latin","decido","verb","decido","Mark","13","25"
"latin","decimo","verb","decimo","Matthew","23","23"
"latin","decimus","ordinal_numeral","decimus","Luke","18","12"
"latin","decipio","verb","decipio","Colossians","2","4"
"latin","declaro","verb","declaro","I_Corinthians","3","13"
"latin","declino","verb","declino","Luke","9","12"
"latin","decollo","verb","decollo","Matthew","14","10"
"latin","decretum","noun","decretum","Acts","17","7"
"latin","decumbo","verb","decumbo","Mark","1","30"
"latin","decurio","noun","decurio","Mark","15","43"
"latin","decurro","verb","decurro","Luke","22","44"
"latin","dedecus","noun","dedecus","II_Corinthians","4","2"
"latin","dedo","verb","dedo","Matthew","14","19"
"latin","deduco","verb","deduco","Acts","9","30"
"latin","defendo","verb","defendo","Acts","25","16"
"latin","defensio","noun","defensio","I_Corinthians","9","3"
"latin","defero","verb","defero","Acts","19","12"
"latin","deficio","verb","deficio","Matthew","15","32"
"latin","definio","verb","definio","Luke","22","22"
"latin","definitus","adjective","definitus","Acts","2","23"
"latin","deformo","verb","deformo","II_Corinthians","3","7"
"latin","defraudo","verb","defraudo","Luke","19","8"
"latin","defungor","verb","defungor","Matthew","2","19"
"latin","deicio","verb","deicio","II_Corinthians","4","9"
"latin","deinceps","adverb","deinceps","Luke","7","11"
"latin","deinde","adverb","deinde","Mark","4","17"
"latin","deleo","verb","deleo","Acts","3","19"
"latin","delibatio","noun","delibatio","Romans","11","16"
"latin","delibo","verb","delibo","II_Timothy","4","6"
"latin","delicia","noun","delicia","Luke","7","25"
"latin","delictum","noun","delictum","Matthew","6","14"
"latin","delinquo","verb","delinquo","Titus","3","11"
"latin","deliramentum","noun","deliramentum","Luke","24","11"
"latin","deludo","verb","deludo","Matthew","20","19"
"latin","demento","verb","demento","Acts","8","11"
"latin","demergo","verb","demergo","Matthew","18","6"
"latin","deminuo","verb","deminuo","Revelation","22","19"
"latin","deminutio","noun","deminutio","Romans","11","12"
"latin","demolior","verb","demolior","Matthew","6","16"
"latin","demonstro","verb","demonstro","Matthew","3","7"
"latin","demoror","verb","demoror","John","3","22"
"latin","denarius","noun","denarius","Matthew","18","28"
"latin","denego","verb","denego","Mark","8","34"
"latin","deni","adjective","deni","Revelation","9","16"
"latin","dens","noun","dens","Matthew","5","38"
"latin","denuntio","verb","denuntio","Acts","4","18"
"latin","denuo","adverb","denuo","Mark","14","40"
"latin","deorsum","adverb","deorsum","Matthew","4","6"
"latin","depono","verb","depono","Mark","15","36"
"latin","depr(eh)endo","verb","deprendo","John","8","3"
"latin","deprecatio","noun","deprecatio","Luke","1","13"
"latin","deprecor","verb","deprecor","Mark","1","40"
"latin","deputo","verb","deputo","Luke","22","37"
"latin","derelinquo","verb","derelinquo","Matthew","27","46"
"latin","derideo","verb","derideo","Matthew","9","24"
"latin","descendo","verb","descendo","Matthew","3","16"
"latin","descensus","noun","descensus","Luke","19","37"
"latin","describo","verb","describo","Luke","2","1"
"latin","descriptio","noun","descriptio","Luke","2","2"
"latin","desero","verb","desero","Matthew","23","38"
"latin","deserta","noun","deserta","Galatians","4","27"
"latin","desertum","noun","desertum","Matthew","3","1"
"latin","desertus","adjective","desertus","Matthew","14","15"
"latin","deservio","verb","deservio","Mark","3","9"
"latin","desiderans","adjective","desiderans","Philippians","4","1"
"latin","desiderium","noun","desiderium","Luke","22","15"
"latin","desidero","verb","desidero","Mark","14","63"
"latin","designo","verb","designo","Luke","10","1"
"latin","desino","verb","desino","Acts","13","10"
"latin","desolatio","noun","desolatio","Matthew","24","15"
"latin","desolo","verb","desolo","Matthew","12","25"
"latin","despero","verb","despero","Luke","6","35"
"latin","despicio","verb","despicio","Acts","17","30"
"latin","despolio","verb","despolio","Luke","10","30"
"latin","despondeo","verb","despondeo","II_Corinthians","11","2"
"latin","desponsor","verb","desponsor","Matthew","1","18"
"latin","despumo","verb","despumo","Jude","1","13"
"latin","destinatum","noun","destinatum","Philippians","3","14"
"latin","destino","verb","destino","I_Corinthians","4","9"
"latin","destituo","verb","destituo","II_Corinthians","4","8"
"latin","destructio","noun","destructio","II_Corinthians","10","4"
"latin","destruo","verb","destruo","Matthew","24","2"
"latin","desum","verb","desum","Matthew","19","20"
"latin","desuper","adverb","desuper","Matthew","21","7"
"latin","desursum","adverb","desursum","John","3","31"
"latin","deterior","adjective","deterior","John","2","10"
"latin","deterius","adverb","deterius","Mark","5","26"
"latin","detestor","verb","detestor","Matthew","26","74"
"latin","detineo","verb","detineo","Luke","4","42"
"latin","detractio","noun","detractio","II_Corinthians","12","20"
"latin","detractor","noun","detractor","Romans","1","30"
"latin","detraho","verb","detraho","Acts","19","33"
"latin","detrimentum","noun","detrimentum","Matthew","16","26"
"latin","deturpo","verb","deturpo","I_Corinthians","11","4"
"latin","deus","noun","deus","Matthew","1","23"
"latin","devasto","verb","devasto","Acts","8","3"
"latin","devenio","verb","devenio","Acts","9","32"
"latin","deverto","verb","deverto","Luke","9","12"
"latin","devito","verb","devito","II_Corinthians","8","20"
"latin","devorator","noun","devorator","Luke","7","34"
"latin","devoro","verb","devoro","Mark","12","40"
"latin","devotio","noun","devotio","Acts","23","14"
"latin","devoveo","verb","devoveo","Acts","23","12"
"latin","dext(e)ra","noun","dextra","Matthew","6","3"
"latin","dexter","adjective","dexter","Matthew","5","29"
"latin","diabolus","noun","diabolus","Matthew","4","1"
"latin","diaconus","noun","diaconus","Philippians","1","1"
"latin","diadema","noun","diadema","Revelation","12","3"
"latin","dico","verb","dico","Matthew","1","20"
"latin","didragma","noun","didragma","Matthew","17","24"
"latin","dies","noun","dies","Matthew","2","1"
"latin","diffamo","verb","diffamo","Matthew","9","31"
"latin","differo","verb","differo","Acts","24","22"
"latin","difficilis","adjective","difficilis","Matthew","19","23"
"latin","diffidentia","noun","diffidentia","Romans","4","20"
"latin","diffundo","verb","diffundo","Acts","1","18"
"latin","digitus","noun","digitus","Matthew","23","4"
"latin","digne","adverb","digne","Romans","16","2"
"latin","dignor","verb","dignor","II_Thessalonians","1","11"
"latin","dignus","adjective","dignus","Matthew","3","8"
"latin","diiudico","verb","diiudico","Matthew","16","4"
"latin","dilanio","verb","dilanio","Luke","9","39"
"latin","dilatio","noun","dilatio","Acts","25","17"
"latin","dilato","verb","dilato","Matthew","23","5"
"latin","dilectio","noun","dilectio","John","5","42"
"latin","dilectus","adjective","dilectus","Matthew","12","18"
"latin","dilectus","noun","dilectus","Romans","16","5"
"latin","diligenter","adverb","diligenter","Matthew","2","7"
"latin","diligentia","noun","diligentia","Acts","5","23"
"latin","diligo","verb","diligo","Matthew","3","17"
"latin","diluculum","noun","diluculum","Mark","1","35"
"latin","diluvium","noun","diluvium","Matthew","24","38"
"latin","dimidium","noun","dimidium","Mark","6","23"
"latin","dimitto","verb","dimitto","Matthew","1","19"
"latin","dinumero","verb","dinumero","Revelation","7","9"
"latin","directus","adjective","directus","Luke","3","5"
"latin","dirigo","verb","dirigo","Luke","1","79"
"latin","diripio","verb","diripio","Matthew","12","29"
"latin","dirumpo","verb","dirumpo","Matthew","7","6"
"latin","diruo","verb","diruo","Acts","15","16"
"latin","discedo","verb","discedo","Matthew","7","23"
"latin","disceptatio","noun","disceptatio","Romans","14","1"
"latin","discepto","verb","discepto","Acts","11","2"
"latin","discerno","verb","discerno","Acts","15","9"
"latin","discerpo","verb","discerpo","Mark","1","26"
"latin","discessio","noun","discessio","Acts","20","29"
"latin","disciplina","noun","disciplina","Ephesians","6","4"
"latin","discipula","noun","discipula","John","20","18"
"latin","discipulus","noun","discipulus","Matthew","5","1"
"latin","disco","verb","disco","Matthew","2","7"
"latin","discretio","noun","discretio","I_Corinthians","12","10"
"latin","discubitus","noun","discubitus","Mark","12","39"
"latin","discumbo","verb","discumbo","Matthew","9","10"
"latin","discus","noun","discus","Matthew","14","8"
"latin","dispensatio","noun","dispensatio","I_Corinthians","9","17"
"latin","dispensator","noun","dispensator","Luke","12","42"
"latin","disperdo","verb","disperdo","Acts","13","41"
"latin","dispergo","verb","dispergo","Matthew","26","31"
"latin","dispersio","noun","dispersio","John","7","35"
"latin","dispertior","verb","dispertior","Mark","3","25"
"latin","dispicio","verb","dispicio","Acts","6","1"
"latin","dispono","verb","dispono","Luke","22","29"
"latin","dispositio","noun","dispositio","Acts","7","53"
"latin","disputo","verb","disputo","Mark","9","33"
"latin","disseco","verb","disseco","Acts","5","33"
"latin","dissemino","verb","dissemino","Acts","13","49"
"latin","dissensio","noun","dissensio","John","7","43"
"latin","dissero","verb","dissero","Matthew","13","36"
"latin","dissipo","verb","dissipo","Luke","9","39"
"latin","dissolvo","verb","dissolvo","Mark","14","58"
"latin","distinctio","noun","distinctio","Romans","3","22"
"latin","distribuo","verb","distribuo","Luke","9","16"
"latin","diu","adverb","diu","Acts","20","9"
"latin","diurnus","adjective","diurnus","Matthew","20","2"
"latin","diversorium","noun","diversorium","Luke","2","7"
"latin","dives","adjective","dives","Matthew","19","23"
"latin","divido","verb","divido","Matthew","12","25"
"latin","divinitas","noun","divinitas","Romans","1","20"
"latin","divino","verb","divino","Acts","16","16"
"latin","divinum","noun","divinum","Acts","17","29"
"latin","divinus","adjective","divinus","Romans","11","4"
"latin","divisio","noun","divisio","I_Corinthians","12","4"
"latin","divisor","noun","divisor","Luke","12","14"
"latin","divitiae","noun","divitiae","Matthew","13","22"
"latin","divulgo","verb","divulgo","Matthew","28","15"
"latin","do","verb","do","Matthew","4","9"
"latin","doceo","verb","doceo","Matthew","4","23"
"latin","docibilis","adjective","docibilis","John","6","45"
"latin","doctor","noun","doctor","Matthew","22","35"
"latin","doctrina","noun","doctrina","Matthew","7","28"
"latin","dogma","noun","dogma","Acts","16","4"
"latin","doleo","verb","doleo","Luke","2","48"
"latin","dolor","noun","dolor","Matthew","24","8"
"latin","dolose","adverb","dolose","Romans","3","13"
"latin","dolus","noun","dolus","Matthew","26","4"
"latin","domestici","noun","domestici","Matthew","10","25"
"latin","domesticus","adjective","domesticus","Romans","16","5"
"latin","domi","adverb","domi","Mark","9","32"
"latin","domicilium","noun","domicilium","Mark","5","3"
"latin","dominatio","noun","dominatio","Ephesians","1","21"
"latin","dominator","noun","dominator","Jude","1","4"
"latin","dominicus","adjective","dominicus","I_Corinthians","11","20"
"latin","dominor","verb","dominor","Matthew","20","25"
"latin","dominus","noun","dominus","Matthew","1","20"
"latin","domo","verb","domo","Mark","5","4"
"latin","domus","noun","domus","Matthew","2","11"
"latin","donatio","noun","donatio","Romans","5","17"
"latin","donec","subjunction","donec","Matthew","1","25"
"latin","dono","verb","dono","Mark","15","45"
"latin","donum","noun","donum","Matthew","23","18"
"latin","dormio","verb","dormio","Matthew","8","24"
"latin","dormitio","noun","dormitio","John","11","13"
"latin","dormito","verb","dormito","Matthew","25","5"
"latin","dorsum","noun","dorsum","Romans","11","10"
"latin","draco","noun","draco","Revelation","12","3"
"latin","dragma","noun","dragma","Luke","15","8"
"latin","dubitatio","noun","dubitatio","Acts","10","29"
"latin","dubito","verb","dubito","Matthew","14","31"
"latin","dubium","noun","dubium","I_Corinthians","15","27"
"latin","dubius","adjective","dubius","I_Timothy","6","7"
"latin","ducatus","noun","ducatus","Matthew","15","14"
"latin","ducenti","cardinal_numeral","ducenti","Mark","6","37"
"latin","duco","verb","duco","Matthew","4","1"
"latin","dulcis","adjective","dulcis","Romans","16","18"
"latin","dum","subjunction","dum","Matthew","2","9"
"latin","dummodo","subjunction","dummodo","Acts","20","24"
"latin","duo","cardinal_numeral","duo","Matthew","4","18"
"latin","duodecim","cardinal_numeral","duodecim","Matthew","9","20"
"latin","duodecimus","ordinal_numeral","duodecimus","Revelation","21","20"
"latin","duplex","adjective","duplex","Revelation","18","6"
"latin","duplico","verb","duplico","Revelation","18","6"
"latin","duplus","adjective","duplus","Matthew","23","15"
"latin","dupondius","noun","dupondius","Luke","12","6"
"latin","dure","adverb","dure","II_Corinthians","13","10"
"latin","duritia","noun","duritia","Matthew","19","8"
"latin","durus","adjective","durus","Matthew","25","24"
"latin","dux","noun","dux","Matthew","2","6"
"latin","dysenteria","noun","dysenteria","Acts","28","8"
"latin","ebrietas","noun","ebrietas","Luke","21","34"
"latin","ebriosus","adjective","ebriosus","I_Corinthians","5","11"
"latin","ebrius","adjective","ebrius","Matthew","24","49"
"latin","ebur","noun","ebur","Revelation","18","12"
"latin","ecce","interjection","ecce","Matthew","1","20"
"latin","ecclesia","noun","ecclesia","Matthew","16","18"
"latin","edictum","noun","edictum","Luke","2","1"
"latin","edissero","verb","edissero","Matthew","15","15"
"latin","edo","verb","edo","Matthew","12","4"
"latin","edoceo","verb","edoceo","Acts","18","25"
"latin","educo I","verb","educo","Matthew","13","48"
"latin","educo II","verb","educo","Ephesians","6","4"
"latin","effero","verb","effero","Luke","7","12"
"latin","efficio","verb","efficio","Matthew","13","22"
"latin","effigies","noun","effigies","Mark","16","12"
"latin","effodio","verb","effodio","Matthew","6","19"
"latin","effugio","verb","effugio","Acts","19","16"
"latin","effundo","verb","effundo","Matthew","9","17"
"latin","egenus","adjective","egenus","John","12","5"
"latin","egeo","verb","egeo","Matthew","26","65"
"latin","ego","personal_pronoun","ego","Matthew","2","8"
"latin","egredior","verb","egredior","Matthew","9","32"
"latin","eicio","verb","eicio","Matthew","7","4"
"latin","eiulo","verb","eiulo","Mark","5","38"
"latin","electio","noun","electio","Acts","9","15"
"latin","elementum","noun","elementum","Galatians","4","3"
"latin","elemosyna","noun","elemosyna","Matthew","6","2"
"latin","elevo","verb","elevo","Mark","1","31"
"latin","elido","verb","elido","Mark","9","19"
"latin","eligo","verb","eligo","Matthew","12","18"
"latin","eloquens","adjective","eloquens","Acts","18","24"
"latin","eloquium","noun","eloquium","Romans","3","2"
"latin","eloquor","verb","eloquor","Acts","2","4"
"latin","emendo","verb","emendo","Luke","23","16"
"latin","emineo","verb","emineo","II_Corinthians","9","14"
"latin","emitto","verb","emitto","Matthew","15","17"
"latin","emo","verb","emo","Matthew","13","44"
"latin","emorior","verb","emorior","Romans","4","19"
"latin","emundatio","noun","emundatio","Mark","1","44"
"latin","enarro","verb","enarro","John","1","18"
"latin","enato","verb","enato","Acts","27","42"
"latin","enavigo","verb","enavigo","Luke","8","26"
"latin","encenium","noun","encenium","John","10","22"
"latin","enigma","noun","enigma","I_Corinthians","13","12"
"latin","enim","adverb","enim","Matthew","1","20"
"latin","enutrio","verb","enutrio","Acts","7","21"
"latin","eo","adverb","eo","Mark","4","6"
"latin","eo","verb","eo","Matthew","2","8"
"latin","epicureus","adjective","epicureus","Acts","17","18"
"latin","episcopatus","noun","episcopatus","Acts","1","20"
"latin","episcopus","noun","episcopus","Acts","20","28"
"latin","epistula","noun","epistula","Acts","9","2"
"latin","eppheta","foreign_word","eppheta","Mark","7","34"
"latin","epulae","noun","epulae","Jude","1","12"
"latin","epulor","verb","epulor","Luke","12","19"
"latin","eques","noun","eques","Acts","23","23"
"latin","equester","adjective","equester","Revelation","9","16"
"latin","equus","noun","equus","Revelation","6","2"
"latin","eradico","verb","eradico","Matthew","13","29"
"latin","erga","preposition","erga","Luke","10","41"
"latin","ergo","adverb","ergo","Matthew","1","17"
"latin","erigo","verb","erigo","Luke","1","69"
"latin","eripio","verb","eripio","Acts","7","10"
"latin","erogo","verb","erogo","Mark","5","26"
"latin","erro","verb","erro","Matthew","18","12"
"latin","error","noun","error","Matthew","24","24"
"latin","erubesco","verb","erubesco","Luke","9","26"
"latin","eructo","verb","eructo","Matthew","13","35"
"latin","erudio","verb","erudio","Luke","1","4"
"latin","eruditor","noun","eruditor","Romans","2","20"
"latin","erugo","noun","erugo","Matthew","6","19"
"latin","erumpo","verb","erumpo","Galatians","4","27"
"latin","eruo","verb","eruo","Matthew","5","29"
"latin","esca","noun","esca","Matthew","3","4"
"latin","esurio","verb","esurio","Matthew","4","2"
"latin","et","adverb","et","Matthew","5","39"
"latin","et","conjunction","et","Matthew","1","2"
"latin","etenim","adverb","etenim","Luke","1","66"
"latin","ethnicus","adjective","ethnicus","Matthew","5","47"
"latin","etiam","adverb","etiam","Matthew","11","9"
"latin","etsi","subjunction","etsi","II_Corinthians","13","4"
"latin","euge","interjection","euge","Matthew","25","21"
"latin","eunuchus","noun","eunuchus","Matthew","19","12"
"latin","evacuo","verb","evacuo","Romans","3","3"
"latin","evado","verb","evado","Acts","27","43"
"latin","evagino","verb","evagino","Acts","16","27"
"latin","evanesco","verb","evanesco","Matthew","5","13"
"latin","evangelista","noun","evangelista","Acts","21","8"
"latin","evangelium","noun","evangelium","Matthew","4","23"
"latin","evangelizo","verb","evangelizo","Matthew","11","5"
"latin","evenio","verb","evenio","Acts","20","22"
"latin","everro","verb","everro","Luke","15","8"
"latin","everto","verb","everto","Matthew","21","12"
"latin","evidens","adjective","evidens","I_Corinthians","16","9"
"latin","evigilo","verb","evigilo","Luke","9","32"
"latin","evomo","verb","evomo","Revelation","3","16"
"latin","ex","preposition","ex","Matthew","1","5"
"latin","ex","subjunction","ex","Luke","7","45"
"latin","ex(s)ecratus","adjective","execratus","Revelation","21","8"
"latin","ex(s)ilio","verb","exilio","Mark","10","50"
"latin","ex(s)isto","verb","existo","Acts","5","36"
"latin","ex(s)pectatio","noun","expectatio","Luke","21","26"
"latin","ex(s)pecto","verb","expecto","Acts","24","15"
"latin","ex(s)piro","verb","expiro","Mark","15","37"
"latin","ex(s)puo","verb","expuo","Matthew","26","67"
"latin","ex(s)tinguo","verb","extinguo","Matthew","12","20"
"latin","ex(s)ultatio","noun","exultatio","Luke","1","14"
"latin","ex(s)ulto","verb","exulto","Matthew","5","12"
"latin","ex(s)upero","verb","exupero","Philippians","4","7"
"latin","ex(s)urgo","verb","exurgo","Matthew","1","24"
"latin","exactor","noun","exactor","Luke","12","58"
"latin","exaestuo","verb","exaestuo","Mark","4","6"
"latin","exalto","verb","exalto","Matthew","11","23"
"latin","examino","verb","examino","I_Corinthians","2","14"
"latin","exardesco","verb","exardesco","Romans","1","27"
"latin","exaresco","verb","exaresco","Mark","4","6"
"latin","exaudio","verb","exaudio","Matthew","6","7"
"latin","excaeco","verb","excaeco","John","12","40"
"latin","excaedo","verb","excaedo","Mark","15","46"
"latin","excedo","verb","excedo","II_Corinthians","5","13"
"latin","excellens","adjective","excellens","I_Corinthians","12","31"
"latin","excello","verb","excello","Acts","13","17"
"latin","excelsum","noun","excelsum","Mark","11","10"
"latin","excelsus","adjective","excelsus","Matthew","4","8"
"latin","excessus","noun","excessus","Luke","9","31"
"latin","excido I","verb","excido","Acts","27","32"
"latin","excido II","verb","excido","Matthew","3","10"
"latin","excipio","verb","excipio","Matthew","5","32"
"latin","excito","verb","excito","Mark","4","38"
"latin","exclamo","verb","exclamo","Mark","1","23"
"latin","excludo","verb","excludo","Romans","3","27"
"latin","excolo","verb","excolo","Matthew","23","24"
"latin","excusatio","noun","excusatio","John","15","22"
"latin","excuso","verb","excuso","Luke","14","18"
"latin","excutio","verb","excutio","Matthew","10","14"
"latin","exemplum","noun","exemplum","John","13","15"
"latin","exeo","verb","exeo","Matthew","2","6"
"latin","exerceo","verb","exerceo","Matthew","20","25"
"latin","exercitatio","noun","exercitatio","I_Timothy","4","8"
"latin","exercitus","noun","exercitus","Matthew","22","7"
"latin","exfornicatus","adjective","exfornicatus","Jude","1","7"
"latin","exhibeo","verb","exhibeo","Matthew","26","53"
"latin","exhortatio","noun","exhortatio","Acts","13","15"
"latin","exhortor","verb","exhortor","Luke","3","18"
"latin","exigo","verb","exigo","Luke","19","23"
"latin","exiguus","adjective","exiguus","Acts","27","20"
"latin","eximo","verb","eximo","Matthew","26","51"
"latin","exinanio","verb","exinanio","Romans","4","14"
"latin","exinde","adverb","exinde","Matthew","4","17"
"latin","existimo","verb","existimo","Luke","2","44"
"latin","exitus","noun","exitus","Matthew","22","9"
"latin","exorcista","noun","exorcista","Acts","19","13"
"latin","exorior","verb","exorior","Matthew","13","5"
"latin","expando","verb","expando","Romans","10","21"
"latin","expavesco","verb","expavesco","Mark","16","6"
"latin","expedio","verb","expedio","Matthew","5","29"
"latin","expello","verb","expello","Mark","1","12"
"latin","expergefacio","verb","expergefacio","Acts","16","27"
"latin","experimentum","noun","experimentum","II_Corinthians","2","9"
"latin","expers","adjective","expers","Hebrews","5","13"
"latin","expeto","verb","expeto","Luke","22","31"
"latin","expleo","verb","expleo","Acts","7","30"
"latin","expletio","noun","expletio","Acts","21","26"
"latin","explico","verb","explico","Acts","21","5"
"latin","exploro","verb","exploro","Galatians","2","4"
"latin","expolio","verb","expolio","II_Corinthians","5","4"
"latin","expono","verb","expono","Acts","7","19"
"latin","exprobro","verb","exprobro","Matthew","11","20"
"latin","expugno","verb","expugno","Acts","9","21"
"latin","expurgo","verb","expurgo","I_Corinthians","5","7"
"latin","exquaero","verb","exquaero","Matthew","2","16"
"latin","exspecto","verb","exspecto","Matthew","11","3"
"latin","exsuscito","verb","exsuscito","John","11","11"
"latin","extasis","noun","extasis","Acts","3","10"
"latin","extendo","verb","extendo","Matthew","8","3"
"latin","exter","adjective","exter","Matthew","8","12"
"latin","extergeo","verb","extergeo","John","11","2"
"latin","extergo","verb","extergo","Luke","10","11"
"latin","exterminator","noun","exterminator","I_Corinthians","10","10"
"latin","extermino","verb","extermino","Acts","3","23"
"latin","exterreo","verb","exterreo","Matthew","28","4"
"latin","extollo","verb","extollo","Luke","11","27"
"latin","extra","adverb","extra","Acts","26","22"
"latin","extra","preposition","extra","Matthew","15","38"
"latin","extraho","verb","extraho","Luke","14","5"
"latin","extremum","noun","extremum","Mark","5","23"
"latin","extrinsecus","adverb","extrinsecus","Mark","7","18"
"latin","exuo","verb","exuo","Matthew","27","28"
"latin","faber","noun","faber","Matthew","13","55"
"latin","fabula","noun","fabula","II_Timothy","4","4"
"latin","fabulor","verb","fabulor","Luke","24","15"
"latin","facies","noun","facies","Matthew","6","16"
"latin","facile","adverb","facile","Mark","10","25"
"latin","facilis","adjective","facilis","Matthew","9","5"
"latin","facinus","noun","facinus","Acts","18","14"
"latin","facio","verb","facio","Matthew","1","21"
"latin","factor","noun","factor","Romans","2","13"
"latin","factum","noun","factum","Luke","23","41"
"latin","factura","noun","factura","Ephesians","2","10"
"latin","facula","noun","facula","Revelation","8","10"
"latin","facultas","noun","facultas","Luke","8","3"
"latin","faenerator","noun","faenerator","Luke","7","41"
"latin","faeneror","verb","faeneror","Luke","6","34"
"latin","faenum","noun","faenum","Matthew","6","30"
"latin","fallacia","noun","fallacia","Matthew","13","22"
"latin","fallo","verb","fallo","Acts","21","24"
"latin","falsus","adjective","falsus","Matthew","7","15"
"latin","falx","noun","falx","Mark","4","29"
"latin","fama","noun","fama","Matthew","9","26"
"latin","fames","noun","fames","Matthew","24","7"
"latin","familia","noun","familia","Matthew","10","25"
"latin","fantasma","noun","fantasma","Matthew","14","26"
"latin","farina","noun","farina","Matthew","13","33"
"latin","fas","noun","fas","Acts","22","22"
"latin","fasciculus","noun","fasciculus","Matthew","13","30"
"latin","fascino","verb","fascino","Galatians","3","1"
"latin","fatigatio","noun","fatigatio","I_Thessalonians","2","9"
"latin","fatigo","verb","fatigo","John","4","6"
"latin","fatuus","adjective","fatuus","Matthew","5","22"
"latin","favus","noun","favus","Luke","24","42"
"latin","fax","noun","fax","John","18","3"
"latin","febricito","verb","febricito","Matthew","8","14"
"latin","febris","noun","febris","Matthew","8","15"
"latin","fel","noun","fel","Matthew","27","34"
"latin","femina","noun","femina","Matthew","19","4"
"latin","femur","noun","femur","Revelation","19","16"
"latin","fenestra","noun","fenestra","Acts","20","9"
"latin","fere","adverb","fere","Luke","8","42"
"latin","fermento","verb","fermento","Matthew","13","33"
"latin","fermentum","noun","fermentum","Matthew","13","33"
"latin","fero","verb","fero","Matthew","14","11"
"latin","ferreus","adjective","ferreus","Acts","12","10"
"latin","ferrum","noun","ferrum","Revelation","18","12"
"latin","ferus","adjective","ferus","Jude","1","13"
"latin","ferveo","verb","ferveo","Romans","12","11"
"latin","fervo","verb","fervo","Acts","18","25"
"latin","festinanter","adverb","festinanter","Philippians","2","28"
"latin","festinatio","noun","festinatio","Mark","6","25"
"latin","festino","verb","festino","Luke","2","16"
"latin","festivitas","noun","festivitas","John","7","37"
"latin","festuca","noun","festuca","Matthew","7","3"
"latin","festum","noun","festum","Matthew","26","5"
"latin","festus","adjective","festus","Mark","14","2"
"latin","fiala","noun","fiala","Revelation","5","8"
"latin","fictilis","adjective","fictilis","II_Corinthians","4","7"
"latin","ficulnea","noun","ficulnea","Matthew","21","19"
"latin","ficus","noun","ficus","Matthew","7","16"
"latin","fidelis","adjective","fidelis","Matthew","24","45"
"latin","fides","noun","fides","Matthew","6","30"
"latin","fido","verb","fido","II_Corinthians","1","9"
"latin","fiducia","noun","fiducia","Matthew","14","27"
"latin","fiducialiter","adverb","fiducialiter","Acts","9","27"
"latin","figmentum","noun","figmentum","Romans","9","20"
"latin","figo","verb","figo","Acts","27","41"
"latin","figulus","noun","figulus","Matthew","27","7"
"latin","figura","noun","figura","John","20","25"
"latin","filia","noun","filia","Matthew","9","18"
"latin","filiolus","noun","filiolus","Mark","10","24"
"latin","filius","noun","filius","Matthew","1","1"
"latin","fimbria","noun","fimbria","Matthew","9","20"
"latin","fimbriae","noun","fimbriae","Matthew","23","5"
"latin","fingo","verb","fingo","Matthew","27","44"
"latin","finio","verb","finio","Revelation","11","7"
"latin","finis","noun","finis","Matthew","2","16"
"latin","finitimus","adjective","finitimus","Jude","1","7"
"latin","fio","verb","fio","Matthew","4","3"
"latin","firmo","verb","firmo","Luke","9","51"
"latin","firmus","adjective","firmus","Romans","4","16"
"latin","flagello","verb","flagello","Matthew","10","17"
"latin","flagellum","noun","flagellum","Mark","15","15"
"latin","flamma","noun","flamma","Luke","16","24"
"latin","flatus","noun","flatus","Acts","27","15"
"latin","flecto","verb","flecto","Matthew","27","29"
"latin","fleo","verb","fleo","Mark","5","38"
"latin","fletus","noun","fletus","Matthew","8","12"
"latin","flo","verb","flo","Matthew","7","25"
"latin","fluctus","noun","fluctus","Matthew","8","24"
"latin","flumen","noun","flumen","Matthew","7","25"
"latin","fluo","verb","fluo","John","7","38"
"latin","fluvius","noun","fluvius","Luke","6","49"
"latin","fluxus","noun","fluxus","Matthew","9","20"
"latin","fodio","verb","fodio","Matthew","21","33"
"latin","foedus","noun","foedus","Romans","1","31"
"latin","foeteo","verb","foeteo","John","11","39"
"latin","folium","noun","folium","Matthew","21","19"
"latin","fons","noun","fons","Mark","5","29"
"latin","foramen","noun","foramen","Matthew","19","24"
"latin","foras","adverb","foras","Matthew","5","13"
"latin","foras","preposition","foras","Acts","16","13"
"latin","forensis","adjective","forensis","Acts","19","38"
"latin","foris","adverb","foris","Matthew","12","46"
"latin","foris","noun","foris","John","20","19"
"latin","forma","noun","forma","Acts","7","44"
"latin","formido","verb","formido","John","14","27"
"latin","formo","verb","formo","Galatians","4","19"
"latin","fornax","noun","fornax","Revelation","9","2"
"latin","fornicaria","noun","fornicaria","Revelation","17","16"
"latin","fornicarius","noun","fornicarius","I_Corinthians","5","9"
"latin","fornicatio","noun","fornicatio","Matthew","5","32"
"latin","fornicator","noun","fornicator","I_Corinthians","5","11"
"latin","fornicor","verb","fornicor","I_Corinthians","6","18"
"latin","forsitan","adverb","forsitan","Luke","20","13"
"latin","forte","adverb","forte","Matthew","4","6"
"latin","fortis","adjective","fortis","Matthew","3","11"
"latin","fortiter","adverb","fortiter","Acts","19","20"
"latin","fortitudo","noun","fortitudo","Mark","12","33"
"latin","forum","noun","forum","Matthew","11","16"
"latin","fovea","noun","fovea","Matthew","8","20"
"latin","foveo","verb","foveo","Ephesians","5","29"
"latin","fractio","noun","fractio","Luke","24","35"
"latin","fragmentum","noun","fragmentum","Matthew","14","20"
"latin","frango","verb","frango","Matthew","14","19"
"latin","frater","noun","frater","Matthew","1","2"
"latin","fraternitas","noun","fraternitas","Romans","12","10"
"latin","fraudo","verb","fraudo","Acts","5","2"
"latin","fraus","noun","fraus","Mark","10","19"
"latin","fremo","verb","fremo","Mark","14","5"
"latin","frenum","noun","frenum","Revelation","14","20"
"latin","frequens","adjective","frequens","Luke","10","40"
"latin","frequenter","adverb","frequenter","Matthew","9","14"
"latin","fretum","noun","fretum","Matthew","8","18"
"latin","frigidus","adjective","frigidus","Matthew","10","42"
"latin","frigus","noun","frigus","John","18","18"
"latin","frons I","noun","frons","Mark","11","8"
"latin","frons II","noun","frons","Revelation","7","3"
"latin","fructifer","adjective","fructifer","Acts","14","16"
"latin","fructifico","verb","fructifico","Mark","4","20"
"latin","fructus","noun","fructus","Matthew","3","8"
"latin","frumentum","noun","frumentum","Mark","4","28"
"latin","fruor","verb","fruor","Romans","15","24"
"latin","frustra","adverb","frustra","I_Corinthians","15","2"
"latin","frux","noun","frux","II_Corinthians","9","10"
"latin","fuga","noun","fuga","Matthew","24","20"
"latin","fugio","verb","fugio","Matthew","2","13"
"latin","fulgeo","verb","fulgeo","Matthew","13","43"
"latin","fulgor","noun","fulgor","Luke","11","36"
"latin","fulgur","noun","fulgur","Matthew","24","27"
"latin","fullo","noun","fullo","Mark","9","2"
"latin","fumigo","verb","fumigo","Matthew","12","20"
"latin","fumus","noun","fumus","Acts","2","19"
"latin","fundamentum","noun","fundamentum","Luke","6","48"
"latin","fundo","verb","fundo","Ephesians","3","17"
"latin","fundo I","verb","fundo","Luke","22","20"
"latin","fundo II","verb","fundo","Matthew","7","25"
"latin","fungor","verb","fungor","Luke","1","8"
"latin","funiculus","noun","funiculus","John","2","15"
"latin","funis","noun","funis","Acts","27","32"
"latin","fur","noun","fur","Matthew","6","19"
"latin","furor","noun","furor","Mark","3","21"
"latin","furor","verb","furor","Matthew","6","19"
"latin","furtum","noun","furtum","Matthew","15","19"
"latin","fustis","noun","fustis","Matthew","26","47"
"latin","futurus","adjective","futurus","Matthew","3","7"
"latin","galaticus","adjective","galaticus","Acts","18","23"
"latin","galea","noun","galea","Ephesians","6","17"
"latin","gallica","noun","gallica","Acts","12","8"
"latin","gallina","noun","gallina","Matthew","23","37"
"latin","gallus","noun","gallus","Matthew","26","34"
"latin","gaudeo","verb","gaudeo","Matthew","2","10"
"latin","gaudium","noun","gaudium","Matthew","2","10"
"latin","gaza","noun","gaza","Acts","8","27"
"latin","gazophylacium","noun","gazophylacium","Mark","12","41"
"latin","gehenna","noun","gehenna","Matthew","5","22"
"latin","gemitus","noun","gemitus","Acts","7","34"
"latin","gemo","verb","gemo","Romans","8","23"
"latin","genealogia","noun","genealogia","Titus","3","9"
"latin","generatio","noun","generatio","Matthew","1","1"
"latin","genero","verb","genero","Acts","7","29"
"latin","genimen","noun","genimen","Matthew","23","33"
"latin","gens","noun","gens","Matthew","4","15"
"latin","gentilis","adjective","gentilis","Acts","16","1"
"latin","gentilis","noun","gentilis","Mark","7","26"
"latin","gentiliter","adverb","gentiliter","Galatians","2","14"
"latin","genu","noun","genu","Matthew","17","14"
"latin","genus","noun","genus","Matthew","13","47"
"latin","germanus","adjective","germanus","Philippians","4","3"
"latin","germino","verb","germino","Mark","4","27"
"latin","gero","verb","gero","Luke","23","41"
"latin","gigno","verb","gigno","Matthew","1","2"
"latin","gladius","noun","gladius","Matthew","10","34"
"latin","gloria","noun","gloria","Matthew","4","8"
"latin","gloriatio","noun","gloriatio","Romans","3","27"
"latin","glorifico","verb","glorifico","Matthew","5","16"
"latin","glorior","verb","glorior","Romans","2","17"
"latin","gloriose","adverb","gloriose","Luke","13","17"
"latin","gloriosus","adjective","gloriosus","Ephesians","5","27"
"latin","gluttio","verb","gluttio","Matthew","23","24"
"latin","grabattus","noun","grabattus","Mark","2","4"
"latin","gradus","noun","gradus","Acts","21","35"
"latin","grandis","adjective","grandis","Mark","14","15"
"latin","grando","noun","grando","Revelation","8","7"
"latin","granum","noun","granum","Matthew","13","31"
"latin","gratia","noun","gratia","Matthew","15","36"
"latin","gratificor","verb","gratificor","Ephesians","1","6"
"latin","gratis","adverb","gratis","Matthew","10","8"
"latin","gratulatio","noun","gratulatio","Philippians","1","26"
"latin","gratus","adjective","gratus","Acts","7","20"
"latin","gravis","adjective","gravis","Matthew","23","4"
"latin","graviter","adverb","graviter","Matthew","13","15"
"latin","gravo","verb","gravo","Matthew","26","43"
"latin","grex","noun","grex","Matthew","8","30"
"latin","grossus","noun","grossus","Revelation","6","13"
"latin","gubernaculum","noun","gubernaculum","Acts","27","40"
"latin","gubernatio","noun","gubernatio","I_Corinthians","12","28"
"latin","gubernator","noun","gubernator","Acts","27","11"
"latin","gusto","verb","gusto","Matthew","16","28"
"latin","gutta","noun","gutta","Luke","22","44"
"latin","guttur","noun","guttur","Romans","3","13"
"latin","habeo","verb","habeo","Matthew","1","18"
"latin","habitaculum","noun","habitaculum","Acts","12","7"
"latin","habitatio","noun","habitatio","Acts","17","26"
"latin","habito","verb","habito","Matthew","2","23"
"latin","habitus","noun","habitus","Philippians","2","7"
"latin","hadrumentinus","adjective","hadrumentinus","Acts","27","2"
"latin","haedus","noun","haedus","Matthew","25","32"
"latin","haeresis","noun","haeresis","Acts","5","17"
"latin","haereticus","adjective","haereticus","Titus","3","10"
"latin","haesitatio","noun","haesitatio","Philippians","2","14"
"latin","haesito","verb","haesito","Matthew","21","21"
"latin","hamus","noun","hamus","Matthew","17","27"
"latin","harundo","noun","harundo","Matthew","11","7"
"latin","haud","adverb","haud","I_Timothy","6","7"
"latin","haurio","verb","haurio","John","2","8"
"latin","herba","noun","herba","Matthew","13","26"
"latin","hereditas","noun","hereditas","Matthew","21","38"
"latin","heres","noun","heres","Matthew","21","38"
"latin","heri","adverb","heri","John","4","52"
"latin","hic","adverb","hic","Matthew","12","41"
"latin","hic","demonstrative_pronoun","hic","Matthew","1","20"
"latin","hiem(p)s","noun","hiems","Matthew","24","20"
"latin","hiemo","verb","hiemo","Acts","27","12"
"latin","hilaris","adjective","hilaris","II_Corinthians","9","7"
"latin","hilaritas","noun","hilaritas","Romans","12","8"
"latin","hinc","adverb","hinc","Matthew","17","20"
"latin","hodie","adverb","hodie","Matthew","6","11"
"latin","hodiernus","adjective","hodiernus","Matthew","27","8"
"latin","holocaustoma","noun","holocaustoma","Mark","12","33"
"latin","holus","noun","holus","Matthew","13","32"
"latin","homicida","noun","homicida","Matthew","22","7"
"latin","homicidium","noun","homicidium","Matthew","15","19"
"latin","homo","noun","homo","Matthew","4","4"
"latin","honestas","noun","honestas","I_Corinthians","12","23"
"latin","honeste","adverb","honeste","Romans","13","13"
"latin","honestus","adjective","honestus","Acts","13","50"
"latin","honor","noun","honor","Matthew","13","57"
"latin","honorabilis","adjective","honorabilis","Acts","5","34"
"latin","honoratus","adjective","honoratus","Luke","14","8"
"latin","honorifico","verb","honorifico","Matthew","6","2"
"latin","honoro","verb","honoro","Matthew","15","4"
"latin","hora","noun","hora","Matthew","8","13"
"latin","hordeum","noun","hordeum","Revelation","6","6"
"latin","hordiacius","adjective","hordiacius","John","6","9"
"latin","horreum","noun","horreum","Matthew","3","12"
"latin","hortor","verb","hortor","Acts","11","23"
"latin","hortulanus","noun","hortulanus","John","20","15"
"latin","hortus","noun","hortus","Luke","13","19"
"latin","hospes","noun","hospes","Matthew","25","35"
"latin","hospitalis","adjective","hospitalis","Titus","1","8"
"latin","hospitalitas","noun","hospitalitas","Romans","12","13"
"latin","hospitium","noun","hospitium","Acts","10","18"
"latin","hospitor","verb","hospitor","Acts","10","6"
"latin","hostia","noun","hostia","Luke","2","24"
"latin","huc","adverb","huc","Matthew","8","29"
"latin","humane","adverb","humane","Acts","27","3"
"latin","humanitas","noun","humanitas","Acts","28","1"
"latin","humanus","adjective","humanus","Acts","17","25"
"latin","humilio","verb","humilio","Matthew","18","4"
"latin","humilis","adjective","humilis","Matthew","11","29"
"latin","humilitas","noun","humilitas","Luke","1","48"
"latin","hyacinthinus","adjective","hyacinthinus","Revelation","9","17"
"latin","hyacinthus","noun","hyacinthus","Revelation","21","20"
"latin","hydria","noun","hydria","John","2","6"
"latin","hydropicus","adjective","hydropicus","Luke","14","2"
"latin","hymnus","noun","hymnus","Matthew","26","30"
"latin","hypocrisis","noun","hypocrisis","Matthew","23","28"
"latin","hypocrita","noun","hypocrita","Matthew","6","2"
"latin","hysopum","noun","hysopum","John","19","29"
"latin","iaceo","verb","iaceo","Matthew","8","6"
"latin","iacio","verb","iacio","Mark","4","26"
"latin","iacto","verb","iacto","Matthew","14","24"
"latin","iactura","noun","iactura","Acts","27","21"
"latin","iactus","noun","iactus","Luke","22","41"
"latin","iam","adverb","iam","Matthew","3","10"
"latin","ianitor","noun","ianitor","Mark","13","34"
"latin","ianua","noun","ianua","Matthew","24","33"
"latin","iaspis","noun","iaspis","Revelation","4","3"
"latin","ibi","adverb","ibi","Matthew","2","13"
"latin","ictus","noun","ictus","I_Corinthians","15","52"
"latin","idem","demonstrative_pronoun","idem","Matthew","26","44"
"latin","ideo","adverb","ideo","Matthew","6","25"
"latin","idiota","noun","idiota","Acts","4","13"
"latin","idolatra","noun","idolatra","Revelation","21","8"
"latin","idolatria","noun","idolatria","Acts","17","16"
"latin","idolium","proper_noun","idolium","I_Corinthians","8","10"
"latin","idolothytum","noun","idolothytum","Revelation","2","20"
"latin","idolothytus","adjective","idolothytus","I_Corinthians","8","7"
"latin","idolum","noun","idolum","Acts","21","25"
"latin","idoneus","adjective","idoneus","II_Corinthians","2","16"
"latin","ieiunatio","noun","ieiunatio","Acts","14","22"
"latin","ieiunium","noun","ieiunium","Matthew","17","21"
"latin","ieiuno","verb","ieiuno","Matthew","4","2"
"latin","ieiunus","adjective","ieiunus","Matthew","15","32"
"latin","igitur","adverb","igitur","Matthew","7","20"
"latin","igneus","adjective","igneus","Ephesians","6","16"
"latin","ignio","verb","ignio","Revelation","3","18"
"latin","ignis","noun","ignis","Matthew","3","10"
"latin","ignobilis","adjective","ignobilis","I_Corinthians","1","28"
"latin","ignobilitas","noun","ignobilitas","I_Corinthians","15","43"
"latin","ignominia","noun","ignominia","Romans","1","26"
"latin","ignorantia","noun","ignorantia","Acts","3","17"
"latin","ignoro","verb","ignoro","Matthew","24","50"
"latin","ignotus","adjective","ignotus","Acts","17","23"
"latin","ilico","adverb","ilico","Luke","1","64"
"latin","ille","demonstrative_pronoun","ille","Matthew","2","3"
"latin","illic","adverb","illic","Matthew","24","23"
"latin","illido","verb","illido","Luke","6","48"
"latin","illo","adverb","illo","Matthew","2","22"
"latin","illuc","adverb","illuc","Matthew","24","28"
"latin","illucesco","verb","illucesco","Luke","23","54"
"latin","illudo","verb","illudo","Matthew","2","16"
"latin","illuminatio","noun","illuminatio","II_Corinthians","4","4"
"latin","illumino","verb","illumino","Luke","1","79"
"latin","illustratio","noun","illustratio","II_Thessalonians","2","8"
"latin","imago","noun","imago","Matthew","22","20"
"latin","imbecillis","adjective","imbecillis","I_Corinthians","11","30"
"latin","imbecillitas","noun","imbecillitas","Romans","15","1"
"latin","imber","noun","imber","Acts","28","2"
"latin","imitator","noun","imitator","I_Corinthians","4","16"
"latin","imitor","verb","imitor","II_Thessalonians","3","7"
"latin","immaculatus","adjective","immaculatus","Ephesians","1","4"
"latin","immensus","adjective","immensus","II_Corinthians","10","13"
"latin","immineo","verb","immineo","Acts","27","20"
"latin","immitto","verb","immitto","Matthew","9","16"
"latin","immo","adverb","immo","Romans","3","29"
"latin","immobilis","adjective","immobilis","Acts","27","41"
"latin","immolaticius","adjective","immolaticius","I_Corinthians","10","28"
"latin","immolo","verb","immolo","Mark","14","12"
"latin","immortalitas","noun","immortalitas","I_Corinthians","15","53"
"latin","immunditia","noun","immunditia","Matthew","23","25"
"latin","immundus","adjective","immundus","Matthew","10","1"
"latin","immuto","verb","immuto","Romans","1","26"
"latin","impaenitens","adjective","impaenitens","Romans","2","5"
"latin","imparatus","adjective","imparatus","II_Corinthians","9","4"
"latin","impedimentum","noun","impedimentum","I_Corinthians","7","35"
"latin","impedio","verb","impedio","Romans","15","22"
"latin","impendo","verb","impendo","Acts","21","24"
"latin","imperitus","adjective","imperitus","II_Corinthians","11","6"
"latin","imperium","noun","imperium","Luke","3","1"
"latin","impero","verb","impero","Matthew","8","26"
"latin","impertio","verb","impertio","Romans","1","11"
"latin","impetus","noun","impetus","Matthew","8","32"
"latin","impie","adverb","impie","Jude","1","15"
"latin","impietas","noun","impietas","Romans","1","18"
"latin","impingo","verb","impingo","Acts","27","41"
"latin","impius","adjective","impius","Romans","4","5"
"latin","impleo","verb","impleo","Matthew","3","15"
"latin","impono","verb","impono","Matthew","9","18"
"latin","importabilis","adjective","importabilis","Matthew","23","4"
"latin","importune","adverb","importune","II_Timothy","4","2"
"latin","importunus","adjective","importunus","II_Thessalonians","3","2"
"latin","impositio","noun","impositio","Acts","8","18"
"latin","impossibilis","adjective","impossibilis","Matthew","17","20"
"latin","improbitas","noun","improbitas","Luke","11","8"
"latin","improperium","noun","improperium","Romans","15","3"
"latin","impropero","verb","impropero","Matthew","27","44"
"latin","imprudens","adjective","imprudens","Mark","7","18"
"latin","impudicitia","noun","impudicitia","Mark","7","22"
"latin","impudicus","adjective","impudicus","Revelation","22","15"
"latin","imputo","verb","imputo","Romans","4","4"
"latin","in","preposition","in","Matthew","1","11"
"latin","inambulo","verb","inambulo","II_Corinthians","6","16"
"latin","inanis","adjective","inanis","Luke","1","53"
"latin","inaquosus","adjective","inaquosus","Luke","11","24"
"latin","inauro","verb","inauro","Revelation","17","4"
"latin","incedo","verb","incedo","Luke","1","6"
"latin","incendium","noun","incendium","Revelation","18","9"
"latin","incendo","verb","incendo","James","3","5"
"latin","incensum","noun","incensum","Luke","1","9"
"latin","incertus","adjective","incertus","I_Corinthians","9","26"
"latin","incido","verb","incido","Luke","10","30"
"latin","incipio","verb","incipio","Matthew","20","8"
"latin","incircumcisus","adjective","incircumcisus","Acts","7","51"
"latin","incito","verb","incito","Acts","17","16"
"latin","inclino","verb","inclino","Luke","13","11"
"latin","includo","verb","includo","Luke","3","20"
"latin","incola","noun","incola","Acts","13","17"
"latin","incompositus","adjective","incompositus","Romans","1","31"
"latin","incomprehensibilis","adjective","incomprehensibilis","Romans","11","33"
"latin","inconsutilis","adjective","inconsutilis","John","19","23"
"latin","incontaminatus","adjective","incontaminatus","II_Corinthians","7","11"
"latin","incontinentia","noun","incontinentia","I_Corinthians","7","5"
"latin","incorruptela","noun","incorruptela","I_Corinthians","15","50"
"latin","incorruptibilis","adjective","incorruptibilis","Romans","1","23"
"latin","incorruptio","noun","incorruptio","Romans","2","7"
"latin","incorruptus","adjective","incorruptus","I_Corinthians","9","25"
"latin","incrasso","verb","incrasso","Matthew","13","15"
"latin","incredibilis","adjective","incredibilis","Luke","1","17"
"latin","incredulitas","noun","incredulitas","Matthew","13","58"
"latin","incredulus","adjective","incredulus","Matthew","17","17"
"latin","incrementum","noun","incrementum","I_Corinthians","3","6"
"latin","increpo","verb","increpo","Matthew","16","22"
"latin","incresco","verb","incresco","Mark","4","27"
"latin","incumbo","verb","incumbo","Acts","20","10"
"latin","incurvo","verb","incurvo","Romans","11","10"
"latin","inde","adverb","inde","Matthew","4","21"
"latin","indemnatus","adjective","indemnatus","Acts","16","37"
"latin","indico I","verb","indico","Luke","8","47"
"latin","indico II","verb","indico","Acts","13","16"
"latin","indigeo","verb","indigeo","Matthew","6","32"
"latin","indignatio","noun","indignatio","Romans","2","8"
"latin","indigne","adverb","indigne","Mark","10","14"
"latin","indignor","verb","indignor","Matthew","20","24"
"latin","indignus","adjective","indignus","Acts","13","46"
"latin","induco","verb","induco","Matthew","6","13"
"latin","indulgentia","noun","indulgentia","I_Corinthians","7","6"
"latin","induo","verb","induo","Matthew","6","25"
"latin","induro","verb","induro","John","12","40"
"latin","inebrio","verb","inebrio","Luke","12","45"
"latin","inenarrabilis","adjective","inenarrabilis","Romans","8","26"
"latin","ineo","verb","ineo","Matthew","22","15"
"latin","inexcusabilis","adjective","inexcusabilis","Romans","1","20"
"latin","inexstinguibilis","adjective","inexstinguibilis","Matthew","3","12"
"latin","infamia","noun","infamia","II_Corinthians","6","8"
"latin","infans","noun","infans","Matthew","21","16"
"latin","infantia","noun","infantia","Mark","9","20"
"latin","infelicitas","noun","infelicitas","Romans","3","16"
"latin","infelix","adjective","infelix","Romans","7","24"
"latin","infernus","adjective","infernus","Philippians","2","10"
"latin","infernus","noun","infernus","Matthew","11","23"
"latin","infero","verb","infero","Luke","5","18"
"latin","inferus","adjective","inferus","Ephesians","4","9"
"latin","inferus","noun","inferus","Revelation","6","8"
"latin","infidelis","adjective","infidelis","Luke","9","41"
"latin","infirmitas","noun","infirmitas","Matthew","4","23"
"latin","infirmo","verb","infirmo","John","4","46"
"latin","infirmus","adjective","infirmus","Matthew","10","8"
"latin","inflatio","noun","inflatio","II_Corinthians","12","20"
"latin","inflo","verb","inflo","I_Corinthians","4","6"
"latin","infra","adverb","infra","Matthew","2","16"
"latin","infringo","verb","infringo","II_Corinthians","11","10"
"latin","infructuosus","adjective","infructuosus","Ephesians","5","11"
"latin","infundo","verb","infundo","Luke","10","34"
"latin","ingemesco","verb","ingemesco","Mark","8","12"
"latin","ingemo","verb","ingemo","Mark","7","34"
"latin","ingenitus","adjective","ingenitus","II_Corinthians","8","8"
"latin","ingratus","adjective","ingratus","Luke","6","35"
"latin","ingravo","verb","ingravo","Mark","14","40"
"latin","ingredior","verb","ingredior","Matthew","18","8"
"latin","inhabito","verb","inhabito","Matthew","23","21"
"latin","inhonestus","adjective","inhonestus","I_Corinthians","12","23"
"latin","inhonoro","verb","inhonoro","John","8","49"
"latin","inicio","verb","inicio","Matthew","26","50"
"latin","inimica","noun","inimica","I_Corinthians","15","26"
"latin","inimicitia","noun","inimicitia","Romans","8","7"
"latin","inimicus","adjective","inimicus","Matthew","13","28"
"latin","inimicus","noun","inimicus","Matthew","5","43"
"latin","iniquitas","noun","iniquitas","Matthew","7","23"
"latin","iniquus","adjective","iniquus","Mark","15","28"
"latin","initium","noun","initium","Matthew","19","4"
"latin","iniuria","noun","iniuria","Matthew","20","13"
"latin","iniustitia","noun","iniustitia","John","7","18"
"latin","iniustus","adjective","iniustus","Matthew","5","45"
"latin","innocens","adjective","innocens","Matthew","12","7"
"latin","innotesco","verb","innotesco","Ephesians","3","10"
"latin","innuo","verb","innuo","Luke","1","22"
"latin","innuptus","adjective","innuptus","I_Corinthians","7","11"
"latin","inoboediens","adjective","inoboediens","Titus","1","10"
"latin","inoboedientia","noun","inoboedientia","Romans","5","19"
"latin","inoperor","verb","inoperor","Matthew","14","2"
"latin","inopia","noun","inopia","II_Corinthians","8","9"
"latin","inordinate","adverb","inordinate","II_Thessalonians","3","6"
"latin","inquam","verb","inquam","Matthew","14","8"
"latin","inquiete","adverb","inquiete","II_Thessalonians","3","11"
"latin","inquieto","verb","inquieto","Acts","15","19"
"latin","inquietus","adjective","inquietus","I_Thessalonians","5","14"
"latin","inquinamentum","noun","inquinamentum","II_Corinthians","7","1"
"latin","inquino","verb","inquino","Titus","1","15"
"latin","inquiro","verb","inquiro","Matthew","6","32"
"latin","inquisitio","noun","inquisitio","Acts","12","19"
"latin","insania","noun","insania","Acts","26","24"
"latin","insanio","verb","insanio","John","10","20"
"latin","inscribo","verb","inscribo","Mark","15","26"
"latin","inscriptio","noun","inscriptio","Mark","12","16"
"latin","insensatus","adjective","insensatus","Galatians","3","1"
"latin","insero I","verb","insero","Romans","11","19"
"latin","insero II","verb","insero","Romans","11","17"
"latin","insidiae","noun","insidiae","Acts","9","24"
"latin","insidiator","noun","insidiator","Luke","20","20"
"latin","insidior","verb","insidior","Mark","6","19"
"latin","insigne","noun","insigne","Acts","28","11"
"latin","insignis","adjective","insignis","Matthew","27","16"
"latin","insilio","verb","insilio","Acts","19","16"
"latin","insinuo","verb","insinuo","Acts","17","3"
"latin","insipiens","adjective","insipiens","Romans","1","14"
"latin","insipientia","noun","insipientia","Luke","6","11"
"latin","insisto","verb","insisto","Luke","11","53"
"latin","inspiratio","noun","inspiratio","Acts","17","25"
"latin","inspiro","verb","inspiro","Acts","9","1"
"latin","instabilis","adjective","instabilis","I_Corinthians","4","11"
"latin","instantia","noun","instantia","Romans","8","38"
"latin","instauro","verb","instauro","Romans","13","9"
"latin","instita","noun","instita","John","11","44"
"latin","instituo","verb","instituo","Philippians","4","12"
"latin","insto","verb","insto","Luke","23","23"
"latin","instruo","verb","instruo","Romans","2","18"
"latin","insufflo","verb","insufflo","John","20","22"
"latin","insula","noun","insula","Acts","13","6"
"latin","insulsus","adjective","insulsus","Mark","9","49"
"latin","insuper","adverb","insuper","Acts","2","26"
"latin","insurgo","verb","insurgo","Matthew","10","21"
"latin","integer","adjective","integer","Acts","3","16"
"latin","intellectus","noun","intellectus","Matthew","15","16"
"latin","intellegentia","noun","intellegentia","Philippians","4","7"
"latin","intellego","verb","intellego","Matthew","13","13"
"latin","intendo","verb","intendo","Luke","4","20"
"latin","inter","preposition","inter","Matthew","11","11"
"latin","interea","adverb","interea","John","4","31"
"latin","intereo","verb","intereo","Revelation","8","9"
"latin","interficio","verb","interficio","Mark","10","34"
"latin","interimo","verb","interimo","Acts","2","23"
"latin","interior","adjective","interior","Acts","16","24"
"latin","interitus","noun","interitus","Romans","9","22"
"latin","intermissio","noun","intermissio","Acts","12","5"
"latin","interpello","verb","interpello","Acts","25","24"
"latin","interpres","noun","interpres","I_Corinthians","14","28"
"latin","interpretatio","noun","interpretatio","I_Corinthians","12","10"
"latin","interpretor","verb","interpretor","Matthew","1","23"
"latin","interrogatio","noun","interrogatio","Acts","25","26"
"latin","interrogo","verb","interrogo","Matthew","2","8"
"latin","intersum","verb","intersum","Galatians","2","6"
"latin","intervallum","noun","intervallum","Luke","22","59"
"latin","intinguo","verb","intinguo","Matthew","26","23"
"latin","intra","preposition","intra","Matthew","3","9"
"latin","intrinsecus","adverb","intrinsecus","Matthew","7","15"
"latin","intro","adverb","intro","Matthew","26","58"
"latin","intro","verb","intro","Matthew","2","11"
"latin","introduco","verb","introduco","Luke","14","21"
"latin","introeo","verb","introeo","Matthew","8","5"
"latin","introgredior","verb","introgredior","Acts","16","29"
"latin","introitus","noun","introitus","I_Thessalonians","1","9"
"latin","intueor","verb","intueor","Matthew","16","6"
"latin","intus","adverb","intus","Matthew","23","25"
"latin","inundatio","noun","inundatio","Luke","6","48"
"latin","inunguo","verb","inunguo","Revelation","3","18"
"latin","inutilis","adjective","inutilis","Matthew","25","30"
"latin","invado","verb","invado","Mark","16","8"
"latin","invalesco","verb","invalesco","Luke","23","5"
"latin","invenio","verb","invenio","Matthew","1","18"
"latin","inventor","noun","inventor","Romans","1","30"
"latin","investigabilis","adjective","investigabilis","Romans","11","33"
"latin","invicem","adverb","invicem","Matthew","24","10"
"latin","invideo","verb","invideo","Galatians","5","26"
"latin","invidia","noun","invidia","Matthew","27","18"
"latin","invisibilis","adjective","invisibilis","Romans","1","20"
"latin","invito","verb","invito","Matthew","22","3"
"latin","invitus","adjective","invitus","I_Corinthians","9","17"
"latin","invoco","verb","invoco","Acts","2","21"
"latin","involvo","verb","involvo","Matthew","27","59"
"latin","iota","noun","iota","Matthew","5","18"
"latin","ipse","demonstrative_pronoun","ipse","Matthew","3","4"
"latin","ipse","personal_pronoun","ipse","Matthew","1","21"
"latin","ira","noun","ira","Matthew","3","7"
"latin","iracundia","noun","iracundia","Acts","14","2"
"latin","iracundus","adjective","iracundus","Titus","1","7"
"latin","irascor","verb","irascor","Matthew","2","16"
"latin","iris","noun","iris","Revelation","4","3"
"latin","irreprehensibilis","adjective","irreprehensibilis","Colossians","1","22"
"latin","irrideo","verb","irrideo","Mark","5","40"
"latin","irrito","verb","irrito","I_Corinthians","13","5"
"latin","irritus","adjective","irritus","Matthew","15","6"
"latin","irruo","verb","irruo","Matthew","7","25"
"latin","is","demonstrative_pronoun","is","Matthew","17","27"
"latin","is","personal_pronoun","is","Matthew","1","2"
"latin","iste","demonstrative_pronoun","iste","Matthew","3","9"
"latin","ita","adverb","ita","Matthew","8","24"
"latin","itaque","adverb","itaque","Matthew","12","12"
"latin","iter","noun","iter","Luke","2","44"
"latin","iterato","adverb","iterato","John","3","4"
"latin","iterum","adverb","iterum","Matthew","4","8"
"latin","iubeo","verb","iubeo","Matthew","8","18"
"latin","iucunditas","noun","iucunditas","Acts","2","28"
"latin","iucundo","verb","iucundo","Revelation","11","10"
"latin","iudaice","adverb","iudaice","Galatians","2","14"
"latin","iudaicus","adjective","iudaicus","Titus","1","14"
"latin","iudaizo","verb","iudaizo","Galatians","2","14"
"latin","iudex","noun","iudex","Matthew","5","25"
"latin","iudicium","noun","iudicium","Matthew","5","21"
"latin","iudico","verb","iudico","Matthew","7","1"
"latin","iugum","noun","iugum","Matthew","11","29"
"latin","iumentum","noun","iumentum","Luke","10","34"
"latin","iunctura","noun","iunctura","Acts","27","40"
"latin","iungo","verb","iungo","Mark","10","9"
"latin","iuramentum","noun","iuramentum","Matthew","5","33"
"latin","iuro","verb","iuro","Matthew","5","34"
"latin","ius","noun","ius","Mark","6","26"
"latin","iussus","noun","iussus","I_Thessalonians","4","16"
"latin","iuste","adverb","iuste","Luke","23","41"
"latin","iustificatio","noun","iustificatio","Luke","1","6"
"latin","iustifico","verb","iustifico","Matthew","11","19"
"latin","iustitia","noun","iustitia","Matthew","3","15"
"latin","iustus","adjective","iustus","Matthew","1","19"
"latin","iuvenis","adjective","iuvenis","Mark","16","5"
"latin","iuventus","noun","iuventus","Mark","10","20"
"latin","iuxta","adverb","iuxta","Acts","2","24"
"latin","iuxta","preposition","iuxta","Matthew","4","18"
"latin","justifico","verb","justifico","Romans","3","24"
"latin","labium","noun","labium","Matthew","15","8"
"latin","labor","noun","labor","John","4","38"
"latin","laboro","verb","laboro","Matthew","6","28"
"latin","lac","noun","lac","I_Corinthians","3","2"
"latin","lacrima","noun","lacrima","Mark","9","23"
"latin","lacrimor","verb","lacrimor","John","11","35"
"latin","lacto","verb","lacto","Matthew","21","16"
"latin","lacus","noun","lacus","Mark","12","1"
"latin","laedo","verb","laedo","II_Corinthians","7","2"
"latin","laetifico","verb","laetifico","II_Corinthians","2","2"
"latin","laetitia","noun","laetitia","Acts","14","16"
"latin","laetor","verb","laetor","Acts","2","26"
"latin","lagona","noun","lagona","Mark","14","13"
"latin","lama","foreign_word","lama","Mark","15","34"
"latin","lamento","verb","lamento","Matthew","11","17"
"latin","lampada","noun","lampada","Matthew","25","1"
"latin","lampas","noun","lampas","Matthew","25","3"
"latin","lana","noun","lana","Revelation","1","14"
"latin","lancea","noun","lancea","John","19","34"
"latin","lanciarius","noun","lanciarius","Acts","23","23"
"latin","langueo","verb","langueo","John","5","3"
"latin","languesco","verb","languesco","Luke","7","10"
"latin","languidus","adjective","languidus","Matthew","14","14"
"latin","languor","noun","languor","Matthew","4","23"
"latin","lanterna","noun","lanterna","John","18","3"
"latin","lapideus","adjective","lapideus","John","2","6"
"latin","lapido","verb","lapido","Matthew","21","35"
"latin","lapis","noun","lapis","Matthew","3","9"
"latin","laqueus","noun","laqueus","Matthew","27","5"
"latin","lateo","verb","lateo","Mark","7","24"
"latin","latitudo","noun","latitudo","Ephesians","3","18"
"latin","latro","noun","latro","Matthew","21","13"
"latin","latus","adjective","latus","Matthew","7","13"
"latin","latus","noun","latus","John","19","34"
"latin","laudo","verb","laudo","Luke","2","13"
"latin","laus","noun","laus","Matthew","21","16"
"latin","lavacrum","noun","lavacrum","Ephesians","5","26"
"latin","lavo","verb","lavo","Matthew","6","17"
"latin","laxo","verb","laxo","Luke","5","4"
"latin","lectio","noun","lectio","Acts","13","15"
"latin","lectulus","noun","lectulus","Acts","5","15"
"latin","lectus","noun","lectus","Matthew","9","2"
"latin","legatio","noun","legatio","Luke","14","32"
"latin","legio","noun","legio","Matthew","26","53"
"latin","legislatio","noun","legislatio","Romans","9","4"
"latin","legitimus","adjective","legitimus","Acts","19","39"
"latin","lego","verb","lego","Matthew","12","3"
"latin","lema","foreign_word","lema","Matthew","27","46"
"latin","lenis","adjective","lenis","I_Thessalonians","2","7"
"latin","leo","noun","leo","II_Timothy","4","17"
"latin","lepra","noun","lepra","Matthew","8","3"
"latin","leprosus","adjective","leprosus","Matthew","8","2"
"latin","levis","adjective","levis","Matthew","11","30"
"latin","levitas","noun","levitas","II_Corinthians","1","17"
"latin","levo","verb","levo","Matthew","12","11"
"latin","lex","noun","lex","Matthew","5","17"
"latin","libellus","noun","libellus","Matthew","5","31"
"latin","libenter","adverb","libenter","Mark","6","20"
"latin","liber","adjective","liber","Matthew","17","26"
"latin","liber","noun","liber","Matthew","1","1"
"latin","libero","verb","libero","Matthew","6","13"
"latin","libertas","noun","libertas","Romans","8","21"
"latin","libertinus","adjective","libertinus","Acts","6","9"
"latin","libertus","noun","libertus","I_Corinthians","7","22"
"latin","libra","noun","libra","John","12","3"
"latin","licentia","noun","licentia","I_Corinthians","8","9"
"latin","licet","adverb","licet","Mark","6","23"
"latin","licet","subjunction","licet","II_Corinthians","4","16"
"latin","licet","verb","licet","Matthew","12","2"
"latin","lictor","noun","lictor","Acts","16","35"
"latin","ligneus","adjective","ligneus","Revelation","9","20"
"latin","lignum","noun","lignum","Mark","14","43"
"latin","ligo","verb","ligo","Matthew","16","19"
"latin","lilium","noun","lilium","Matthew","6","28"
"latin","lingo","verb","lingo","Luke","16","21"
"latin","lingua","noun","lingua","Mark","7","33"
"latin","lino","verb","lino","John","9","6"
"latin","linteamen","noun","linteamen","Luke","24","12"
"latin","linteum","noun","linteum","John","13","4"
"latin","linum","noun","linum","Matthew","12","20"
"latin","litigiosus","adjective","litigiosus","Titus","3","2"
"latin","litigo","verb","litigo","John","6","53"
"latin","littera","noun","littera","Luke","16","7"
"latin","litus","noun","litus","Matthew","13","2"
"latin","loco","verb","loco","Matthew","21","33"
"latin","loculus","noun","loculus","Luke","7","14"
"latin","locuples","adjective","locuples","Revelation","3","18"
"latin","locupleto","verb","locupleto","II_Corinthians","6","10"
"latin","locus","noun","locus","Matthew","12","43"
"latin","locusta","noun","locusta","Matthew","3","4"
"latin","longanimitas","noun","longanimitas","Romans","2","4"
"latin","longe","adverb","longe","Matthew","8","30"
"latin","longevus","adjective","longevus","Ephesians","6","3"
"latin","longinquus","adjective","longinquus","Luke","15","13"
"latin","longitudo","noun","longitudo","Ephesians","3","18"
"latin","longus","adjective","longus","Luke","20","47"
"latin","loquela","noun","loquela","Matthew","26","73"
"latin","loquor","verb","loquor","Matthew","6","7"
"latin","lorica","noun","lorica","Ephesians","6","14"
"latin","lorum","noun","lorum","Acts","22","25"
"latin","luceo","verb","luceo","Matthew","5","15"
"latin","lucerna","noun","lucerna","Matthew","5","15"
"latin","lucesco","verb","lucesco","Matthew","28","1"
"latin","lucidus","adjective","lucidus","Matthew","6","22"
"latin","lucror","verb","lucror","Matthew","16","26"
"latin","lucrum","noun","lucrum","Acts","27","21"
"latin","luctus","noun","luctus","I_Corinthians","5","2"
"latin","ludo","verb","ludo","Mark","15","31"
"latin","lugeo","verb","lugeo","Matthew","5","5"
"latin","lumbus","noun","lumbus","Matthew","3","4"
"latin","lumen","noun","lumen","Matthew","6","23"
"latin","luminarium","noun","luminarium","Philippians","2","15"
"latin","luna","noun","luna","Matthew","24","29"
"latin","lunaticus","adjective","lunaticus","Matthew","4","24"
"latin","lupus","noun","lupus","Matthew","7","15"
"latin","luscus","adjective","luscus","Mark","9","46"
"latin","lutum","noun","lutum","John","9","6"
"latin","lux","noun","lux","Matthew","4","16"
"latin","luxuria","noun","luxuria","Galatians","5","19"
"latin","luxuriose","adverb","luxuriose","Luke","15","13"
"latin","macellum","noun","macellum","I_Corinthians","10","25"
"latin","maceria","noun","maceria","Ephesians","2","14"
"latin","macto","verb","macto","John","10","10"
"latin","macula","noun","macula","Ephesians","5","27"
"latin","maculo","verb","maculo","Jude","1","8"
"latin","maereo","verb","maereo","Mark","10","22"
"latin","maestus","adjective","maestus","Matthew","26","37"
"latin","magice","noun","magice","Acts","8","11"
"latin","magis","adverb","magis","Matthew","6","26"
"latin","magister","noun","magister","Matthew","8","19"
"latin","magistratus","noun","magistratus","Luke","12","11"
"latin","magnalia","noun","magnalia","Acts","2","11"
"latin","magnifico","verb","magnifico","Matthew","15","31"
"latin","magnitudo","noun","magnitudo","Luke","9","44"
"latin","magnus","adjective","magnus","Matthew","2","10"
"latin","magus","noun","magus","Matthew","2","1"
"latin","maiestas","noun","maiestas","Matthew","19","28"
"latin","male","adverb","male","Matthew","4","24"
"latin","maledico","verb","maledico","Matthew","5","11"
"latin","maledictio","noun","maledictio","Romans","3","14"
"latin","maledictum","noun","maledictum","Galatians","3","10"
"latin","maledicus","adjective","maledicus","I_Corinthians","5","11"
"latin","malefactor","noun","malefactor","John","18","30"
"latin","malignitas","noun","malignitas","Romans","1","29"
"latin","malignus","adjective","malignus","Luke","8","2"
"latin","malitia","noun","malitia","Matthew","6","34"
"latin","malum","noun","malum","Romans","12","17"
"latin","malus","adjective","malus","Matthew","5","11"
"latin","mamilla","noun","mamilla","Revelation","1","13"
"latin","mamona","noun","mamona","Matthew","6","24"
"latin","mancipium","noun","mancipium","Revelation","18","13"
"latin","mandatum","noun","mandatum","Matthew","5","19"
"latin","mando","verb","mando","Matthew","4","6"
"latin","manduco","verb","manduco","Matthew","6","25"
"latin","mane","adverb","mane","Matthew","16","3"
"latin","mane","noun","mane","John","21","4"
"latin","maneo","verb","maneo","Matthew","10","11"
"latin","manico","verb","manico","Luke","21","38"
"latin","manifestatio","noun","manifestatio","I_Corinthians","12","7"
"latin","manifeste","adverb","manifeste","Mark","1","45"
"latin","manifesto","verb","manifesto","Mark","3","12"
"latin","manifestus","adjective","manifestus","Matthew","12","16"
"latin","manna","noun","manna","John","6","31"
"latin","mansio","noun","mansio","John","14","2"
"latin","mansuetudo","noun","mansuetudo","I_Corinthians","4","21"
"latin","mansuetus","adjective","mansuetus","Matthew","21","5"
"latin","manufactus","adjective","manufactus","Mark","14","58"
"latin","manus","noun","manus","Matthew","3","12"
"latin","maranatha","foreign_word","maranatha","I_Corinthians","16","22"
"latin","mare","noun","mare","Matthew","4","15"
"latin","margarita","noun","margarita","Matthew","7","6"
"latin","maritimus","adjective","maritimus","Matthew","4","13"
"latin","marmor","noun","marmor","Revelation","18","12"
"latin","martyr","noun","martyr","Revelation","17","6"
"latin","masculinus","adjective","masculinus","Luke","2","23"
"latin","masculus","adjective","masculus","Matthew","19","4"
"latin","massa","noun","massa","Romans","9","21"
"latin","mater","noun","mater","Matthew","1","18"
"latin","matrimonium","noun","matrimonium","I_Corinthians","7","10"
"latin","mature","adverb","mature","Acts","25","4"
"latin","maturus","adjective","maturus","Revelation","14","18"
"latin","matutinus","adjective","matutinus","Revelation","2","28"
"latin","maxilla","noun","maxilla","Matthew","5","39"
"latin","mediator","noun","mediator","Galatians","3","19"
"latin","medica","noun","medica","Mark","5","26"
"latin","medicus","noun","medicus","Matthew","9","12"
"latin","medio","verb","medio","John","7","14"
"latin","meditor","verb","meditor","Acts","4","25"
"latin","medium","noun","medium","Revelation","7","17"
"latin","medius","adjective","medius","Matthew","10","16"
"latin","mel","noun","mel","Matthew","3","4"
"latin","membrana","noun","membrana","II_Timothy","4","13"
"latin","membrum","noun","membrum","Matthew","5","29"
"latin","memini","verb","memini","Luke","23","42"
"latin","meminisse","verb","meminisse","John","15","20"
"latin","memor","adjective","memor","Luke","17","32"
"latin","memoria","noun","memoria","Matthew","26","13"
"latin","memoro","verb","memoro","Luke","1","54"
"latin","mendacium","noun","mendacium","John","8","44"
"latin","mendax","adjective","mendax","II_Peter","2","1"
"latin","mendax","noun","mendax","John","8","44"
"latin","mendico","verb","mendico","Mark","10","46"
"latin","mendicus","adjective","mendicus","Luke","16","20"
"latin","mens","noun","mens","Matthew","22","37"
"latin","mensa","noun","mensa","Matthew","15","27"
"latin","mensis","noun","mensis","Luke","1","24"
"latin","mensura","noun","mensura","Matthew","7","2"
"latin","menta","noun","menta","Matthew","23","23"
"latin","mentior","verb","mentior","Matthew","5","11"
"latin","mercator","noun","mercator","Revelation","18","3"
"latin","mercennarius","noun","mercennarius","Mark","1","20"
"latin","merces","noun","merces","Matthew","5","12"
"latin","mercor","verb","mercor","Mark","15","46"
"latin","meretrix","noun","meretrix","Matthew","21","31"
"latin","mergo","verb","mergo","Matthew","14","30"
"latin","meridianus","adjective","meridianus","Acts","8","26"
"latin","merum","noun","merum","Revelation","14","10"
"latin","merx","noun","merx","Revelation","18","11"
"latin","messis","noun","messis","Matthew","9","37"
"latin","messor","noun","messor","Matthew","13","30"
"latin","met","adverb","met","Matthew","16","24"
"latin","metior","verb","metior","Matthew","7","2"
"latin","meto","verb","meto","Matthew","6","26"
"latin","metreta","noun","metreta","John","2","6"
"latin","metuo","verb","metuo","Mark","6","20"
"latin","metus","noun","metus","John","7","13"
"latin","meus","possessive_pronoun","meus","Matthew","2","6"
"latin","mica","noun","mica","Matthew","15","27"
"latin","migro","verb","migro","Matthew","19","1"
"latin","miles","noun","miles","Matthew","8","9"
"latin","militia","noun","militia","Luke","2","13"
"latin","milito","verb","milito","I_Corinthians","9","7"
"latin","mille","cardinal_numeral","mille","Matthew","5","41"
"latin","mille ducenti sexaginta","cardinal_numeral","mille ducenti sexaginta","Revelation","11","3"
"latin","mille sescenti","cardinal_numeral","mille sescenti","Revelation","14","20"
"latin","mina","noun","mina","Luke","19","13"
"latin","minae","noun","minae","Acts","4","29"
"latin","minister","noun","minister","Matthew","5","25"
"latin","ministerium","noun","ministerium","Luke","10","40"
"latin","ministratio","noun","ministratio","I_Corinthians","12","5"
"latin","ministrator","noun","ministrator","Luke","22","26"
"latin","ministro","verb","ministro","Matthew","4","11"
"latin","mino","verb","mino","Acts","18","16"
"latin","minoro","verb","minoro","II_Corinthians","8","15"
"latin","minuo","verb","minuo","Luke","21","2"
"latin","minutum","noun","minutum","Mark","12","42"
"latin","mirabilis","adjective","mirabilis","Matthew","21","15"
"latin","miror","verb","miror","Matthew","8","10"
"latin","mirus","adjective","mirus","II_Corinthians","11","14"
"latin","misceo","verb","misceo","Matthew","27","34"
"latin","miser","adjective","miser","Revelation","3","17"
"latin","miserabilis","adjective","miserabilis","I_Corinthians","15","19"
"latin","miseratio","noun","miseratio","Philippians","2","1"
"latin","misereor","verb","misereor","Matthew","9","27"
"latin","misericordia","noun","misericordia","Matthew","5","7"
"latin","misericors","adjective","misericors","Matthew","5","7"
"latin","mitis","adjective","mitis","Matthew","5","4"
"latin","mitto","verb","mitto","Matthew","2","8"
"latin","mixtura","noun","mixtura","John","19","39"
"latin","modestia","noun","modestia","II_Corinthians","10","1"
"latin","modestus","adjective","modestus","Titus","3","2"
"latin","modicus","adjective","modicus","Matthew","8","26"
"latin","modius","noun","modius","Matthew","5","15"
"latin","modo","adverb","modo","Matthew","3","15"
"latin","modus","noun","modus","Mark","7","13"
"latin","moechor","verb","moechor","Matthew","5","27"
"latin","mola","noun","mola","Matthew","18","6"
"latin","molaris","adjective","molaris","Luke","17","2"
"latin","molestus","adjective","molestus","Matthew","26","10"
"latin","mollis","adjective","mollis","Matthew","11","8"
"latin","molo","verb","molo","Matthew","24","41"
"latin","momentaneus","adjective","momentaneus","II_Corinthians","4","17"
"latin","momentum","noun","momentum","Luke","4","5"
"latin","moneo","verb","moneo","Acts","20","31"
"latin","mons","noun","mons","Matthew","4","8"
"latin","monstro","verb","monstro","Acts","7","3"
"latin","montanus","adjective","montanus","Luke","1","39"
"latin","monumentum","noun","monumentum","Matthew","8","28"
"latin","mora","noun","mora","Matthew","24","48"
"latin","mordeo","verb","mordeo","Galatians","5","15"
"latin","morior","verb","morior","Matthew","8","32"
"latin","moror","verb","moror","Luke","21","37"
"latin","mors","noun","mors","Matthew","4","16"
"latin","mortalia","noun","mortalia","Romans","8","11"
"latin","mortalis","adjective","mortalis","Acts","14","14"
"latin","mortiferus","adjective","mortiferus","Mark","16","18"
"latin","mortificatio","noun","mortificatio","II_Corinthians","4","10"
"latin","mortifico","verb","mortifico","Romans","7","4"
"latin","mortuus","adjective","mortuus","Matthew","8","22"
"latin","morus","noun","morus","Luke","17","6"
"latin","mos","noun","mos","John","19","40"
"latin","motus","noun","motus","Matthew","8","24"
"latin","moveo","verb","moveo","Matthew","21","29"
"latin","mox","adverb","mox","Philippians","2","23"
"latin","mulier","noun","mulier","Matthew","5","28"
"latin","multiformis","adjective","multiformis","Ephesians","3","10"
"latin","multiloquium","noun","multiloquium","Matthew","6","7"
"latin","multiplico","verb","multiplico","Acts","6","7"
"latin","multitudo","noun","multitudo","Mark","3","8"
"latin","multo","adverb","multo","Mark","10","48"
"latin","multum","adverb","multum","Matthew","5","20"
"latin","multus","adjective","multus","Matthew","2","18"
"latin","mundo","verb","mundo","Matthew","8","2"
"latin","mundus","adjective","mundus","Matthew","5","8"
"latin","mundus","noun","mundus","Matthew","4","8"
"latin","municeps","noun","municeps","Acts","21","39"
"latin","munio","verb","munio","Matthew","27","66"
"latin","munitio","noun","munitio","II_Corinthians","10","4"
"latin","munus","noun","munus","Matthew","2","11"
"latin","murmur","noun","murmur","John","7","12"
"latin","murmuratio","noun","murmuratio","Philippians","2","14"
"latin","murmuro","verb","murmuro","Matthew","20","11"
"latin","murra","noun","murra","Matthew","2","11"
"latin","murratus","adjective","murratus","Mark","15","23"
"latin","murus","noun","murus","Acts","9","25"
"latin","musicus","adjective","musicus","Revelation","18","22"
"latin","mustum","noun","mustum","Acts","2","13"
"latin","muto","verb","muto","Acts","6","14"
"latin","mutuor","verb","mutuor","Matthew","5","42"
"latin","mutus","adjective","mutus","Matthew","9","32"
"latin","mutuus","adjective","mutuus","Luke","6","34"
"latin","mysterium","noun","mysterium","Matthew","13","11"
"latin","nam","adverb","nam","Matthew","8","9"
"latin","nardus","noun","nardus","Mark","14","3"
"latin","narratio","noun","narratio","Luke","1","1"
"latin","narro","verb","narro","Matthew","18","31"
"latin","nascor","verb","nascor","Matthew","1","16"
"latin","natalis","noun","natalis","Matthew","14","6"
"latin","natatoria","noun","natatoria","John","9","7"
"latin","natio","noun","natio","Luke","21","24"
"latin","nativitas","noun","nativitas","Luke","1","14"
"latin","nato","verb","nato","Acts","27","43"
"latin","natu","adverb","natu","Acts","20","17"
"latin","natura","noun","natura","Romans","1","26"
"latin","naturalis","adjective","naturalis","Romans","1","26"
"latin","naturaliter","adverb","naturaliter","Romans","2","14"
"latin","nauclerius","noun","nauclerius","Acts","27","11"
"latin","naufragium","noun","naufragium","II_Corinthians","11","25"
"latin","nauta","noun","nauta","Acts","27","27"
"latin","navicula","noun","navicula","Matthew","8","23"
"latin","navigatio","noun","navigatio","Acts","21","7"
"latin","navigium","noun","navigium","John","21","6"
"latin","navigo","verb","navigo","Luke","8","23"
"latin","navis","noun","navis","Matthew","4","21"
"latin","ne","adverb","ne","Matthew","3","9"
"latin","ne","interrogative_adverb","ne","Acts","8","30"
"latin","ne","subjunction","ne","Matthew","2","12"
"latin","necessario","adverb","necessario","Acts","15","28"
"latin","necessarius","adjective","necessarius","Mark","11","3"
"latin","necesse","adverb","necesse","Matthew","14","16"
"latin","necessitas","noun","necessitas","Mark","2","25"
"latin","neglego","verb","neglego","Matthew","22","5"
"latin","nego","verb","nego","Matthew","10","33"
"latin","negotiatio","noun","negotiatio","Matthew","22","5"
"latin","negotiator","noun","negotiator","Matthew","13","45"
"latin","negotior","verb","negotior","Luke","19","13"
"latin","negotium","noun","negotium","Romans","16","2"
"latin","nemo","indefinite_pronoun","nemo","Matthew","6","24"
"latin","neo","verb","neo","Matthew","6","28"
"latin","neomenia","noun","neomenia","Colossians","2","16"
"latin","nequam","adjective","nequam","Matthew","6","23"
"latin","nequando","subjunction","nequando","Matthew","13","15"
"latin","nequaquam","adverb","nequaquam","Matthew","2","6"
"latin","neque","adverb","neque","Matthew","6","15"
"latin","nequedum","adverb","nequedum","Mark","4","40"
"latin","nequitia","noun","nequitia","Matthew","22","18"
"latin","nescio","verb","nescio","Matthew","6","3"
"latin","nex","noun","nex","Acts","7","59"
"latin","nexus","noun","nexus","Colossians","2","19"
"latin","nidus","noun","nidus","Luke","9","58"
"latin","niger","adjective","niger","Matthew","5","36"
"latin","nihil","indefinite_pronoun","nihil","Matthew","10","26"
"latin","nihilum","noun","nihilum","Matthew","5","13"
"latin","nimbus","noun","nimbus","Luke","12","54"
"latin","nimis","adverb","nimis","Matthew","8","28"
"latin","nimius","adjective","nimius","Ephesians","2","4"
"latin","nisi","adverb","nisi","Matthew","5","13"
"latin","nisi","subjunction","nisi","Matthew","5","20"
"latin","nix","noun","nix","Matthew","17","2"
"latin","nobilis","adjective","nobilis","Mark","15","43"
"latin","noceo","verb","noceo","Mark","16","18"
"latin","nolo","verb","nolo","Matthew","1","19"
"latin","nomen","noun","nomen","Matthew","1","21"
"latin","nominatim","adverb","nominatim","John","10","3"
"latin","nomino","verb","nomino","Luke","6","13"
"latin","nomisma","noun","nomisma","Matthew","22","19"
"latin","non","adverb","non","Matthew","1","25"
"latin","nonaginta","cardinal_numeral","nonaginta","Matthew","18","12"
"latin","nondum","adverb","nondum","Matthew","16","9"
"latin","nonne","interrogative_adverb","nonne","Matthew","5","46"
"latin","nonus","ordinal_numeral","nonus","Matthew","20","5"
"latin","nos","personal_pronoun","nos","Matthew","1","23"
"latin","nosco","verb","nosco","Matthew","7","11"
"latin","noster","possessive_pronoun","noster","Matthew","6","9"
"latin","notitia","noun","notitia","Romans","1","28"
"latin","noto","verb","noto","II_Thessalonians","3","14"
"latin","notus","adjective","notus","Luke","2","44"
"latin","novellus","adjective","novellus","Mark","2","22"
"latin","novem","cardinal_numeral","novem","Matthew","18","12"
"latin","novissime","adverb","novissime","Matthew","21","37"
"latin","novissimus","adjective","novissimus","Matthew","5","26"
"latin","novitas","noun","novitas","Romans","6","4"
"latin","novus","adjective","novus","Matthew","9","17"
"latin","nox","noun","nox","Matthew","2","14"
"latin","nubes","noun","nubes","Matthew","17","5"
"latin","nubo","verb","nubo","Matthew","19","10"
"latin","nuditas","noun","nuditas","Romans","8","35"
"latin","nudius","adverb","nudius","Acts","10","30"
"latin","nudo","verb","nudo","Mark","2","4"
"latin","nudus","adjective","nudus","Matthew","25","36"
"latin","nullus","indefinite_pronoun","nullus","Mark","9","28"
"latin","numero","verb","numero","Matthew","10","30"
"latin","numerus","noun","numerus","Matthew","14","21"
"latin","nummularius","adjective","nummularius","Matthew","21","12"
"latin","numquam","adverb","numquam","Matthew","7","23"
"latin","numquid","interrogative_adverb","numquid","Matthew","7","9"
"latin","nunc","adverb","nunc","Matthew","11","12"
"latin","nuntio","verb","nuntio","Matthew","8","33"
"latin","nuntius","noun","nuntius","Luke","7","24"
"latin","nuper","adverb","nuper","Acts","18","2"
"latin","nuptiae","noun","nuptiae","Matthew","22","2"
"latin","nuptialis","adjective","nuptialis","Matthew","22","11"
"latin","nuptus","noun","nuptus","Matthew","24","38"
"latin","nurus","noun","nurus","Matthew","10","35"
"latin","nutrio","verb","nutrio","Matthew","24","19"
"latin","nutrix","noun","nutrix","I_Thessalonians","2","7"
"latin","o","interjection","o","Matthew","15","28"
"latin","ob","preposition","ob","Matthew","19","9"
"latin","obdormio","verb","obdormio","Luke","8","23"
"latin","obeo","verb","obeo","Mark","15","44"
"latin","obicio","verb","obicio","Mark","14","60"
"latin","obitus","noun","obitus","Matthew","2","15"
"latin","obiurgatio","noun","obiurgatio","II_Corinthians","2","6"
"latin","oblatio","noun","oblatio","Acts","21","26"
"latin","obligatio","noun","obligatio","Acts","8","23"
"latin","oblivio","noun","oblivio","Luke","12","6"
"latin","obliviscor","verb","obliviscor","Matthew","16","5"
"latin","obmutesco","verb","obmutesco","Matthew","22","12"
"latin","obnoxius","adjective","obnoxius","Acts","19","40"
"latin","oboedientia","noun","oboedientia","Romans","15","18"
"latin","oboedio","verb","oboedio","Matthew","8","27"
"latin","oboeditio","noun","oboeditio","Romans","5","19"
"latin","obscuro","verb","obscuro","Matthew","24","29"
"latin","obsecratio","noun","obsecratio","Luke","2","37"
"latin","obsecro","verb","obsecro","Luke","8","28"
"latin","obsequium","noun","obsequium","John","16","2"
"latin","observatio","noun","observatio","Luke","17","20"
"latin","observo","verb","observo","Mark","3","2"
"latin","obstipesco","verb","obstipesco","Mark","5","42"
"latin","obstruo","verb","obstruo","Romans","3","19"
"latin","obstupesco","verb","obstupesco","Mark","10","24"
"latin","obtentus","noun","obtentus","Mark","12","40"
"latin","obtineo","verb","obtineo","Acts","27","16"
"latin","obtundo","verb","obtundo","II_Corinthians","3","14"
"latin","obumbro","verb","obumbro","Matthew","17","5"
"latin","obviam","preposition","obviam","Matthew","8","34"
"latin","obvio","verb","obvio","Acts","16","16"
"latin","obvius","adjective","obvius","Acts","10","25"
"latin","occaeco","verb","occaeco","Mark","6","52"
"latin","occasio","noun","occasio","Romans","7","8"
"latin","occasus","noun","occasus","Luke","12","54"
"latin","occidens","noun","occidens","Matthew","8","11"
"latin","occido I","verb","occido","Matthew","2","16"
"latin","occido II","verb","occido","Mark","1","32"
"latin","occisio","noun","occisio","Acts","8","32"
"latin","occulte","adverb","occulte","Matthew","1","19"
"latin","occulto","verb","occulto","Luke","1","24"
"latin","occultus","adjective","occultus","Matthew","10","26"
"latin","occupo","verb","occupo","Luke","13","7"
"latin","occurro","verb","occurro","Matthew","8","28"
"latin","octavus","ordinal_numeral","octavus","Luke","1","59"
"latin","octo","cardinal_numeral","octo","Luke","2","21"
"latin","octoginta","cardinal_numeral","octoginta","Luke","16","7"
"latin","octoginta quattuor","cardinal_numeral","octoginta quattuor","Luke","2","37"
"latin","oculus","noun","oculus","Matthew","5","29"
"latin","odi","verb","odi","Matthew","5","44"
"latin","odibilis","adjective","odibilis","Romans","1","30"
"latin","odio","verb","odio","Revelation","17","16"
"latin","odium","noun","odium","Matthew","5","43"
"latin","odor","noun","odor","John","12","3"
"latin","odoramentum","noun","odoramentum","Revelation","5","8"
"latin","odoratus","noun","odoratus","I_Corinthians","12","17"
"latin","offendiculum","noun","offendiculum","Acts","24","16"
"latin","offendo","verb","offendo","Matthew","4","6"
"latin","offensa","noun","offensa","Philippians","1","10"
"latin","offensio","noun","offensio","Romans","9","32"
"latin","offero","verb","offero","Matthew","2","11"
"latin","officium","noun","officium","Luke","1","23"
"latin","offoco","verb","offoco","Mark","4","7"
"latin","oleaster","noun","oleaster","Romans","11","17"
"latin","oleum","noun","oleum","Matthew","25","3"
"latin","olim","adverb","olim","Matthew","11","21"
"latin","oliva","noun","oliva","Mark","11","1"
"latin","olivetum","noun","olivetum","Matthew","21","1"
"latin","omega","noun","omega","Revelation","1","8"
"latin","omitto","verb","omitto","Matthew","23","23"
"latin","omnino","adverb","omnino","Matthew","5","34"
"latin","omnipotens","adjective","omnipotens","II_Corinthians","7","18"
"latin","omnis","adjective","omnis","Romans","11","36"
"latin","omnis","indefinite_pronoun","omnis","Matthew","1","17"
"latin","onero","verb","onero","Matthew","11","28"
"latin","onerosus","adjective","onerosus","II_Corinthians","11","9"
"latin","onus","noun","onus","Matthew","11","30"
"latin","opera","noun","opera","Luke","12","58"
"latin","operarius","noun","operarius","Matthew","9","37"
"latin","operatio","noun","operatio","I_Corinthians","12","6"
"latin","operio","verb","operio","Matthew","6","31"
"latin","operor","verb","operor","Matthew","7","23"
"latin","opertus","adjective","opertus","Matthew","10","26"
"latin","opifex","noun","opifex","Acts","19","25"
"latin","opinio","noun","opinio","Matthew","4","24"
"latin","opitulatio","noun","opitulatio","I_Corinthians","12","28"
"latin","oportet","verb","oportet","Matthew","16","21"
"latin","opportune","adverb","opportune","Mark","14","11"
"latin","opportunitas","noun","opportunitas","Matthew","26","16"
"latin","opportunus","adjective","opportunus","Mark","6","21"
"latin","opprimo","verb","opprimo","Luke","11","53"
"latin","opprobrium","noun","opprobrium","Luke","1","25"
"latin","opto","verb","opto","Acts","27","29"
"latin","opus","noun","opus","Matthew","5","16"
"latin","oratio","noun","oratio","Matthew","17","21"
"latin","orator","noun","orator","Acts","24","1"
"latin","orbis","noun","orbis","Matthew","24","14"
"latin","ordinatio","noun","ordinatio","Romans","13","2"
"latin","ordino","verb","ordino","Luke","1","1"
"latin","ordo","noun","ordo","Luke","1","3"
"latin","orichalcum","noun","orichalcum","Revelation","1","15"
"latin","oriens","noun","oriens","Matthew","2","1"
"latin","origo","noun","origo","Revelation","13","8"
"latin","orior","verb","orior","Matthew","4","16"
"latin","orno","verb","orno","Matthew","12","44"
"latin","oro","verb","oro","Matthew","5","44"
"latin","orphanus","noun","orphanus","John","14","18"
"latin","ortus","noun","ortus","Revelation","7","2"
"latin","os I","noun","os","Matthew","4","4"
"latin","os II","noun","os","Matthew","23","27"
"latin","osanna","interjection","osanna","Matthew","21","9"
"latin","osculor","verb","osculor","Matthew","26","48"
"latin","osculum","noun","osculum","Luke","7","45"
"latin","ostendo","verb","ostendo","Matthew","4","8"
"latin","ostensio","noun","ostensio","Luke","1","80"
"latin","ostiaria","noun","ostiaria","John","18","16"
"latin","ostiarius","adjective","ostiarius","John","18","17"
"latin","ostiarius","noun","ostiarius","John","10","3"
"latin","ostium","noun","ostium","Matthew","6","6"
"latin","otiosus","adjective","otiosus","Matthew","12","36"
"latin","ovile","noun","ovile","John","10","1"
"latin","ovis","noun","ovis","Matthew","7","15"
"latin","ovum","noun","ovum","Luke","11","12"
"latin","pacificor","verb","pacificor","Colossians","1","20"
"latin","pacificus","adjective","pacificus","Matthew","5","9"
"latin","paciscor","verb","paciscor","Luke","22","5"
"latin","paedagogus","noun","paedagogus","I_Corinthians","4","15"
"latin","paene","adverb","paene","Acts","13","44"
"latin","paenitentia","noun","paenitentia","Matthew","3","2"
"latin","paeniteo","verb","paeniteo","Mark","1","15"
"latin","paenula","noun","paenula","II_Timothy","4","13"
"latin","palam","adverb","palam","Mark","4","22"
"latin","palea","noun","palea","Matthew","3","12"
"latin","pallidus","adjective","pallidus","Revelation","6","8"
"latin","pallium","noun","pallium","Matthew","5","40"
"latin","palma","noun","palma","Matthew","26","67"
"latin","palmes","noun","palmes","John","15","2"
"latin","palpo","verb","palpo","Luke","24","39"
"latin","panis","noun","panis","Matthew","4","3"
"latin","pannus","noun","pannus","Matthew","9","16"
"latin","par","adjective","par","Matthew","20","12"
"latin","par","noun","par","Luke","2","24"
"latin","parabola","noun","parabola","Matthew","13","3"
"latin","paracletus","noun","paracletus","John","14","16"
"latin","paradisus","noun","paradisus","Luke","23","43"
"latin","paralyticus","noun","paralyticus","Matthew","4","24"
"latin","parasceve","noun","parasceve","Matthew","27","62"
"latin","paratus","adjective","paratus","Luke","22","33"
"latin","parce","adverb","parce","II_Corinthians","9","6"
"latin","parco","verb","parco","Acts","20","29"
"latin","pardus","noun","pardus","Revelation","13","2"
"latin","parens","noun","parens","Matthew","10","21"
"latin","pareo","verb","pareo","Matthew","6","16"
"latin","paries","noun","paries","Acts","23","3"
"latin","pario","verb","pario","Matthew","1","21"
"latin","pariter","adverb","pariter","Matthew","14","9"
"latin","paro","verb","paro","Matthew","3","3"
"latin","paropsis","noun","paropsis","Matthew","23","25"
"latin","pars","noun","pars","Matthew","2","22"
"latin","particeps","noun","particeps","Romans","15","27"
"latin","participatio","noun","participatio","I_Corinthians","10","16"
"latin","participo","verb","participo","I_Corinthians","9","13"
"latin","partior","verb","partior","John","19","24"
"latin","parturio","verb","parturio","Romans","8","22"
"latin","parum","adverb","parum","Luke","7","47"
"latin","parvulus","adjective","parvulus","Matthew","11","25"
"latin","parvus","adjective","parvus","Matthew","2","6"
"latin","pascha","noun","pascha","Matthew","26","2"
"latin","pasco","verb","pasco","Matthew","6","26"
"latin","pascor","verb","pascor","Jude","1","12"
"latin","pascuum","noun","pascuum","John","10","9"
"latin","passer","noun","passer","Matthew","10","29"
"latin","passibilis","adjective","passibilis","Acts","26","23"
"latin","passio","noun","passio","Acts","1","3"
"latin","passus","noun","passus","Matthew","5","41"
"latin","pastino","verb","pastino","Mark","12","1"
"latin","pastor","noun","pastor","Matthew","8","33"
"latin","patefacio","verb","patefacio","Mark","2","4"
"latin","pateo","verb","pateo","Romans","3","13"
"latin","pater","noun","pater","Matthew","2","22"
"latin","paternitas","noun","paternitas","Ephesians","3","15"
"latin","paternus","adjective","paternus","Acts","22","3"
"latin","patiens","adjective","patiens","I_Thessalonians","5","14"
"latin","patienter","adverb","patienter","Acts","26","3"
"latin","patientia","noun","patientia","Matthew","18","26"
"latin","patior","verb","patior","Matthew","5","10"
"latin","patria","noun","patria","Matthew","13","54"
"latin","patriarcha","noun","patriarcha","Acts","2","29"
"latin","patrius","adjective","patrius","Acts","24","14"
"latin","paucus","adjective","paucus","Matthew","7","14"
"latin","paul(l)ulum","adverb","paululum","Mark","14","35"
"latin","pauper","adjective","pauper","Matthew","5","3"
"latin","pauperculus","adjective","pauperculus","Luke","21","2"
"latin","paupertas","noun","paupertas","II_Corinthians","8","2"
"latin","paveo","verb","paveo","Mark","14","33"
"latin","pavor","noun","pavor","Mark","16","8"
"latin","pax","noun","pax","Matthew","10","13"
"latin","peccator","noun","peccator","Matthew","9","10"
"latin","peccatrix","noun","peccatrix","Mark","8","38"
"latin","peccatum","noun","peccatum","Matthew","1","21"
"latin","pecco","verb","pecco","Matthew","18","15"
"latin","pectus","noun","pectus","Luke","18","13"
"latin","pecunia","noun","pecunia","Matthew","10","9"
"latin","pecus","noun","pecus","John","4","12"
"latin","pedes","noun","pedes","Revelation","1","15"
"latin","pedester","adjective","pedester","Matthew","14","13"
"latin","peiero","verb","peiero","Matthew","5","33"
"latin","pelagus","noun","pelagus","Acts","27","5"
"latin","pellicius","adjective","pellicius","Matthew","3","4"
"latin","pelvis","noun","pelvis","John","13","5"
"latin","pendeo","verb","pendeo","Matthew","22","40"
"latin","pendo","verb","pendo","Acts","28","4"
"latin","penes","preposition","penes","Romans","14","22"
"latin","penetrabilis","adjective","penetrabilis","Matthew","24","26"
"latin","penna","noun","penna","Luke","13","34"
"latin","pentecoste","noun","pentecoste","Acts","2","1"
"latin","penuria","noun","penuria","Mark","12","44"
"latin","per","preposition","per","Matthew","1","22"
"latin","pera","noun","pera","Matthew","10","10"
"latin","perago","verb","perago","Acts","27","9"
"latin","peragro","verb","peragro","Acts","19","1"
"latin","perambulo","verb","perambulo","Luke","5","15"
"latin","percipio","verb","percipio","Mark","10","17"
"latin","percurro","verb","percurro","Mark","6","55"
"latin","percussor","noun","percussor","Titus","1","7"
"latin","percutio","verb","percutio","Matthew","5","39"
"latin","perditio","noun","perditio","Matthew","7","13"
"latin","perdo","verb","perdo","Matthew","2","13"
"latin","perduco","verb","perduco","Mark","15","22"
"latin","perduro","verb","perduro","Acts","2","46"
"latin","peregre","adverb","peregre","Matthew","21","33"
"latin","peregrinatio","noun","peregrinatio","II_Corinthians","8","19"
"latin","peregrinor","verb","peregrinor","II_Corinthians","5","6"
"latin","peregrinus","noun","peregrinus","Matthew","27","7"
"latin","pereo","verb","pereo","Matthew","5","29"
"latin","perfectus","adjective","perfectus","Matthew","5","48"
"latin","perfero","verb","perfero","Acts","23","30"
"latin","perficio","verb","perficio","Matthew","21","16"
"latin","perfodio","verb","perfodio","Matthew","24","43"
"latin","pergo","verb","pergo","John","8","1"
"latin","perhibeo","verb","perhibeo","John","1","7"
"latin","periclitor","verb","periclitor","Luke","8","23"
"latin","periculosus","adjective","periculosus","II_Timothy","3","1"
"latin","periculum","noun","periculum","Romans","8","35"
"latin","peripsema","noun","peripsema","I_Corinthians","4","13"
"latin","peritus","adjective","peritus","Luke","7","30"
"latin","perlucidus","adjective","perlucidus","Revelation","21","21"
"latin","permaneo","verb","permaneo","Matthew","24","13"
"latin","permissus","noun","permissus","Acts","26","12"
"latin","permitto","verb","permitto","Matthew","8","21"
"latin","permundo","verb","permundo","Matthew","3","12"
"latin","pernocto","verb","pernocto","Luke","6","12"
"latin","perperam","adverb","perperam","I_Corinthians","13","4"
"latin","perpetior","verb","perpetior","Mark","5","26"
"latin","persecutio","noun","persecutio","Matthew","5","10"
"latin","persequor","verb","persequor","Matthew","5","11"
"latin","persevero","verb","persevero","Matthew","10","22"
"latin","persona","noun","persona","Matthew","22","16"
"latin","perspicio","verb","perspicio","Luke","6","42"
"latin","persuadeo","verb","persuadeo","Matthew","27","20"
"latin","persuasibilis","adjective","persuasibilis","I_Corinthians","2","4"
"latin","persuasio","noun","persuasio","Galatians","5","8"
"latin","pertineo","verb","pertineo","Mark","4","38"
"latin","pertingo","verb","pertingo","II_Corinthians","10","13"
"latin","pertranseo","verb","pertranseo","Luke","2","35"
"latin","pervenio","verb","pervenio","Matthew","12","28"
"latin","perversus","adjective","perversus","Matthew","17","17"
"latin","perverto","verb","perverto","Philippians","2","15"
"latin","pes","noun","pes","Matthew","4","6"
"latin","pestifer","adjective","pestifer","Acts","24","5"
"latin","pestilentia","noun","pestilentia","Matthew","24","7"
"latin","petitio","noun","petitio","Luke","23","24"
"latin","peto","verb","peto","Matthew","5","42"
"latin","petra","noun","petra","Matthew","7","24"
"latin","petrosa","noun","petrosa","Matthew","13","5"
"latin","philosophia","noun","philosophia","Colossians","2","8"
"latin","philosophus","noun","philosophus","Acts","17","18"
"latin","phylacterium","noun","phylacterium","Matthew","23","5"
"latin","pietas","noun","pietas","Acts","3","12"
"latin","piger","adjective","piger","Matthew","25","26"
"latin","pignus","noun","pignus","II_Corinthians","1","22"
"latin","pigritor","verb","pigritor","Acts","9","38"
"latin","pilus","noun","pilus","Matthew","3","4"
"latin","pinguido","noun","pinguido","Romans","11","17"
"latin","pinguis","adjective","pinguis","Revelation","18","14"
"latin","pinna","noun","pinna","Luke","4","9"
"latin","pinnaculum","noun","pinnaculum","Matthew","4","5"
"latin","piscator","noun","piscator","Matthew","4","18"
"latin","pisciculus","noun","pisciculus","Matthew","15","34"
"latin","piscina","noun","piscina","John","5","2"
"latin","piscis","noun","piscis","Matthew","7","10"
"latin","piscor","verb","piscor","John","21","3"
"latin","pisticus","adjective","pisticus","John","12","3"
"latin","pius","adjective","pius","Revelation","15","4"
"latin","placeo","verb","placeo","Matthew","11","26"
"latin","placitus","adjective","placitus","Ephesians","1","9"
"latin","plaga","noun","plaga","Mark","3","10"
"latin","planctus","noun","planctus","Acts","8","2"
"latin","plango","verb","plango","Matthew","11","17"
"latin","planta","noun","planta","Acts","3","7"
"latin","plantatio","noun","plantatio","Matthew","15","13"
"latin","planto","verb","planto","Matthew","15","13"
"latin","planus","adjective","planus","Luke","3","5"
"latin","platea","noun","platea","Matthew","6","5"
"latin","plebs","noun","plebs","Matthew","27","64"
"latin","plecto","verb","plecto","Matthew","27","29"
"latin","plene","adverb","plene","Romans","4","21"
"latin","plenitudo","noun","plenitudo","Matthew","9","16"
"latin","plenus","adjective","plenus","Matthew","14","20"
"latin","plico","verb","plico","Luke","4","20"
"latin","ploratus","noun","ploratus","Matthew","2","18"
"latin","ploro","verb","ploro","Matthew","2","18"
"latin","pluo","verb","pluo","Matthew","5","45"
"latin","pluvia","noun","pluvia","Matthew","7","25"
"latin","poculum","noun","poculum","Revelation","17","4"
"latin","poderes","noun","poderes","Revelation","1","13"
"latin","poena","noun","poena","II_Thessalonians","1","9"
"latin","poeta","noun","poeta","Acts","17","28"
"latin","polliceor","verb","polliceor","Matthew","14","7"
"latin","polluo","verb","polluo","I_Corinthians","8","7"
"latin","pomum","noun","pomum","Revelation","18","14"
"latin","pondus","noun","pondus","Matthew","20","12"
"latin","pono","verb","pono","Matthew","3","10"
"latin","pontifex","noun","pontifex","Mark","15","11"
"latin","populus","noun","populus","Matthew","1","21"
"latin","porcus","noun","porcus","Matthew","7","6"
"latin","porrigo","verb","porrigo","Matthew","7","9"
"latin","porro","adverb","porro","Matthew","8","27"
"latin","porta","noun","porta","Matthew","7","13"
"latin","portentum","noun","portentum","Mark","13","22"
"latin","porticus","noun","porticus","John","5","2"
"latin","portio","noun","portio","Luke","15","12"
"latin","porto","verb","porto","Matthew","3","11"
"latin","portus","noun","portus","Acts","27","8"
"latin","posco","verb","posco","John","4","9"
"latin","possessio","noun","possessio","Matthew","19","22"
"latin","possessor","noun","possessor","Acts","4","34"
"latin","possibilis","adjective","possibilis","Matthew","19","26"
"latin","possideo","verb","possideo","Matthew","5","4"
"latin","possido","verb","possido","Matthew","10","9"
"latin","possum","verb","possum","Matthew","3","9"
"latin","post","preposition","post","Matthew","1","12"
"latin","postea","adverb","postea","Matthew","4","2"
"latin","posteaquam","subjunction","posteaquam","Mark","14","28"
"latin","posterus","adjective","posterus","Acts","10","9"
"latin","postquam","subjunction","postquam","Matthew","26","32"
"latin","postulo","verb","postulo","Matthew","14","7"
"latin","potator","noun","potator","Matthew","11","19"
"latin","potens","adjective","potens","Luke","24","19"
"latin","potentia","noun","potentia","Luke","1","51"
"latin","potestas","noun","potestas","Matthew","7","29"
"latin","potiono","verb","potiono","Revelation","14","8"
"latin","potis","adjective","potis","Philippians","1","10"
"latin","potius","adverb","potius","Matthew","10","6"
"latin","poto","verb","poto","I_Corinthians","3","2"
"latin","potus","noun","potus","Matthew","10","42"
"latin","pr(eh)endo","verb","prendo","John","10","39"
"latin","prae","preposition","prae","Matthew","13","44"
"latin","praebeo","verb","praebeo","Matthew","5","39"
"latin","praecedo","verb","praecedo","Matthew","14","22"
"latin","praecello","verb","praecello","Romans","3","9"
"latin","praeceps","noun","praeceps","Matthew","8","32"
"latin","praeceptor","noun","praeceptor","Luke","5","5"
"latin","praeceptum","noun","praeceptum","Mark","7","7"
"latin","praecessor","noun","praecessor","Luke","22","26"
"latin","praecingo","verb","praecingo","Luke","12","35"
"latin","praecipio","verb","praecipio","Matthew","1","24"
"latin","praecipito","verb","praecipito","Mark","5","13"
"latin","praecipua","noun","praecipua","Hebrews","7","4"
"latin","praecogito","verb","praecogito","Mark","13","11"
"latin","praecurro","verb","praecurro","Luke","19","4"
"latin","praedestino","verb","praedestino","Romans","1","4"
"latin","praedicatio","noun","praedicatio","Matthew","12","41"
"latin","praedico I","verb","praedico","Matthew","3","1"
"latin","praedico II","verb","praedico","Matthew","24","25"
"latin","praedium","noun","praedium","Mark","14","32"
"latin","praeeo","verb","praeeo","Mark","11","9"
"latin","praefinio","verb","praefinio","Galatians","4","2"
"latin","praefinitio","noun","praefinitio","Ephesians","3","11"
"latin","praegnas","adjective","praegnas","Matthew","24","19"
"latin","praegredior","verb","praegredior","Mark","2","23"
"latin","praemeditor","verb","praemeditor","Luke","21","14"
"latin","praemitto","verb","praemitto","Titus","3","13"
"latin","praemoneo","verb","praemoneo","Matthew","14","8"
"latin","praenuntio","verb","praenuntio","Acts","3","18"
"latin","praeordino","verb","praeordino","Acts","10","41"
"latin","praeparatio","noun","praeparatio","Ephesians","6","15"
"latin","praeparo","verb","praeparo","Matthew","11","10"
"latin","praepositus","noun","praepositus","Acts","7","10"
"latin","praeputium","noun","praeputium","Acts","11","3"
"latin","praescientia","noun","praescientia","Acts","2","23"
"latin","praescio","verb","praescio","Acts","26","5"
"latin","praescribo","verb","praescribo","Jude","1","4"
"latin","praesens","adjective","praesens","Acts","25","16"
"latin","praesentia","noun","praesentia","I_Corinthians","16","17"
"latin","praesepium","noun","praesepium","Luke","2","7"
"latin","praeses","noun","praeses","Matthew","10","18"
"latin","praesto","adverb","praesto","Acts","24","19"
"latin","praesto","verb","praesto","Matthew","15","14"
"latin","praesum","verb","praesum","Romans","12","8"
"latin","praesumo","verb","praesumo","I_Corinthians","11","21"
"latin","praeter","preposition","praeter","Mark","11","13"
"latin","praetereo","verb","praetereo","Matthew","5","18"
"latin","praetergredior","verb","praetergredior","Mark","9","29"
"latin","praeteritus","adjective","praeteritus","Acts","14","15"
"latin","praeterquam","adverb","praeterquam","Acts","27","22"
"latin","praetorium","noun","praetorium","Matthew","27","27"
"latin","praevaleo","verb","praevaleo","Matthew","16","18"
"latin","praevaricatio","noun","praevaricatio","Romans","2","23"
"latin","praevaricator","noun","praevaricator","Romans","2","25"
"latin","praevaricor","verb","praevaricor","Acts","1","25"
"latin","praevenio","verb","praevenio","Matthew","17","25"
"latin","prandeo","verb","prandeo","Luke","11","37"
"latin","prandium","noun","prandium","Matthew","22","4"
"latin","pravus","adjective","pravus","Luke","3","5"
"latin","precor","verb","precor","Acts","8","24"
"latin","premo","verb","premo","Luke","21","25"
"latin","presbyter","noun","presbyter","Acts","14","22"
"latin","pressura","noun","pressura","Luke","21","23"
"latin","pretiosus","adjective","pretiosus","Matthew","13","46"
"latin","pretium","noun","pretium","Matthew","27","6"
"latin","primatus","noun","primatus","Colossians","1","18"
"latin","primitiae","noun","primitiae","Romans","8","23"
"latin","primitivus","adjective","primitivus","Romans","16","5"
"latin","primo","adverb","primo","Matthew","20","1"
"latin","primogenitus","adjective","primogenitus","Matthew","1","25"
"latin","primum","adverb","primum","Matthew","6","33"
"latin","primus","ordinal_numeral","primus","Matthew","10","2"
"latin","princeps","adjective","princeps","Revelation","1","5"
"latin","princeps","noun","princeps","Matthew","2","4"
"latin","principalis","adjective","principalis","Acts","25","23"
"latin","principatus","noun","principatus","Luke","20","20"
"latin","principium","noun","principium","Luke","1","3"
"latin","principor","verb","principor","Mark","10","42"
"latin","prior","adjective","prior","Matthew","12","45"
"latin","pristinus","adjective","pristinus","Ephesians","4","22"
"latin","prius","adverb","prius","Matthew","5","24"
"latin","priusquam","subjunction","priusquam","Matthew","26","75"
"latin","pro","preposition","pro","Matthew","2","22"
"latin","probaticus","adjective","probaticus","John","5","2"
"latin","probatio","noun","probatio","Romans","5","4"
"latin","probo","verb","probo","Luke","12","56"
"latin","probus","adjective","probus","Romans","16","10"
"latin","procedo","verb","procedo","Matthew","4","4"
"latin","procella","noun","procella","Mark","4","37"
"latin","procido","verb","procido","Matthew","2","11"
"latin","proconsul","noun","proconsul","Acts","13","7"
"latin","procumbo","verb","procumbo","Mark","1","7"
"latin","procurator","noun","procurator","Matthew","20","8"
"latin","procuro","verb","procuro","Luke","3","1"
"latin","procurro","verb","procurro","Mark","10","17"
"latin","prodeo","verb","prodeo","John","11","44"
"latin","prodigium","noun","prodigium","Matthew","24","24"
"latin","proditor","noun","proditor","Luke","6","16"
"latin","prodo","verb","prodo","Mark","14","10"
"latin","produco","verb","produco","Mark","4","29"
"latin","proelior","verb","proelior","Revelation","12","7"
"latin","proelium","noun","proelium","Matthew","24","6"
"latin","profecto","adverb","profecto","Luke","11","20"
"latin","profectus","noun","profectus","Philippians","1","12"
"latin","profero","verb","profero","Matthew","12","35"
"latin","professio","noun","professio","Acts","5","37"
"latin","proficio","verb","proficio","Matthew","27","24"
"latin","proficiscor","verb","proficiscor","Matthew","21","33"
"latin","profiteor","verb","profiteor","Luke","2","3"
"latin","profluvium","noun","profluvium","Mark","5","25"
"latin","profugio","verb","profugio","Mark","14","52"
"latin","profundum","noun","profundum","Matthew","18","6"
"latin","profundus","adjective","profundus","I_Corinthians","2","10"
"latin","progenies","noun","progenies","Matthew","3","7"
"latin","progredior","verb","progredior","Matthew","26","39"
"latin","prohibeo","verb","prohibeo","Matthew","3","14"
"latin","prohibitio","noun","prohibitio","Acts","28","31"
"latin","proicio","verb","proicio","Matthew","5","29"
"latin","proles","noun","proles","Acts","19","35"
"latin","prolixe","adverb","prolixe","Luke","22","43"
"latin","prolixus","adjective","prolixus","Mark","12","40"
"latin","promissio","noun","promissio","Acts","1","4"
"latin","promissum","noun","promissum","Luke","24","49"
"latin","promitto","verb","promitto","Mark","14","11"
"latin","promptus","adjective","promptus","Matthew","26","41"
"latin","promptus","noun","promptus","II_Corinthians","10","6"
"latin","pronuntio","verb","pronuntio","I_Corinthians","14","25"
"latin","prope","adjective","prope","Romans","13","11"
"latin","prope","adverb","prope","Matthew","24","32"
"latin","propello","verb","propello","Acts","19","33"
"latin","propero","verb","propero","Luke","8","4"
"latin","propheta","noun","propheta","Matthew","1","22"
"latin","prophetatio","noun","prophetatio","I_Corinthians","12","10"
"latin","prophetia","noun","prophetia","Matthew","13","14"
"latin","prophetissa","noun","prophetissa","Luke","2","36"
"latin","prophetizo","verb","prophetizo","Matthew","26","68"
"latin","propheto","verb","propheto","Matthew","7","22"
"latin","propitiatio","noun","propitiatio","Romans","3","25"
"latin","propitius","adjective","propitius","Luke","18","13"
"latin","propono","verb","propono","Matthew","13","24"
"latin","propositio","noun","propositio","Matthew","12","4"
"latin","propositum","noun","propositum","Acts","11","23"
"latin","proprius","adjective","proprius","Matthew","25","15"
"latin","propter","preposition","propter","Matthew","5","10"
"latin","propterea","adverb","propterea","Mark","6","14"
"latin","prora","noun","prora","Acts","27","41"
"latin","proscribo","verb","proscribo","Galatians","3","1"
"latin","proselytus","noun","proselytus","Matthew","23","15"
"latin","prosperus","adjective","prosperus","Romans","1","10"
"latin","prospicio","verb","prospicio","John","20","11"
"latin","prosterno","verb","prosterno","Luke","19","44"
"latin","prostitutio","noun","prostitutio","Revelation","17","2"
"latin","prosum","verb","prosum","Matthew","15","5"
"latin","protestor","verb","protestor","John","13","21"
"latin","protinus","adverb","protinus","Mark","1","18"
"latin","protraho","verb","protraho","Acts","20","7"
"latin","prout","relative_adverb","prout","Mark","4","33"
"latin","proventus","noun","proventus","I_Corinthians","10","13"
"latin","proverbium","noun","proverbium","John","10","6"
"latin","providentia","noun","providentia","Acts","24","2"
"latin","provideo","verb","provideo","Acts","2","25"
"latin","provincia","noun","provincia","Acts","23","34"
"latin","provoco","verb","provoco","Romans","11","14"
"latin","provolvo","verb","provolvo","Matthew","17","14"
"latin","proximum","noun","proximum","Matthew","5","43"
"latin","proximus","adjective","proximus","Mark","1","38"
"latin","prudens","adjective","prudens","Matthew","10","16"
"latin","prudenter","adverb","prudenter","Luke","16","8"
"latin","prudentia","noun","prudentia","Luke","1","17"
"latin","pruna","noun","pruna","John","18","18"
"latin","prurio","verb","prurio","II_Timothy","4","3"
"latin","psallo","verb","psallo","I_Corinthians","14","15"
"latin","psalmus","noun","psalmus","Luke","20","42"
"latin","pseudoapostolus","noun","pseudoapostolus","II_Corinthians","11","13"
"latin","pseudochristus","noun","pseudochristus","Matthew","24","24"
"latin","pseudopropheta","noun","pseudopropheta","Matthew","24","11"
"latin","publicanus","noun","publicanus","Matthew","5","46"
"latin","publice","adverb","publice","Acts","16","37"
"latin","publicus","adjective","publicus","Acts","5","18"
"latin","pudicus","adjective","pudicus","Philippians","4","8"
"latin","puella","noun","puella","Matthew","9","24"
"latin","puer","noun","puer","Matthew","2","8"
"latin","pugillaris","noun","pugillaris","Luke","1","63"
"latin","pugna","noun","pugna","II_Corinthians","7","5"
"latin","pugno","verb","pugno","Acts","23","9"
"latin","pullus","noun","pullus","Matthew","21","2"
"latin","pulmentarium","noun","pulmentarium","John","21","5"
"latin","pulso","verb","pulso","Matthew","7","7"
"latin","pulvis","noun","pulvis","Matthew","10","14"
"latin","pungo","verb","pungo","Revelation","1","7"
"latin","punio","verb","punio","Acts","4","21"
"latin","puppis","noun","puppis","Mark","4","38"
"latin","purgamentum","noun","purgamentum","I_Corinthians","4","13"
"latin","purgatio","noun","purgatio","Luke","2","22"
"latin","purgo","verb","purgo","Mark","7","19"
"latin","purificatio","noun","purificatio","John","2","6"
"latin","purifico","verb","purifico","Acts","10","15"
"latin","purpura","noun","purpura","Mark","15","17"
"latin","purpuraria","noun","purpuraria","Acts","16","14"
"latin","purpureus","adjective","purpureus","John","19","2"
"latin","pusillianimis","adjective","pusillianimis","I_Thessalonians","5","14"
"latin","pusillum","adverb","pusillum","Matthew","26","39"
"latin","pusillus","adjective","pusillus","Matthew","18","6"
"latin","puteus","noun","puteus","Luke","14","5"
"latin","puto","verb","puto","Matthew","5","17"
"latin","pyra","noun","pyra","Acts","28","2"
"latin","quadrageni","adjective","quadrageni","II_Corinthians","11","24"
"latin","quadraginta","cardinal_numeral","quadraginta","Matthew","4","2"
"latin","quadraginta duo","cardinal_numeral","quadraginta duo","Revelation","11","2"
"latin","quadrans","noun","quadrans","Mark","12","42"
"latin","quadriduanus","adjective","quadriduanus","John","11","39"
"latin","quadringenti","cardinal_numeral","quadringenti","Acts","5","36"
"latin","quadrum","noun","quadrum","Revelation","21","16"
"latin","quadrupedius","adjective","quadrupedius","Acts","11","6"
"latin","quadrupes","noun","quadrupes","Acts","10","12"
"latin","quadruplus","adjective","quadruplus","Luke","19","8"
"latin","quaero","verb","quaero","Matthew","2","13"
"latin","quaestio","noun","quaestio","John","3","25"
"latin","quaestus","noun","quaestus","Acts","16","16"
"latin","qualis","interrogative_pronoun","qualis","Matthew","8","27"
"latin","qualis","relative_pronoun","qualis","Matthew","24","21"
"latin","qualiter","interrogative_adverb","qualiter","Mark","5","16"
"latin","quam","interrogative_adverb","quam","Mark","10","23"
"latin","quam","subjunction","quam","Galatians","2","12"
"latin","quam I","adverb","quam","Matthew","5","20"
"latin","quam II","adverb","quam","Matthew","7","14"
"latin","quam III","adverb","quam","Acts","17","15"
"latin","quamdiu","interrogative_adverb","quamdiu","Mark","9","18"
"latin","quamdiu","relative_adverb","quamdiu","Matthew","9","15"
"latin","quamquam","subjunction","quamquam","John","4","2"
"latin","quamvis","subjunction","quamvis","Acts","17","27"
"latin","quando","interrogative_adverb","quando","Matthew","24","3"
"latin","quando","relative_adverb","quando","Matthew","12","3"
"latin","quandrans","noun","quandrans","Matthew","5","26"
"latin","quanto","interrogative_adverb","quanto","Matthew","6","30"
"latin","quanto","relative_adverb","quanto","Mark","7","36"
"latin","quantum","interrogative_adverb","quantum","Luke","16","5"
"latin","quantum","relative_adverb","quantum","Luke","22","41"
"latin","quantus","adjective","quantus","Revelation","18","7"
"latin","quantus","interrogative_pronoun","quantus","Matthew","6","23"
"latin","quantus","relative_pronoun","quantus","Mark","2","19"
"latin","quapropter","relative_adverb","quapropter","Acts","20","26"
"latin","quare","interrogative_adverb","quare","Matthew","9","11"
"latin","quartanus","adjective","quartanus","Acts","10","30"
"latin","quartus","ordinal_numeral","quartus","Matthew","14","25"
"latin","quartusdecimus","ordinal_numeral","quartusdecimus","Acts","27","27"
"latin","quasi","adverb","quasi","Mark","1","22"
"latin","quasi","subjunction","quasi","Luke","16","1"
"latin","quasso","verb","quasso","Matthew","12","20"
"latin","quaternio","noun","quaternio","Acts","12","4"
"latin","quattuor","cardinal_numeral","quattuor","Matthew","15","38"
"latin","quattuordecim","cardinal_numeral","quattuordecim","Matthew","1","17"
"latin","que","conjunction","que","Matthew","5","15"
"latin","quemadmodum","adverb","quemadmodum","Luke","13","34"
"latin","quemadmodum","interrogative_adverb","quemadmodum","Luke","8","47"
"latin","quemadmodum","relative_adverb","quemadmodum","Matthew","23","37"
"latin","querela","noun","querela","Luke","1","6"
"latin","queror","verb","queror","Romans","9","19"
"latin","qui","indefinite_pronoun","qui","Acts","25","5"
"latin","qui","interrogative_pronoun","qui","Matthew","5","46"
"latin","qui","relative_pronoun","qui","Matthew","1","6"
"latin","quia","adverb","quia","Matthew","11","21"
"latin","quia","subjunction","quia","Matthew","2","18"
"latin","quicumque","indefinite_pronoun","quicumque","Matthew","19","3"
"latin","quicumque","relative_pronoun","quicumque","Matthew","5","31"
"latin","quidam","indefinite_pronoun","quidam","Matthew","9","3"
"latin","quidem","adverb","quidem","Matthew","3","11"
"latin","quies","noun","quies","I_Thessalonians","4","11"
"latin","quiesco","verb","quiesco","Acts","21","14"
"latin","quilibet","indefinite_pronoun","quilibet","Acts","19","11"
"latin","quindecim","cardinal_numeral","quindecim","John","11","18"
"latin","quingenti","cardinal_numeral","quingenti","Luke","7","41"
"latin","quinquageni","adjective","quinquageni","Mark","6","40"
"latin","quinquaginta","cardinal_numeral","quinquaginta","Luke","7","41"
"latin","quinque","cardinal_numeral","quinque","Matthew","14","17"
"latin","quinquiens","adverb","quinquiens","II_Corinthians","11","24"
"latin","quintus","ordinal_numeral","quintus","Revelation","6","9"
"latin","quintusdecimus","ordinal_numeral","quintusdecimus","Luke","3","1"
"latin","quippe","adverb","quippe","Matthew","5","18"
"latin","quippini","adverb","quippini","Luke","11","28"
"latin","quis","indefinite_pronoun","quis","Matthew","5","39"
"latin","quis","interrogative_pronoun","quis","Matthew","3","7"
"latin","quis","relative_pronoun","quis","Mark","9","8"
"latin","quisnam","interrogative_pronoun","quisnam","Mark","1","27"
"latin","quispiam","indefinite_pronoun","quispiam","Mark","15","21"
"latin","quisquam","indefinite_pronoun","quisquam","Matthew","12","29"
"latin","quisque","indefinite_pronoun","quisque","Mark","10","15"
"latin","quisquis","relative_pronoun","quisquis","Mark","6","23"
"latin","quo","interrogative_adverb","quo","Mark","14","12"
"latin","quo","relative_adverb","quo","Luke","10","1"
"latin","quoadusque","subjunction","quoadusque","Matthew","18","34"
"latin","quocumque","relative_adverb","quocumque","Matthew","8","19"
"latin","quod","subjunction","quod","Matthew","2","22"
"latin","quod I","adverb","quod","Matthew","18","17"
"latin","quod II","adverb","quod","Acts","23","16"
"latin","quominus","adverb","quominus","John","14","2"
"latin","quominus","subjunction","quominus","Acts","20","20"
"latin","quomodo","interrogative_adverb","quomodo","Matthew","6","28"
"latin","quomodo","relative_adverb","quomodo","John","14","27"
"latin","quoniam","adverb","quoniam","Matthew","11","26"
"latin","quoniam","subjunction","quoniam","Matthew","2","16"
"latin","quoque","adverb","quoque","Luke","14","34"
"latin","quot","interrogative_adverb","quot","Matthew","15","34"
"latin","quotiens","interrogative_adverb","quotiens","Matthew","18","21"
"latin","quotienscumque","relative_adverb","quotienscumque","I_Corinthians","11","25"
"latin","quotquot","relative_adverb","quotquot","Mark","3","10"
"latin","quousque","interrogative_adverb","quousque","Matthew","17","17"
"latin","rabbi","noun","rabbi","Matthew","23","7"
"latin","rabboni","noun","rabboni","Mark","10","51"
"latin","racha","foreign_word","racha","Matthew","5","22"
"latin","radico","verb","radico","Ephesians","3","17"
"latin","radix","noun","radix","Matthew","3","10"
"latin","rado","verb","rado","Acts","21","24"
"latin","raeda","noun","raeda","Revelation","18","13"
"latin","ramus","noun","ramus","Matthew","13","32"
"latin","rana","noun","rana","Revelation","16","13"
"latin","rapax","adjective","rapax","Matthew","7","15"
"latin","rapina","noun","rapina","Matthew","23","25"
"latin","rapio","verb","rapio","Matthew","11","12"
"latin","raptor","noun","raptor","Luke","18","11"
"latin","ratio","noun","ratio","Matthew","12","36"
"latin","rationabilis","adjective","rationabilis","Romans","12","1"
"latin","recedo","verb","recedo","Matthew","2","13"
"latin","recipio","verb","recipio","Matthew","6","2"
"latin","reclino","verb","reclino","Matthew","8","20"
"latin","reconciliatio","noun","reconciliatio","Romans","5","11"
"latin","reconcilio","verb","reconcilio","Matthew","5","24"
"latin","recondo","verb","recondo","I_Corinthians","16","2"
"latin","recordor","verb","recordor","Matthew","5","23"
"latin","recte","adverb","recte","Mark","7","35"
"latin","rector","noun","rector","Ephesians","6","12"
"latin","rectus","adjective","rectus","Matthew","3","3"
"latin","recubitus","noun","recubitus","Matthew","23","6"
"latin","recumbo","verb","recumbo","Matthew","8","11"
"latin","recuso","verb","recuso","Acts","25","11"
"latin","redaedifico","verb","redaedifico","Matthew","27","40"
"latin","redarguo","verb","redarguo","Ephesians","5","11"
"latin","redargutio","noun","redargutio","Acts","19","27"
"latin","reddo","verb","reddo","Matthew","5","26"
"latin","redemptio","noun","redemptio","Matthew","20","28"
"latin","redemptor","noun","redemptor","Acts","7","35"
"latin","redeo","verb","redeo","Matthew","2","12"
"latin","redigo","verb","redigo","Acts","5","36"
"latin","redimo","verb","redimo","Luke","24","21"
"latin","reduco","verb","reduco","Luke","5","3"
"latin","reemo","verb","reemo","Revelation","5","9"
"latin","refectio","noun","refectio","Mark","14","14"
"latin","refero","verb","refero","Matthew","27","3"
"latin","reficio","verb","reficio","Matthew","4","21"
"latin","refloresco","verb","refloresco","Philippians","4","10"
"latin","reformo","verb","reformo","Romans","12","2"
"latin","refrigerium","noun","refrigerium","Acts","3","20"
"latin","refrigero","verb","refrigero","Luke","16","24"
"latin","refrigesco","verb","refrigesco","Matthew","24","12"
"latin","refulgeo","verb","refulgeo","Luke","9","29"
"latin","regeneratio","noun","regeneratio","Matthew","19","28"
"latin","regina","noun","regina","Matthew","12","42"
"latin","regio","noun","regio","Matthew","2","12"
"latin","regius","adjective","regius","Acts","12","21"
"latin","regno","verb","regno","Matthew","2","22"
"latin","regnum","noun","regnum","Matthew","3","2"
"latin","rego","verb","rego","Matthew","2","6"
"latin","regredior","verb","regredior","Luke","2","45"
"latin","regula","noun","regula","II_Corinthians","10","13"
"latin","regulus","noun","regulus","John","4","46"
"latin","reicio","verb","reicio","Mark","14","52"
"latin","reinvito","verb","reinvito","Luke","14","12"
"latin","religio","noun","religio","Acts","26","5"
"latin","religiosus","adjective","religiosus","Acts","2","5"
"latin","relinquo","verb","relinquo","Matthew","4","11"
"latin","reliquiae","noun","reliquiae","Matthew","14","20"
"latin","reliquus","adjective","reliquus","Matthew","22","6"
"latin","remaneo","verb","remaneo","Luke","2","43"
"latin","remetior","verb","remetior","Mark","4","24"
"latin","remigo","verb","remigo","Mark","6","48"
"latin","reminisco","verb","reminisco","II_Corinthians","7","15"
"latin","reminiscor","verb","reminiscor","John","16","4"
"latin","remisse","adverb","remisse","Matthew","11","22"
"latin","remissio","noun","remissio","Matthew","26","28"
"latin","remitto","verb","remitto","Matthew","5","40"
"latin","remuneratio","noun","remuneratio","II_Corinthians","6","13"
"latin","renes","noun","renes","Revelation","2","23"
"latin","reno","verb","reno","John","3","5"
"latin","renovatio","noun","renovatio","Titus","3","5"
"latin","renovo","verb","renovo","II_Corinthians","4","16"
"latin","renuntio","verb","renuntio","Matthew","2","8"
"latin","repello","verb","repello","Acts","7","27"
"latin","repente","adverb","repente","Mark","13","36"
"latin","repentinus","adjective","repentinus","Luke","21","34"
"latin","repeto","verb","repeto","Luke","6","30"
"latin","repleo","verb","repleo","Luke","1","15"
"latin","repletus","adjective","repletus","Romans","1","29"
"latin","repono","verb","repono","Luke","19","20"
"latin","repr(eh)endo","verb","reprendo","Luke","20","26"
"latin","reprehensibilis","adjective","reprehensibilis","Galatians","2","11"
"latin","reprehensio","noun","reprehensio","Philippians","2","15"
"latin","reprobo","verb","reprobo","Matthew","21","42"
"latin","reprobus","adjective","reprobus","Romans","1","28"
"latin","repromissio","noun","repromissio","Acts","2","39"
"latin","repromitto","verb","repromitto","Acts","7","5"
"latin","reptile","noun","reptile","Acts","11","6"
"latin","repudium","noun","repudium","Matthew","5","31"
"latin","repugno","verb","repugno","Acts","5","39"
"latin","reputo","verb","reputo","Mark","15","28"
"latin","requaero","verb","requaero","Acts","12","19"
"latin","requies","noun","requies","Matthew","11","29"
"latin","requiesco","verb","requiesco","Matthew","26","45"
"latin","requietio","noun","requietio","Acts","7","49"
"latin","requiro","verb","requiro","Luke","2","44"
"latin","res","noun","res","Matthew","18","19"
"latin","rescindo","verb","rescindo","Mark","7","13"
"latin","rescio","verb","rescio","Acts","22","29"
"latin","reservo","verb","reservo","Jude","1","6"
"latin","resideo","verb","resideo","Mark","9","34"
"latin","residuus","adjective","residuus","I_Thessalonians","4","15"
"latin","resisto","verb","resisto","Matthew","5","39"
"latin","resolutio","noun","resolutio","II_Timothy","4","6"
"latin","respicio","verb","respicio","Matthew","6","26"
"latin","resplendeo","verb","resplendeo","Matthew","17","2"
"latin","respondeo","verb","respondeo","Matthew","3","15"
"latin","responsum","noun","responsum","Matthew","2","12"
"latin","restituo","verb","restituo","Matthew","12","13"
"latin","restitutio","noun","restitutio","Acts","3","21"
"latin","resto","verb","resto","Galatians","2","11"
"latin","resurgo","verb","resurgo","Matthew","11","5"
"latin","resurrectio","noun","resurrectio","Matthew","22","23"
"latin","resuscito","verb","resuscito","Mark","12","19"
"latin","rete","noun","rete","Matthew","4","18"
"latin","retineo","verb","retineo","Luke","8","15"
"latin","retribuo","verb","retribuo","Luke","14","14"
"latin","retributio","noun","retributio","Luke","4","19"
"latin","retro","adverb","retro","Matthew","9","20"
"latin","retro","preposition","retro","Mark","8","33"
"latin","retrorsus","adverb","retrorsus","John","18","6"
"latin","reus","noun","reus","Matthew","5","21"
"latin","revelatio","noun","revelatio","Luke","2","32"
"latin","revelo","verb","revelo","Matthew","10","26"
"latin","reverentia","noun","reverentia","I_Corinthians","15","34"
"latin","revereor","verb","revereor","Mark","12","6"
"latin","revertor","verb","revertor","Matthew","2","12"
"latin","revinco","verb","revinco","Acts","18","28"
"latin","revivo","verb","revivo","Luke","15","24"
"latin","revoco","verb","revoco","Romans","10","7"
"latin","revolvo","verb","revolvo","Matthew","28","2"
"latin","rex","noun","rex","Matthew","1","5"
"latin","rideo","verb","rideo","Luke","6","21"
"latin","rigo","verb","rigo","Luke","7","38"
"latin","rixa","noun","rixa","Galatians","5","20"
"latin","rogo","verb","rogo","Matthew","8","5"
"latin","romphea","noun","romphea","Revelation","2","12"
"latin","ruber","adjective","ruber","Acts","7","36"
"latin","rubicundus","adjective","rubicundus","Matthew","16","2"
"latin","rubor","noun","rubor","Luke","14","9"
"latin","rubus","noun","rubus","Mark","12","26"
"latin","rudis","adjective","rudis","Matthew","9","16"
"latin","rufus","adjective","rufus","Revelation","6","4"
"latin","ruga","noun","ruga","Ephesians","5","27"
"latin","rugio","verb","rugio","Revelation","10","3"
"latin","ruina","noun","ruina","Matthew","7","27"
"latin","rumor","noun","rumor","Mark","1","28"
"latin","rumpo","verb","rumpo","Matthew","9","17"
"latin","rursus","adverb","rursus","Matthew","4","7"
"latin","ruta","noun","ruta","Luke","11","42"
"latin","rutilo","verb","rutilo","Matthew","16","3"
"latin","s(e)orsum","adverb","sorsum","Matthew","14","13"
"latin","sabacthani","foreign_word","sabacthani","Matthew","27","46"
"latin","sabbatum","noun","sabbatum","Matthew","12","1"
"latin","sacculus","noun","sacculus","Luke","10","4"
"latin","saccus","noun","saccus","Revelation","6","12"
"latin","sacerdos","noun","sacerdos","Matthew","2","4"
"latin","sacerdotalis","adjective","sacerdotalis","Acts","4","6"
"latin","sacerdotium","noun","sacerdotium","Luke","1","8"
"latin","sacramentum","noun","sacramentum","Ephesians","1","9"
"latin","sacrarium","noun","sacrarium","I_Corinthians","9","13"
"latin","sacrificium","noun","sacrificium","Matthew","9","13"
"latin","sacrifico","verb","sacrifico","Acts","14","12"
"latin","sacrilegium","noun","sacrilegium","Romans","2","22"
"latin","sacrilegus","adjective","sacrilegus","Acts","19","37"
"latin","saecularis","adjective","saecularis","I_Corinthians","6","3"
"latin","saeculum","noun","saeculum","Matthew","12","32"
"latin","saepe","adverb","saepe","Mark","5","4"
"latin","saepelio","verb","saepelio","Acts","5","9"
"latin","saepes","noun","saepes","Matthew","21","33"
"latin","saevus","adjective","saevus","Matthew","8","28"
"latin","sagena","noun","sagena","Matthew","13","47"
"latin","sagino","verb","sagino","Luke","15","23"
"latin","sal","noun","sal","Matthew","5","13"
"latin","sal(l)io","verb","salio","Matthew","5","13"
"latin","salio","verb","salio","John","4","14"
"latin","saltem","adverb","saltem","Acts","5","15"
"latin","salto","verb","salto","Matthew","11","17"
"latin","salus","noun","salus","Luke","1","69"
"latin","salutare","noun","salutare","Luke","2","30"
"latin","salutaris","adjective","salutaris","Luke","1","47"
"latin","salutatio","noun","salutatio","Matthew","23","7"
"latin","saluto","verb","saluto","Matthew","5","47"
"latin","salvator","noun","salvator","Luke","2","11"
"latin","salvifico","verb","salvifico","John","12","27"
"latin","salvo","verb","salvo","Matthew","8","25"
"latin","salvus","adjective","salvus","Matthew","1","21"
"latin","sancte","adverb","sancte","I_Thessalonians","2","10"
"latin","sanctificatio","noun","sanctificatio","Romans","1","4"
"latin","sanctifico","verb","sanctifico","Matthew","6","9"
"latin","sanctitas","noun","sanctitas","Luke","1","75"
"latin","sanctor","noun","sanctor","Revelation","8","3"
"latin","sanctus","adjective","sanctus","Matthew","1","18"
"latin","sanctus","noun","sanctus","I_Corinthians","16","15"
"latin","sandalium","noun","sandalium","Mark","6","9"
"latin","sanguis","noun","sanguis","Matthew","9","20"
"latin","sanitas","noun","sanitas","Matthew","12","13"
"latin","sano","verb","sano","Matthew","4","23"
"latin","sanus","adjective","sanus","Mark","2","17"
"latin","sapiens","adjective","sapiens","Matthew","7","24"
"latin","sapiens","noun","sapiens","Matthew","23","34"
"latin","sapienter","adverb","sapienter","Mark","12","34"
"latin","sapientia","noun","sapientia","Matthew","11","19"
"latin","sapio","verb","sapio","Matthew","16","23"
"latin","sapphyrus","noun","sapphyrus","Revelation","21","19"
"latin","sarcina","noun","sarcina","Luke","11","46"
"latin","sardinus","adjective","sardinus","Revelation","4","3"
"latin","sardonix","noun","sardonix","Revelation","21","20"
"latin","sarmentum","noun","sarmentum","Acts","28","3"
"latin","sata","noun","sata","Matthew","12","1"
"latin","satago","verb","satago","Luke","10","40"
"latin","satio","verb","satio","Acts","27","38"
"latin","satis","adverb","satis","Luke","22","38"
"latin","satisfacio","verb","satisfacio","Mark","15","15"
"latin","satum","noun","satum","Matthew","13","33"
"latin","saturitas","noun","saturitas","Colossians","2","23"
"latin","saturo","verb","saturo","Matthew","5","6"
"latin","saxum","noun","saxum","Matthew","27","60"
"latin","scabillum","noun","scabillum","Matthew","5","35"
"latin","scandalizo","verb","scandalizo","Matthew","5","29"
"latin","scandalum","noun","scandalum","Matthew","13","41"
"latin","scapha","noun","scapha","Acts","27","16"
"latin","scenofactorius","adjective","scenofactorius","Acts","18","3"
"latin","scenopegia","noun","scenopegia","John","7","2"
"latin","schisma","noun","schisma","John","9","16"
"latin","scientia","noun","scientia","Luke","1","77"
"latin","scindo","verb","scindo","Matthew","26","65"
"latin","scio","verb","scio","Matthew","6","8"
"latin","sciscitor","verb","sciscitor","Matthew","2","4"
"latin","scissura","noun","scissura","Matthew","9","16"
"latin","scola","noun","scola","Acts","19","9"
"latin","scopa","noun","scopa","Matthew","12","44"
"latin","scorpio","noun","scorpio","Luke","10","19"
"latin","scorpios","noun","scorpios","Revelation","9","5"
"latin","scriba","noun","scriba","Matthew","2","4"
"latin","scribo","verb","scribo","Matthew","2","5"
"latin","scriptura","noun","scriptura","Matthew","21","42"
"latin","scrutor","verb","scrutor","John","5","39"
"latin","sculptura","noun","sculptura","Acts","17","29"
"latin","scutum","noun","scutum","Ephesians","6","16"
"latin","se","personal_reflexive_pronoun","se","Matthew","3","16"
"latin","secedo","verb","secedo","Matthew","2","22"
"latin","secessus","noun","secessus","Matthew","15","17"
"latin","secreto","adverb","secreto","Matthew","17","19"
"latin","secta","noun","secta","Acts","24","5"
"latin","secto","verb","secto","Romans","9","30"
"latin","sector","verb","sector","Luke","17","23"
"latin","secundo","adverb","secundo","Matthew","26","42"
"latin","secundoprimus","adjective","secundoprimus","Luke","6","1"
"latin","secundum","preposition","secundum","Matthew","2","16"
"latin","secundus","ordinal_numeral","secundus","Matthew","22","26"
"latin","securis","noun","securis","Matthew","3","10"
"latin","securitas","noun","securitas","I_Thessalonians","5","3"
"latin","securus","adjective","securus","Matthew","28","14"
"latin","secus","preposition","secus","Matthew","13","1"
"latin","sed","conjunction","sed","Matthew","4","4"
"latin","sedeo","verb","sedeo","Matthew","4","16"
"latin","sedes","noun","sedes","Matthew","19","28"
"latin","sedile","noun","sedile","Revelation","4","4"
"latin","seditio","noun","seditio","Mark","15","7"
"latin","seditiosus","adjective","seditiosus","Mark","15","7"
"latin","sedo","verb","sedo","Acts","14","17"
"latin","seduco","verb","seduco","Matthew","24","4"
"latin","seductio","noun","seductio","II_Thessalonians","2","10"
"latin","seductor","noun","seductor","Matthew","27","63"
"latin","segrego","verb","segrego","Matthew","25","32"
"latin","semel","adverb","semel","Romans","6","10"
"latin","semen","noun","semen","Matthew","13","24"
"latin","sementis","noun","sementis","Mark","4","26"
"latin","semicintium","noun","semicintium","Acts","19","12"
"latin","seminiverbius","adjective","seminiverbius","Acts","17","18"
"latin","semino","verb","semino","Matthew","13","3"
"latin","semita","noun","semita","Matthew","3","3"
"latin","semivivus","adjective","semivivus","Luke","10","30"
"latin","semper","adverb","semper","Matthew","18","10"
"latin","sempiternus","adjective","sempiternus","Matthew","21","19"
"latin","senecta","noun","senecta","Luke","1","36"
"latin","senesco","verb","senesco","John","21","18"
"latin","senex","adjective","senex","Matthew","15","2"
"latin","senex","noun","senex","Luke","1","18"
"latin","seni","adjective","seni","Revelation","4","8"
"latin","sensus","noun","sensus","Luke","24","45"
"latin","sententia","noun","sententia","Acts","26","10"
"latin","sentio","verb","sentio","Mark","5","29"
"latin","separatim","adverb","separatim","Mark","13","3"
"latin","separatio","noun","separatio","Luke","12","51"
"latin","separo","verb","separo","Matthew","10","35"
"latin","sepelio","verb","sepelio","Matthew","8","21"
"latin","septem","cardinal_numeral","septem","Matthew","12","45"
"latin","septiens","adverb","septiens","Matthew","18","21"
"latin","septimus","ordinal_numeral","septimus","Matthew","22","26"
"latin","septuagiens","adverb","septuagiens","Matthew","18","22"
"latin","septuaginta","cardinal_numeral","septuaginta","Acts","7","14"
"latin","septuaginta duo","cardinal_numeral","septuaginta duo","Luke","10","1"
"latin","sepulcrum","noun","sepulcrum","Matthew","23","27"
"latin","sepultura","noun","sepultura","Matthew","27","7"
"latin","sequens","adjective","sequens","Luke","13","33"
"latin","sequor","verb","sequor","Matthew","4","20"
"latin","serenus","adjective","serenus","Matthew","16","2"
"latin","sericum","noun","sericum","Revelation","18","12"
"latin","sermo","noun","sermo","Matthew","5","37"
"latin","sero","adverb","sero","Matthew","20","8"
"latin","sero","verb","sero","Matthew","6","26"
"latin","serpens","noun","serpens","Matthew","7","10"
"latin","serpo","verb","serpo","Acts","10","12"
"latin","servio","verb","servio","Matthew","4","10"
"latin","servitus","noun","servitus","Acts","7","6"
"latin","servo","verb","servo","Matthew","19","17"
"latin","servus","noun","servus","Matthew","8","9"
"latin","sescenti sexaginta sex","cardinal_numeral","sescenti sexaginta sex","Revelation","13","18"
"latin","severitas","noun","severitas","Romans","11","22"
"latin","sex","cardinal_numeral","sex","Matthew","17","1"
"latin","sexage(n)simus","ordinal_numeral","sexagesimus","Matthew","13","8"
"latin","sexaginta","cardinal_numeral","sexaginta","Matthew","13","23"
"latin","sextus","ordinal_numeral","sextus","Matthew","20","5"
"latin","si","interrogative_adverb","si","Luke","13","23"
"latin","si","subjunction","si","Matthew","4","3"
"latin","sic","adverb","sic","Matthew","1","18"
"latin","sicco","verb","sicco","Mark","5","29"
"latin","sicera","noun","sicera","Luke","1","15"
"latin","sicut","adverb","sicut","Matthew","3","16"
"latin","sicut","relative_adverb","sicut","Matthew","1","24"
"latin","sidus","noun","sidus","Acts","7","43"
"latin","sigillum","noun","sigillum","Revelation","5","1"
"latin","signaculum","noun","signaculum","Romans","4","11"
"latin","significo","verb","significo","John","12","33"
"latin","signo","verb","signo","Matthew","27","66"
"latin","signum","noun","signum","Matthew","12","38"
"latin","silentium","noun","silentium","Matthew","22","34"
"latin","sileo","verb","sileo","Luke","23","56"
"latin","siliqua","noun","siliqua","Luke","15","16"
"latin","silva","noun","silva","James","3","5"
"latin","silvestris","adjective","silvestris","Matthew","3","4"
"latin","simila","noun","simila","Revelation","18","13"
"latin","similis","adjective","similis","Matthew","7","26"
"latin","similiter","adverb","similiter","Matthew","20","5"
"latin","similitudo","noun","similitudo","Luke","4","23"
"latin","simplex","adjective","simplex","Matthew","6","22"
"latin","simplicitas","noun","simplicitas","Acts","2","46"
"latin","simul","adverb","simul","Matthew","13","29"
"latin","simulacrum","noun","simulacrum","Acts","7","41"
"latin","simulatio","noun","simulatio","Romans","12","9"
"latin","simulo","verb","simulo","Luke","20","20"
"latin","sin","adverb","sin","Luke","10","6"
"latin","sinapi","noun","sinapi","Matthew","13","31"
"latin","sincere","adverb","sincere","Philippians","1","17"
"latin","sinceritas","noun","sinceritas","I_Corinthians","5","8"
"latin","sincerus","adjective","sincerus","Philippians","1","10"
"latin","sindon","noun","sindon","Matthew","27","59"
"latin","sine","preposition","sine","Matthew","10","29"
"latin","singillatim","adverb","singillatim","Mark","14","19"
"latin","singularis","adjective","singularis","Mark","4","10"
"latin","singulus","adjective","singulus","Matthew","20","9"
"latin","sinister","adjective","sinister","Matthew","25","33"
"latin","sinistra","noun","sinistra","Matthew","6","3"
"latin","sino","verb","sino","Matthew","3","15"
"latin","sinus","noun","sinus","Luke","6","38"
"latin","siquidem","adverb","siquidem","Luke","20","33"
"latin","siquidem","subjunction","siquidem","Matthew","10","13"
"latin","sisto","verb","sisto","Luke","2","22"
"latin","sitio","verb","sitio","Matthew","5","6"
"latin","sitis","noun","sitis","II_Corinthians","11","27"
"latin","sive","conjunction","sive","Romans","6","16"
"latin","smaragdinus","adjective","smaragdinus","Revelation","4","3"
"latin","sobrietas","noun","sobrietas","Acts","26","25"
"latin","sobrius","adjective","sobrius","II_Corinthians","5","13"
"latin","socer","noun","socer","Matthew","8","14"
"latin","societas","noun","societas","I_Corinthians","1","9"
"latin","socius","noun","socius","Matthew","23","30"
"latin","socrus","noun","socrus","Matthew","10","35"
"latin","sol","noun","sol","Matthew","5","45"
"latin","solacium","noun","solacium","Romans","15","5"
"latin","soleo","verb","soleo","Mark","15","6"
"latin","solitudo","noun","solitudo","Mark","8","4"
"latin","sollemnis","adjective","sollemnis","Matthew","27","15"
"latin","sollicite","adverb","sollicite","Luke","7","4"
"latin","sollicito","verb","sollicito","I_Corinthians","12","25"
"latin","sollicitudo","noun","sollicitudo","Matthew","13","22"
"latin","sollicitus","adjective","sollicitus","Matthew","6","25"
"latin","solum","adverb","solum","Matthew","21","21"
"latin","solus","adjective","solus","Matthew","4","4"
"latin","solutio","noun","solutio","I_Corinthians","7","27"
"latin","solvo","verb","solvo","Matthew","5","17"
"latin","somnio","verb","somnio","Acts","2","17"
"latin","somnium","noun","somnium","Acts","2","17"
"latin","somnus","noun","somnus","Matthew","1","20"
"latin","sonitus","noun","sonitus","Luke","21","25"
"latin","sono","verb","sono","I_Corinthians","13","1"
"latin","sonus","noun","sonus","Acts","2","2"
"latin","sordes","noun","sordes","Revelation","22","11"
"latin","sordesco","verb","sordesco","Revelation","22","11"
"latin","soror","noun","soror","Matthew","12","50"
"latin","sors","noun","sors","Matthew","27","35"
"latin","sortior","verb","sortior","John","19","24"
"latin","spargo","verb","spargo","Matthew","12","30"
"latin","spatiosus","adjective","spatiosus","Matthew","7","13"
"latin","spatium","noun","spatium","Mark","6","31"
"latin","species","noun","species","Luke","3","22"
"latin","speciosus","adjective","speciosus","Matthew","23","27"
"latin","spectaculum","noun","spectaculum","Luke","23","48"
"latin","speculator","noun","speculator","Mark","6","27"
"latin","speculor","verb","speculor","II_Corinthians","3","18"
"latin","speculum","noun","speculum","I_Corinthians","13","12"
"latin","spelunca","noun","spelunca","Matthew","21","13"
"latin","sperno","verb","sperno","Luke","7","30"
"latin","spero","verb","spero","Matthew","12","21"
"latin","spes","noun","spes","Acts","2","26"
"latin","spica","noun","spica","Matthew","12","1"
"latin","spicatus","adjective","spicatus","Mark","14","3"
"latin","spina","noun","spina","Matthew","7","16"
"latin","spineus","adjective","spineus","Mark","15","17"
"latin","spiritalis","adjective","spiritalis","Romans","1","11"
"latin","spiritaliter","adverb","spiritaliter","I_Corinthians","2","14"
"latin","spiritus","noun","spiritus","Matthew","1","18"
"latin","spiro","verb","spiro","John","3","8"
"latin","splendeo","verb","splendeo","Mark","9","2"
"latin","splendesco","verb","splendesco","II_Corinthians","4","6"
"latin","splendide","adverb","splendide","Luke","16","19"
"latin","splendidus","adjective","splendidus","Revelation","22","1"
"latin","splendor","noun","splendor","Mark","13","24"
"latin","spolium","noun","spolium","Luke","11","22"
"latin","spondeo","verb","spondeo","Luke","22","6"
"latin","spongia","noun","spongia","Matthew","27","48"
"latin","sponsa","noun","sponsa","Matthew","25","1"
"latin","sponsor","noun","sponsor","Hebrews","7","22"
"latin","sponsus","noun","sponsus","Matthew","9","15"
"latin","sporta","noun","sporta","Matthew","15","37"
"latin","spuma","noun","spuma","Luke","9","39"
"latin","spumo","verb","spumo","Mark","9","17"
"latin","spurcitia","noun","spurcitia","Matthew","23","27"
"latin","sputum","noun","sputum","John","9","6"
"latin","squama","noun","squama","Acts","9","18"
"latin","stabilis","adjective","stabilis","I_Corinthians","15","58"
"latin","stabularius","noun","stabularius","Luke","10","35"
"latin","stabulum","noun","stabulum","Luke","10","34"
"latin","stadium","noun","stadium","Luke","24","13"
"latin","stagnum","noun","stagnum","Luke","5","1"
"latin","stater","noun","stater","Matthew","17","27"
"latin","statera","noun","statera","Revelation","6","5"
"latin","statim","adverb","statim","Matthew","4","22"
"latin","statuo","verb","statuo","Matthew","4","5"
"latin","statura","noun","statura","Matthew","6","27"
"latin","stella","noun","stella","Matthew","2","2"
"latin","stercus","noun","stercus","Luke","13","8"
"latin","sterilis","adjective","sterilis","Luke","1","7"
"latin","sterno","verb","sterno","Matthew","21","8"
"latin","sterquilinium","noun","sterquilinium","Luke","14","35"
"latin","stigma","noun","stigma","Galatians","6","17"
"latin","stimulus","noun","stimulus","Acts","26","14"
"latin","stipendium","noun","stipendium","Luke","3","14"
"latin","stipula","noun","stipula","I_Corinthians","3","12"
"latin","sto","verb","sto","Matthew","2","9"
"latin","stoicus","adjective","stoicus","Acts","17","18"
"latin","stola","noun","stola","Mark","12","38"
"latin","stratum","noun","stratum","Luke","22","12"
"latin","strideo","verb","strideo","Mark","9","17"
"latin","stridor","noun","stridor","Matthew","8","12"
"latin","stringo","verb","stringo","Acts","16","24"
"latin","structura","noun","structura","Mark","13","1"
"latin","studeo","verb","studeo","Acts","24","16"
"latin","stultitia","noun","stultitia","Mark","7","22"
"latin","stultus","adjective","stultus","Matthew","7","26"
"latin","stupefacio","verb","stupefacio","Mark","9","14"
"latin","stupeo","verb","stupeo","Matthew","12","23"
"latin","stupor","noun","stupor","Mark","5","42"
"latin","suadeo","verb","suadeo","Matthew","28","14"
"latin","suavis","adjective","suavis","Matthew","11","30"
"latin","suavitas","noun","suavitas","II_Corinthians","6","6"
"latin","sub","preposition","sub","Matthew","5","15"
"latin","subditus","adjective","subditus","Luke","2","51"
"latin","subdo","verb","subdo","I_Corinthians","14","34"
"latin","subdolus","adjective","subdolus","II_Corinthians","11","13"
"latin","subduco","verb","subduco","Luke","5","11"
"latin","subeo","verb","subeo","John","6","3"
"latin","subicio","verb","subicio","Luke","10","17"
"latin","subiectus","adjective","subiectus","Acts","26","6"
"latin","subintro","verb","subintro","Romans","5","20"
"latin","subintroduco","verb","subintroduco","Galatians","2","4"
"latin","subintroeo","verb","subintroeo","Galatians","2","4"
"latin","subito","adverb","subito","Luke","2","13"
"latin","subiugale","noun","subiugale","Matthew","21","5"
"latin","sublevo","verb","sublevo","John","6","5"
"latin","sublime","adverb","sublime","Luke","12","29"
"latin","sublimitas","noun","sublimitas","I_Corinthians","2","1"
"latin","sublimus","adjective","sublimus","Romans","13","1"
"latin","subministratio","noun","subministratio","Ephesians","4","16"
"latin","subministro","verb","subministro","Colossians","2","19"
"latin","submitto","verb","submitto","Mark","2","4"
"latin","subnavigo","verb","subnavigo","Acts","27","4"
"latin","subsequor","verb","subsequor","Luke","23","55"
"latin","substantia","noun","substantia","Luke","8","43"
"latin","substerno","verb","substerno","Luke","19","36"
"latin","subterfugio","verb","subterfugio","Acts","20","27"
"latin","subtilitas","noun","subtilitas","Colossians","2","4"
"latin","subtraho","verb","subtraho","Acts","20","20"
"latin","subtus","preposition","subtus","Luke","8","16"
"latin","subverto","verb","subverto","Luke","23","2"
"latin","succendo","verb","succendo","Matthew","22","7"
"latin","successor","noun","successor","Acts","24","27"
"latin","succido","verb","succido","Luke","13","7"
"latin","succingo","verb","succingo","John","21","7"
"latin","succlamo","verb","succlamo","Luke","23","21"
"latin","sudarium","noun","sudarium","Luke","19","20"
"latin","sudor","noun","sudor","Luke","22","44"
"latin","suffero","verb","suffero","Luke","9","17"
"latin","sufficientia","noun","sufficientia","II_Corinthians","3","5"
"latin","sufficio","verb","sufficio","Matthew","6","34"
"latin","suffoco","verb","suffoco","Matthew","13","7"
"latin","suffodio","verb","suffodio","Romans","11","3"
"latin","suggero","verb","suggero","John","14","26"
"latin","suggillo","verb","suggillo","Luke","18","5"
"latin","sugo","verb","sugo","Luke","11","27"
"latin","sulphur","noun","sulphur","Luke","17","29"
"latin","sulphureus","adjective","sulphureus","Revelation","9","17"
"latin","sum","verb","sum","Matthew","1","6"
"latin","summa","noun","summa","Acts","22","28"
"latin","summus","adjective","summus","Matthew","24","31"
"latin","sumo","verb","sumo","Matthew","15","26"
"latin","sumptus","noun","sumptus","Luke","14","28"
"latin","super","preposition","super","Matthew","3","16"
"latin","superabundanter","adverb","superabundanter","Ephesians","3","20"
"latin","superabundo","verb","superabundo","Romans","5","20"
"latin","superadultus","adjective","superadultus","I_Corinthians","7","36"
"latin","superaedifico","verb","superaedifico","I_Corinthians","3","10"
"latin","superbia","noun","superbia","Mark","7","22"
"latin","superbus","adjective","superbus","Luke","1","51"
"latin","supercerto","verb","supercerto","Jude","1","3"
"latin","supercilium","noun","supercilium","Luke","4","29"
"latin","supercresco","verb","supercresco","II_Thessalonians","1","3"
"latin","supereffluo","verb","supereffluo","Luke","6","38"
"latin","superemineo","verb","superemineo","Ephesians","1","19"
"latin","supererogo","verb","supererogo","Luke","10","35"
"latin","superextendo","verb","superextendo","II_Corinthians","10","14"
"latin","supergredior","verb","supergredior","I_Thessalonians","4","6"
"latin","superimpendo","verb","superimpendo","II_Corinthians","12","15"
"latin","superinduo","verb","superinduo","II_Corinthians","5","2"
"latin","superlucror","verb","superlucror","Matthew","25","20"
"latin","supernus","adjective","supernus","John","8","23"
"latin","supero","verb","supero","Mark","8","8"
"latin","superordino","verb","superordino","Galatians","3","15"
"latin","superpono","verb","superpono","John","11","38"
"latin","superscriptio","noun","superscriptio","Luke","23","38"
"latin","supersemino","verb","supersemino","Matthew","13","25"
"latin","superstitio","noun","superstitio","Acts","25","19"
"latin","superstitiosus","adjective","superstitiosus","Acts","17","22"
"latin","supersubstantialis","adjective","supersubstantialis","Matthew","6","11"
"latin","supersum","verb","supersum","Matthew","15","37"
"latin","superus","adjective","superus","Luke","14","10"
"latin","supervenio","verb","supervenio","Luke","1","35"
"latin","supervestio","verb","supervestio","II_Corinthians","5","4"
"latin","supplementum","noun","supplementum","Mark","2","21"
"latin","suppleo","verb","suppleo","I_Corinthians","14","16"
"latin","supplicium","noun","supplicium","Matthew","25","46"
"latin","suppono","verb","suppono","Romans","16","4"
"latin","supporto","verb","supporto","II_Corinthians","11","1"
"latin","supra","adverb","supra","Matthew","2","9"
"latin","supra","preposition","supra","Matthew","4","5"
"latin","suprascriptio","noun","suprascriptio","Matthew","22","20"
"latin","surdus","adjective","surdus","Matthew","11","5"
"latin","surgo","verb","surgo","Matthew","2","13"
"latin","sursum","adverb","sursum","Mark","15","38"
"latin","suscipio","verb","suscipio","Matthew","18","5"
"latin","suscito","verb","suscito","Matthew","3","9"
"latin","suspendo","verb","suspendo","Matthew","18","6"
"latin","suspicio","verb","suspicio","Mark","7","34"
"latin","suspicor","verb","suspicor","Acts","25","18"
"latin","sustentatio","noun","sustentatio","Romans","3","26"
"latin","sustinentia","noun","sustinentia","I_Thessalonians","1","3"
"latin","sustineo","verb","sustineo","Matthew","6","24"
"latin","susurratio","noun","susurratio","II_Corinthians","12","20"
"latin","susurro","noun","susurro","Romans","1","29"
"latin","suus","possessive_reflexive_pronoun","suus","Matthew","1","21"
"latin","sycomorus","noun","sycomorus","Luke","19","4"
"latin","symphonia","noun","symphonia","Luke","15","25"
"latin","synagoga","noun","synagoga","Matthew","4","23"
"latin","taberna","noun","taberna","Acts","28","15"
"latin","tabernaculum","noun","tabernaculum","Matthew","8","20"
"latin","tabula","noun","tabula","Acts","27","44"
"latin","taceo","verb","taceo","Matthew","20","31"
"latin","taedet","verb","taedet","Mark","14","33"
"latin","talentum","noun","talentum","Matthew","18","24"
"latin","talis","demonstrative_pronoun","talis","Matthew","9","8"
"latin","talitha","foreign_word","talitha","Mark","5","41"
"latin","tam","adverb","tam","I_Corinthians","14","10"
"latin","tamen","adverb","tamen","Luke","10","11"
"latin","tametsi","subjunction","tametsi","II_Corinthians","12","11"
"latin","tamquam","adverb","tamquam","Matthew","26","55"
"latin","tamquam","relative_adverb","tamquam","Acts","23","15"
"latin","tamquam","subjunction","tamquam","Romans","15","15"
"latin","tandem","adverb","tandem","Romans","1","10"
"latin","tango","verb","tango","Matthew","8","3"
"latin","tantum","adverb","tantum","Matthew","5","47"
"latin","tantus","adjective","tantus","Matthew","8","10"
"latin","tantus","demonstrative_pronoun","tantus","Matthew","15","33"
"latin","tarde","adverb","tarde","Acts","27","7"
"latin","tardo","verb","tardo","Luke","1","21"
"latin","tardus","adjective","tardus","Luke","24","25"
"latin","taurus","noun","taurus","Matthew","22","4"
"latin","tectum","noun","tectum","Matthew","8","8"
"latin","tego","verb","tego","Romans","4","7"
"latin","tegula","noun","tegula","Luke","5","19"
"latin","teloneum","noun","teloneum","Matthew","9","9"
"latin","telum","noun","telum","Ephesians","6","16"
"latin","temere","adverb","temere","Acts","19","36"
"latin","tempero","verb","tempero","I_Corinthians","12","24"
"latin","tempestas","noun","tempestas","Matthew","16","3"
"latin","templum","noun","templum","Matthew","4","5"
"latin","temporalis","adjective","temporalis","Matthew","13","21"
"latin","temptatio","noun","temptatio","Matthew","6","13"
"latin","temptator","noun","temptator","Matthew","4","3"
"latin","tempto","verb","tempto","Matthew","4","1"
"latin","tempus","noun","tempus","Matthew","2","7"
"latin","tendo","verb","tendo","Acts","25","3"
"latin","tenebrae","noun","tenebrae","Matthew","4","16"
"latin","tenebrosus","adjective","tenebrosus","Matthew","6","23"
"latin","teneo","verb","teneo","Matthew","9","25"
"latin","tener","adjective","tener","Matthew","24","32"
"latin","tepidus","adjective","tepidus","Revelation","3","16"
"latin","ter","adverb","ter","Matthew","26","34"
"latin","tergeo","verb","tergeo","Luke","7","38"
"latin","terminus","noun","terminus","Matthew","24","31"
"latin","terni","adjective","terni","John","2","6"
"latin","terra","noun","terra","Matthew","2","6"
"latin","terraemotus","noun","terraemotus","Matthew","24","7"
"latin","terrenus","adjective","terrenus","John","3","12"
"latin","terreo","verb","terreo","Luke","12","4"
"latin","terrestris","adjective","terrestris","I_Corinthians","15","40"
"latin","terror","noun","terror","Luke","21","11"
"latin","tertio","adverb","tertio","Matthew","26","44"
"latin","tertius","ordinal_numeral","tertius","Matthew","16","21"
"latin","testamentum","noun","testamentum","Matthew","26","28"
"latin","testificor","verb","testificor","Matthew","26","62"
"latin","testimentum","noun","testimentum","Romans","9","4"
"latin","testimonium","noun","testimonium","Matthew","8","4"
"latin","testis","noun","testis","Matthew","18","16"
"latin","testor","verb","testor","Luke","16","28"
"latin","tetrarches","noun","tetrarches","Matthew","14","1"
"latin","theatrum","noun","theatrum","Acts","19","29"
"latin","thesaurizo","verb","thesaurizo","Matthew","6","19"
"latin","thesaurus","noun","thesaurus","Matthew","2","11"
"latin","thronus","noun","thronus","Matthew","5","34"
"latin","thyinus","adjective","thyinus","Revelation","18","12"
"latin","tibia","noun","tibia","Luke","7","32"
"latin","tibicen","noun","tibicen","Matthew","9","23"
"latin","timefactus","adjective","timefactus","Acts","24","25"
"latin","timeo","verb","timeo","Matthew","1","20"
"latin","timidus","adjective","timidus","Matthew","8","26"
"latin","timor","noun","timor","Matthew","14","26"
"latin","timoratus","adjective","timoratus","Luke","2","25"
"latin","tinea","noun","tinea","Matthew","6","19"
"latin","tinnio","verb","tinnio","I_Corinthians","13","1"
"latin","titulus","noun","titulus","Mark","15","26"
"latin","tolerabiliter","adverb","tolerabiliter","Matthew","10","15"
"latin","tolerantia","noun","tolerantia","II_Corinthians","1","6"
"latin","tollo","verb","tollo","Matthew","4","6"
"latin","tondeo","verb","tondeo","Acts","8","32"
"latin","tonitruum","noun","tonitruum","Mark","3","17"
"latin","topazius","noun","topazius","Revelation","21","20"
"latin","torcular","noun","torcular","Matthew","21","33"
"latin","tormentum","noun","tormentum","Matthew","4","24"
"latin","torqueo","verb","torqueo","Matthew","8","6"
"latin","torrens","noun","torrens","John","18","1"
"latin","tortor","noun","tortor","Matthew","18","34"
"latin","tot","adverb","tot","Luke","15","29"
"latin","totus","adjective","totus","Matthew","1","22"
"latin","trabs","noun","trabs","Matthew","7","3"
"latin","tracto","verb","tracto","Mark","9","32"
"latin","traditio","noun","traditio","Matthew","15","2"
"latin","traditor","noun","traditor","Mark","14","44"
"latin","trado","verb","trado","Matthew","4","12"
"latin","traduco","verb","traduco","Matthew","1","19"
"latin","traho","verb","traho","Luke","12","58"
"latin","tranquillitas","noun","tranquillitas","Matthew","8","26"
"latin","trans","preposition","trans","Matthew","4","15"
"latin","transcendo","verb","transcendo","Mark","5","21"
"latin","transeo","verb","transeo","Matthew","5","18"
"latin","transfero","verb","transfero","Mark","11","16"
"latin","transfigo","verb","transfigo","John","19","37"
"latin","transfiguro","verb","transfiguro","Matthew","17","2"
"latin","transformo","verb","transformo","II_Corinthians","3","18"
"latin","transfreto","verb","transfreto","Matthew","9","1"
"latin","transgredior","verb","transgredior","Matthew","15","2"
"latin","transgressio","noun","transgressio","Galatians","3","19"
"latin","transigo","verb","transigo","Acts","25","13"
"latin","transitus","noun","transitus","I_Corinthians","16","7"
"latin","transmeo","verb","transmeo","Luke","16","26"
"latin","transmigratio","noun","transmigratio","Matthew","1","11"
"latin","transnavigo","verb","transnavigo","Acts","20","16"
"latin","transplanto","verb","transplanto","Luke","17","6"
"latin","transpono","verb","transpono","Acts","27","6"
"latin","trecenti","cardinal_numeral","trecenti","Mark","14","5"
"latin","tremefacio","verb","tremefacio","Acts","7","32"
"latin","tremo","verb","tremo","Mark","5","33"
"latin","tremor","noun","tremor","Mark","16","8"
"latin","tres","cardinal_numeral","tres","Matthew","12","40"
"latin","tribulatio","noun","tribulatio","Matthew","13","21"
"latin","tribulo","verb","tribulo","II_Corinthians","1","6"
"latin","tribulus","noun","tribulus","Matthew","7","16"
"latin","tribunal","noun","tribunal","Matthew","27","19"
"latin","tribunus","noun","tribunus","Mark","6","21"
"latin","tribuo","verb","tribuo","Luke","6","30"
"latin","tribus","noun","tribus","Matthew","19","28"
"latin","tributum","noun","tributum","Matthew","17","25"
"latin","tricesimus","ordinal_numeral","tricesimus","Matthew","13","8"
"latin","triduum","noun","triduum","Matthew","15","32"
"latin","triennium","noun","triennium","Acts","20","31"
"latin","triginta","cardinal_numeral","triginta","Matthew","13","23"
"latin","tristis","adjective","tristis","Matthew","6","16"
"latin","tristitia","noun","tristitia","Luke","22","45"
"latin","triticum","noun","triticum","Matthew","3","12"
"latin","trituro","verb","trituro","I_Corinthians","9","9"
"latin","triumpho","verb","triumpho","II_Corinthians","2","14"
"latin","tu","personal_pronoun","tu","Matthew","2","6"
"latin","tuba","noun","tuba","Matthew","6","2"
"latin","tumor","noun","tumor","Acts","28","6"
"latin","tumultuor","verb","tumultuor","Matthew","9","23"
"latin","tumultus","noun","tumultus","Matthew","26","5"
"latin","tunc","adverb","tunc","Matthew","2","7"
"latin","tunica","noun","tunica","Matthew","5","40"
"latin","turba","noun","turba","Matthew","4","25"
"latin","turbatio","noun","turbatio","Acts","12","18"
"latin","turbo","verb","turbo","Matthew","2","3"
"latin","turibulum","noun","turibulum","Revelation","8","3"
"latin","turpilucrus","adjective","turpilucrus","Titus","1","7"
"latin","turpis","adjective","turpis","I_Corinthians","7","36"
"latin","turpitudo","noun","turpitudo","Romans","1","27"
"latin","turris","noun","turris","Matthew","21","33"
"latin","turtur","noun","turtur","Luke","2","24"
"latin","tus","noun","tus","Matthew","2","11"
"latin","tutor","noun","tutor","Galatians","4","2"
"latin","tutus","adjective","tutus","Acts","27","9"
"latin","tuus","adjective","tuus","Acts","23","35"
"latin","tuus","possessive_pronoun","tuus","Matthew","1","20"
"latin","typhonicus","adjective","typhonicus","Acts","27","14"
"latin","uber","adjective","uber","Luke","12","16"
"latin","uber","noun","uber","Luke","11","27"
"latin","ubi","interrogative_adverb","ubi","Matthew","2","2"
"latin","ubi","relative_adverb","ubi","Matthew","2","9"
"latin","ubicumque","relative_adverb","ubicumque","Matthew","24","28"
"latin","ubique","adverb","ubique","Mark","16","20"
"latin","ulciscor","verb","ulciscor","II_Corinthians","10","6"
"latin","ulcus","noun","ulcus","Luke","16","20"
"latin","ullus","indefinite_pronoun","ullus","Matthew","27","14"
"latin","ulna","noun","ulna","Luke","2","28"
"latin","ulterius","adverb","ulterius","Romans","15","23"
"latin","ultimus","adjective","ultimus","Acts","1","8"
"latin","ultio","noun","ultio","Luke","21","22"
"latin","ultra","adverb","ultra","Matthew","5","13"
"latin","ultra","preposition","ultra","Mark","10","1"
"latin","ultro","adverb","ultro","Mark","4","28"
"latin","ululatus","noun","ululatus","Matthew","2","18"
"latin","umbra","noun","umbra","Matthew","4","16"
"latin","umerus","noun","umerus","Matthew","23","4"
"latin","umor","noun","umor","Luke","8","6"
"latin","umquam","adverb","umquam","Luke","19","30"
"latin","unde","interrogative_adverb","unde","Matthew","13","27"
"latin","unde","relative_adverb","unde","Matthew","12","44"
"latin","undecim","cardinal_numeral","undecim","Matthew","28","16"
"latin","undecimus","ordinal_numeral","undecimus","Matthew","20","6"
"latin","undique","adverb","undique","Mark","1","45"
"latin","ung(u)o","verb","ungo","Matthew","6","17"
"latin","unguentum","noun","unguentum","Matthew","26","7"
"latin","unianimis","adjective","unianimis","Acts","12","20"
"latin","unianimiter","adverb","unianimiter","Acts","1","14"
"latin","unicus","adjective","unicus","Luke","7","12"
"latin","unigenitus","adjective","unigenitus","John","1","14"
"latin","unitas","noun","unitas","Ephesians","4","3"
"latin","universitas","noun","universitas","James","3","6"
"latin","universus","adjective","universus","Matthew","9","26"
"latin","unoculus","adjective","unoculus","Matthew","18","9"
"latin","unus","cardinal_numeral","unus","Matthew","5","18"
"latin","unusquisque","indefinite_pronoun","unusquisque","Matthew","16","27"
"latin","urbs","noun","urbs","Acts","16","12"
"latin","urceus","noun","urceus","Mark","7","4"
"latin","urgeo","verb","urgeo","II_Corinthians","5","14"
"latin","uro","verb","uro","I_Corinthians","7","9"
"latin","ursus","noun","ursus","Revelation","13","2"
"latin","usque","adverb","usque","Matthew","1","17"
"latin","usquequo","interrogative_adverb","usquequo","Matthew","17","17"
"latin","usura","noun","usura","Matthew","25","27"
"latin","usus","noun","usus","Romans","1","26"
"latin","ut","interrogative_adverb","ut","Acts","7","26"
"latin","ut","relative_adverb","ut","Mark","4","36"
"latin","ut","subjunction","ut","Matthew","1","22"
"latin","ut I","adverb","ut","Matthew","2","15"
"latin","ut II","adverb","ut","Luke","18","11"
"latin","uter","noun","uter","Matthew","9","17"
"latin","uterque","indefinite_pronoun","uterque","Matthew","13","30"
"latin","uterus","noun","uterus","Matthew","1","18"
"latin","utilis","adjective","utilis","Luke","14","35"
"latin","utilitas","noun","utilitas","Romans","3","1"
"latin","utinam","adverb","utinam","I_Corinthians","4","8"
"latin","utique","adverb","utique","Matthew","9","28"
"latin","utor","verb","utor","Acts","27","17"
"latin","utrum","adverb","utrum","John","7","17"
"latin","uva","noun","uva","Matthew","7","16"
"latin","uxor","noun","uxor","Matthew","5","31"
"latin","va","interjection","va","Mark","15","29"
"latin","vaco","verb","vaco","Matthew","12","44"
"latin","vacuum","noun","vacuum","I_Corinthians","16","12"
"latin","vacuus","adjective","vacuus","Mark","12","3"
"latin","vado","verb","vado","Matthew","2","20"
"latin","vae","interjection","vae","Matthew","11","21"
"latin","vagina","noun","vagina","John","18","11"
"latin","valde","adverb","valde","Matthew","2","10"
"latin","valedico","verb","valedico","Acts","20","1"
"latin","valefacio","verb","valefacio","Acts","18","18"
"latin","valeo","verb","valeo","Matthew","5","13"
"latin","valide","adverb","valide","Acts","27","18"
"latin","validus","adjective","validus","Matthew","14","30"
"latin","valles","noun","valles","Luke","3","5"
"latin","vallum","noun","vallum","Luke","19","43"
"latin","vaniloquus","adjective","vaniloquus","Titus","1","10"
"latin","vanitas","noun","vanitas","Romans","8","20"
"latin","vanus","adjective","vanus","Mark","7","7"
"latin","vapor","noun","vapor","Acts","2","19"
"latin","vapulo","verb","vapulo","Mark","13","9"
"latin","varius","adjective","varius","Matthew","4","24"
"latin","vas","noun","vas","Matthew","12","29"
"latin","ve","conjunction","ve","Romans","12","6"
"latin","vectigal","noun","vectigal","Romans","13","7"
"latin","vehemens","adjective","vehemens","Acts","2","2"
"latin","vehementer","adverb","vehementer","Matthew","17","23"
"latin","vel","conjunction","vel","Matthew","10","14"
"latin","velamen","noun","velamen","I_Corinthians","11","15"
"latin","vello","verb","vello","Matthew","12","1"
"latin","velo","verb","velo","Mark","14","65"
"latin","velociter","adverb","velociter","Acts","12","7"
"latin","velox","adjective","velox","Romans","3","15"
"latin","velum","noun","velum","Matthew","27","51"
"latin","velut","adverb","velut","Matthew","28","4"
"latin","vendo","verb","vendo","Matthew","13","44"
"latin","veneficium","noun","veneficium","Galatians","5","20"
"latin","veneficus","adjective","veneficus","Revelation","21","8"
"latin","venenum","noun","venenum","Romans","3","13"
"latin","veneo","verb","veneo","Matthew","10","29"
"latin","venio","verb","venio","Matthew","2","1"
"latin","venter","noun","venter","Matthew","12","40"
"latin","ventilabrum","noun","ventilabrum","Matthew","3","12"
"latin","ventus","noun","ventus","Matthew","7","25"
"latin","verax","adjective","verax","Matthew","22","16"
"latin","verbero","verb","verbero","I_Corinthians","9","26"
"latin","verbum","noun","verbum","Matthew","4","4"
"latin","vere","adverb","vere","Matthew","14","33"
"latin","verecundia","noun","verecundia","I_Corinthians","6","5"
"latin","vereor","verb","vereor","Matthew","21","37"
"latin","veritas","noun","veritas","Matthew","22","16"
"latin","vermis","noun","vermis","Mark","9","43"
"latin","vero","adverb","vero","Matthew","8","24"
"latin","versutia","noun","versutia","Mark","12","15"
"latin","verto","verb","verto","Mark","3","21"
"latin","verum","adverb","verum","Philippians","2","27"
"latin","verum","noun","verum","Revelation","19","2"
"latin","verumtamen","adverb","verumtamen","Matthew","11","22"
"latin","verus","adjective","verus","Luke","16","11"
"latin","vesper","noun","vesper","Matthew","8","16"
"latin","vespera","noun","vespera","Mark","11","11"
"latin","vester","possessive_pronoun","vester","Matthew","5","12"
"latin","vestigium","noun","vestigium","Romans","4","12"
"latin","vestimentum","noun","vestimentum","Matthew","3","4"
"latin","vestio","verb","vestio","Matthew","6","30"
"latin","vestis","noun","vestis","Matthew","22","11"
"latin","vestitus","noun","vestitus","Luke","9","29"
"latin","veteresco","verb","veteresco","Luke","12","33"
"latin","veto","verb","veto","Luke","18","16"
"latin","vetus","adjective","vetus","Matthew","9","16"
"latin","vetustas","noun","vetustas","Romans","7","6"
"latin","vexo","verb","vexo","Matthew","9","36"
"latin","via","noun","via","Matthew","2","12"
"latin","vicie(n)s","adverb","vicies","Revelation","9","16"
"latin","vicina","noun","vicina","Luke","15","9"
"latin","vicinus","adjective","vicinus","Acts","5","16"
"latin","vicinus","noun","vicinus","Luke","1","58"
"latin","vicis","noun","vicis","Luke","1","5"
"latin","victima","noun","victima","Mark","9","48"
"latin","victoria","noun","victoria","Matthew","12","20"
"latin","victus","noun","victus","Mark","12","44"
"latin","vicus","noun","vicus","Matthew","6","2"
"latin","video","verb","video","Matthew","2","2"
"latin","vidua","noun","vidua","Mark","12","40"
"latin","vigilia","noun","vigilia","Matthew","14","25"
"latin","vigilo","verb","vigilo","Matthew","24","42"
"latin","viginti","cardinal_numeral","viginti","Luke","14","31"
"latin","viginti quattuor","cardinal_numeral","viginti quattuor","Revelation","4","4"
"latin","viginti quinque","cardinal_numeral","viginti quinque","John","6","19"
"latin","vilicatio","noun","vilicatio","Luke","16","2"
"latin","vilico","verb","vilico","Luke","16","2"
"latin","vilicus","noun","vilicus","Luke","16","1"
"latin","villa","noun","villa","Matthew","22","5"
"latin","vincio","verb","vincio","Matthew","27","2"
"latin","vinco","verb","vinco","Luke","11","22"
"latin","vinctus","noun","vinctus","Ephesians","3","1"
"latin","vinculum","noun","vinculum","Matthew","11","2"
"latin","vindemio","verb","vindemio","Luke","6","44"
"latin","vindex","noun","vindex","Romans","13","4"
"latin","vindico","verb","vindico","Luke","18","3"
"latin","vindicta","noun","vindicta","Luke","18","7"
"latin","vinea","noun","vinea","Matthew","20","1"
"latin","vinolentus","adjective","vinolentus","Titus","1","7"
"latin","vinum","noun","vinum","Matthew","9","17"
"latin","violentus","adjective","violentus","Matthew","11","12"
"latin","violo","verb","violo","Matthew","12","5"
"latin","vipera","noun","vipera","Matthew","3","7"
"latin","vir","noun","vir","Matthew","1","16"
"latin","virga","noun","virga","Matthew","10","10"
"latin","virginitas","noun","virginitas","Luke","2","36"
"latin","virgo","noun","virgo","Matthew","1","23"
"latin","viridis","adjective","viridis","Mark","6","39"
"latin","viriliter","adverb","viriliter","I_Corinthians","16","13"
"latin","virtus","noun","virtus","Matthew","7","22"
"latin","virus","noun","virus","Acts","5","36"
"latin","vis","noun","vis","Matthew","11","12"
"latin","viscera","noun","viscera","Luke","1","78"
"latin","visibilis","adjective","visibilis","Colossians","1","16"
"latin","visio","noun","visio","Matthew","17","9"
"latin","visitatio","noun","visitatio","Luke","19","44"
"latin","visito","verb","visito","Matthew","25","36"
"latin","viso","verb","viso","Luke","9","31"
"latin","visum","noun","visum","Acts","12","9"
"latin","visus","noun","visus","Matthew","27","19"
"latin","vita","noun","vita","Matthew","7","14"
"latin","vitis","noun","vitis","Matthew","26","29"
"latin","vitium","noun","vitium","Galatians","5","24"
"latin","vitreus","adjective","vitreus","Revelation","4","6"
"latin","vitrum","noun","vitrum","Revelation","21","18"
"latin","vitulus","noun","vitulus","Luke","15","23"
"latin","vitupero","verb","vitupero","Mark","7","2"
"latin","vivifico","verb","vivifico","Luke","17","33"
"latin","vivo","verb","vivo","Matthew","4","4"
"latin","vivus","adjective","vivus","Matthew","16","16"
"latin","vix","adverb","vix","Luke","9","39"
"latin","vocatio","noun","vocatio","Romans","11","29"
"latin","vociferor","verb","vociferor","Acts","22","23"
"latin","voco","verb","voco","Matthew","1","16"
"latin","volatile","noun","volatile","Matthew","6","26"
"latin","volo I","verb","volo","Matthew","1","19"
"latin","volo II","verb","volo","Revelation","4","7"
"latin","volucris","noun","volucris","Matthew","8","20"
"latin","voluntarius","adjective","voluntarius","II_Corinthians","8","3"
"latin","voluntas","noun","voluntas","Matthew","6","10"
"latin","voluptas","noun","voluptas","Luke","8","14"
"latin","voluto","verb","voluto","Mark","9","19"
"latin","volvo","verb","volvo","John","15","7"
"latin","vorax","adjective","vorax","Matthew","11","19"
"latin","vos","personal_pronoun","vos","Matthew","3","7"
"latin","votum","noun","votum","Acts","18","18"
"latin","vox","noun","vox","Matthew","2","18"
"latin","vulgus","noun","vulgus","Acts","17","5"
"latin","vulnero","verb","vulnero","Mark","12","4"
"latin","vulnus","noun","vulnus","Luke","10","34"
"latin","vulpes","noun","vulpes","Matthew","8","20"
"latin","vultus","noun","vultus","Luke","9","29"
"latin","vulva","noun","vulva","Luke","2","23"
"latin","zelo","verb","zelo","Acts","17","5"
"latin","zelus","noun","zelus","John","2","17"
"latin","zizania","noun","zizania","Matthew","13","25"
"latin","zmaragdus","noun","zmaragdus","Revelation","21","19"
"latin","zona","noun","zona","Matthew","3","4"
